entity_dir,track,member,intercept,slope,member_oof_auc
Procambarus_clarkii_alien,local_only,glm,0.0149,0.91,0.8217
Procambarus_clarkii_alien,local_only,gam,-0.087,0.9897,0.8457
Procambarus_clarkii_alien,local_only,random_forest,-0.0014,1.3806,0.9069
Procambarus_clarkii_alien,local_only,xgboost,0.1135,0.8313,0.9083
Procambarus_clarkii_alien,upstream_only,glm,0.0104,0.9641,0.6913
Procambarus_clarkii_alien,upstream_only,gam,-0.0303,0.8402,0.7068
Procambarus_clarkii_alien,upstream_only,random_forest,0.0189,1.3664,0.8266
Procambarus_clarkii_alien,upstream_only,xgboost,0.0719,0.7806,0.8255
Procambarus_clarkii_alien,combined,glm,0.007,0.9696,0.7663
Procambarus_clarkii_alien,combined,gam,-0.0593,0.8747,0.7781
Procambarus_clarkii_alien,combined,random_forest,0.0027,1.3685,0.9072
Procambarus_clarkii_alien,combined,xgboost,0.1189,0.8391,0.9082
Pacifastacus_leniusculus_alien,local_only,glm,-0.0424,0.9408,0.698
Pacifastacus_leniusculus_alien,local_only,gam,0.0893,0.5247,0.7718
Pacifastacus_leniusculus_alien,local_only,random_forest,-0.2006,1.6961,0.8792
Pacifastacus_leniusculus_alien,local_only,xgboost,0.0603,0.7601,0.8867
Pacifastacus_leniusculus_alien,upstream_only,glm,-0.065,0.5293,0.6537
Pacifastacus_leniusculus_alien,upstream_only,gam,-0.0986,0.4093,0.6731
Pacifastacus_leniusculus_alien,upstream_only,random_forest,0.0052,1.5277,0.8145
Pacifastacus_leniusculus_alien,upstream_only,xgboost,-0.0844,0.6997,0.8239
Pacifastacus_leniusculus_alien,combined,glm,-0.0417,0.4439,0.7318
Pacifastacus_leniusculus_alien,combined,gam,-0.0916,0.5035,0.7812
Pacifastacus_leniusculus_alien,combined,random_forest,-0.1976,1.6967,0.8829
Pacifastacus_leniusculus_alien,combined,xgboost,0.1184,0.7613,0.891
Faxonius_limosus_alien,local_only,glm,0.0259,0.8134,0.6981
Faxonius_limosus_alien,local_only,gam,0.008,0.8421,0.7154
Faxonius_limosus_alien,local_only,random_forest,0.0315,1.2401,0.7957
Faxonius_limosus_alien,local_only,xgboost,0.1115,0.5915,0.7886
Faxonius_limosus_alien,upstream_only,glm,0.0182,0.7486,0.6131
Faxonius_limosus_alien,upstream_only,gam,-0.015,0.3554,0.6411
Faxonius_limosus_alien,upstream_only,random_forest,0.0857,1.2022,0.7373
Faxonius_limosus_alien,upstream_only,xgboost,0.0222,0.5828,0.7338
Faxonius_limosus_alien,combined,glm,-0.0952,0.7358,0.6486
Faxonius_limosus_alien,combined,gam,0.1492,0.1897,0.6834
Faxonius_limosus_alien,combined,random_forest,0.0302,1.2795,0.8015
Faxonius_limosus_alien,combined,xgboost,0.0981,0.5837,0.785
Astacus_astacus,local_only,glm,0.0289,0.843,0.7505
Astacus_astacus,local_only,gam,0.1395,0.7713,0.7713
Astacus_astacus,local_only,random_forest,0.0691,1.1944,0.8409
Astacus_astacus,local_only,xgboost,0.2004,0.4188,0.829
Astacus_astacus,upstream_only,glm,0.0156,0.7095,0.7219
Astacus_astacus,upstream_only,gam,0.0312,0.71,0.7569
Astacus_astacus,upstream_only,random_forest,0.1572,1.0347,0.7405
Astacus_astacus,upstream_only,xgboost,0.1002,0.3499,0.7257
Astacus_astacus,combined,glm,0.0359,0.8718,0.7591
Astacus_astacus,combined,gam,0.1269,0.8063,0.7778
Astacus_astacus,combined,random_forest,0.092,1.2005,0.8421
Astacus_astacus,combined,xgboost,0.1878,0.43,0.8284
Procambarus_clarkii_native,local_only,glm,0.1294,0.8936,0.6635
Procambarus_clarkii_native,local_only,gam,-0.2878,0.9014,0.7318
Procambarus_clarkii_native,local_only,random_forest,-0.3017,1.4356,0.871
Procambarus_clarkii_native,local_only,xgboost,-0.0224,0.6029,0.88
Procambarus_clarkii_native,upstream_only,glm,0.0461,1.0421,0.6975
Procambarus_clarkii_native,upstream_only,gam,-0.1722,0.3718,0.7041
Procambarus_clarkii_native,upstream_only,random_forest,-0.0479,1.5331,0.7869
Procambarus_clarkii_native,upstream_only,xgboost,0.0437,0.5367,0.7824
Procambarus_clarkii_native,combined,glm,0.0072,0.7218,0.6504
Procambarus_clarkii_native,combined,gam,-0.4471,0.9024,0.735
Procambarus_clarkii_native,combined,random_forest,-0.2355,1.439,0.8718
Procambarus_clarkii_native,combined,xgboost,0.0043,0.5986,0.8741
Pontastacus_leptodactylus_pooled,local_only,glm,0.0292,0.827,0.6831
Pontastacus_leptodactylus_pooled,local_only,gam,-0.0308,0.5905,0.6917
Pontastacus_leptodactylus_pooled,local_only,random_forest,-0.0313,1.3328,0.804
Pontastacus_leptodactylus_pooled,local_only,xgboost,-0.0406,0.5884,0.8092
Pontastacus_leptodactylus_pooled,upstream_only,glm,0.0262,0.9519,0.6468
Pontastacus_leptodactylus_pooled,upstream_only,gam,-0.0219,0.6082,0.6342
Pontastacus_leptodactylus_pooled,upstream_only,random_forest,0.0061,1.3805,0.7452
Pontastacus_leptodactylus_pooled,upstream_only,xgboost,0.0108,0.5672,0.7494
Pontastacus_leptodactylus_pooled,combined,glm,0.0277,0.8825,0.6953
Pontastacus_leptodactylus_pooled,combined,gam,-0.0366,0.6907,0.6849
Pontastacus_leptodactylus_pooled,combined,random_forest,-0.0517,1.3696,0.8088
Pontastacus_leptodactylus_pooled,combined,xgboost,-0.0527,0.6022,0.8196
Austropotamobius_torrentium_pooled,local_only,glm,0.0464,0.8015,0.777
Austropotamobius_torrentium_pooled,local_only,gam,0.1201,0.4058,0.801
Austropotamobius_torrentium_pooled,local_only,random_forest,0.1981,1.1495,0.856
Austropotamobius_torrentium_pooled,local_only,xgboost,-0.0412,0.4097,0.8669
Austropotamobius_torrentium_pooled,upstream_only,glm,0.0289,0.0202,0.6026
Austropotamobius_torrentium_pooled,upstream_only,gam,-0.0391,-0.0379,0.6268
Austropotamobius_torrentium_pooled,upstream_only,random_forest,0.4392,0.912,0.739
Austropotamobius_torrentium_pooled,upstream_only,xgboost,0.1202,0.3876,0.7459
Austropotamobius_torrentium_pooled,combined,glm,0.0198,0.6419,0.7919
Austropotamobius_torrentium_pooled,combined,gam,0.1024,0.3334,0.8114
Austropotamobius_torrentium_pooled,combined,random_forest,0.2873,1.1797,0.858
Austropotamobius_torrentium_pooled,combined,xgboost,0.0161,0.4151,0.8574
Austropotamobius_fulcisianus_pooled,local_only,glm,-0.0735,0.2971,0.6673
Austropotamobius_fulcisianus_pooled,local_only,gam,-0.1893,0.5309,0.7069
Austropotamobius_fulcisianus_pooled,local_only,random_forest,-0.6227,1.848,0.8505
Austropotamobius_fulcisianus_pooled,local_only,xgboost,-0.6388,0.6235,0.8442
Austropotamobius_fulcisianus_pooled,upstream_only,glm,-0.0203,0.1208,0.6055
Austropotamobius_fulcisianus_pooled,upstream_only,gam,0.0907,0.109,0.6355
Austropotamobius_fulcisianus_pooled,upstream_only,random_forest,-0.1816,1.3152,0.7115
Austropotamobius_fulcisianus_pooled,upstream_only,xgboost,-0.1181,0.388,0.6895
Austropotamobius_fulcisianus_pooled,combined,glm,0.1105,0.8856,0.7732
Austropotamobius_fulcisianus_pooled,combined,gam,0.0376,0.7357,0.7601
Austropotamobius_fulcisianus_pooled,combined,random_forest,-0.5875,1.9378,0.8563
Austropotamobius_fulcisianus_pooled,combined,xgboost,-0.5597,0.6242,0.842
