method,entity_dir,track,level,coverage_pct,coverage_minmax,width_pct,width_minmax,mean_abs_div,auc
uncalibrated,Procambarus_clarkii_alien,local_only,3,0.99246,0.99312,0.21523,0.22359,0.00828,0.8931
uncalibrated,Procambarus_clarkii_alien,local_only,10,0.9775,0.97953,0.21273,0.22105,0.01324,0.8804
uncalibrated,Procambarus_clarkii_alien,local_only,20,0.95094,0.95444,0.21223,0.22073,0.02039,0.8901
uncalibrated,Procambarus_clarkii_alien,upstream_only,3,0.99644,0.99673,0.19954,0.20504,0.00527,0.809
uncalibrated,Procambarus_clarkii_alien,upstream_only,10,0.99215,0.99265,0.19942,0.20496,0.00903,0.7962
uncalibrated,Procambarus_clarkii_alien,upstream_only,20,0.98448,0.98529,0.20144,0.2072,0.01459,0.8064
uncalibrated,Procambarus_clarkii_alien,combined,3,0.99378,0.99426,0.29614,0.30529,0.00829,0.891
uncalibrated,Procambarus_clarkii_alien,combined,10,0.98191,0.98311,0.29639,0.3055,0.01369,0.8719
uncalibrated,Procambarus_clarkii_alien,combined,20,0.96126,0.96347,0.30114,0.31038,0.0216,0.8828
uncalibrated,Pacifastacus_leniusculus_alien,local_only,3,0.97375,0.97573,0.29283,0.30663,0.01771,0.8681
uncalibrated,Pacifastacus_leniusculus_alien,local_only,10,0.90854,0.91295,0.30042,0.31499,0.04118,0.8422
uncalibrated,Pacifastacus_leniusculus_alien,local_only,20,0.86381,0.87006,0.31091,0.32645,0.06286,0.8158
uncalibrated,Pacifastacus_leniusculus_alien,upstream_only,3,0.99426,0.99479,0.24708,0.25505,0.01003,0.7942
uncalibrated,Pacifastacus_leniusculus_alien,upstream_only,10,0.62792,0.62894,0.238,0.24567,0.02395,0.7791
uncalibrated,Pacifastacus_leniusculus_alien,upstream_only,20,0.61187,0.61361,0.23095,0.23829,0.03973,0.758
uncalibrated,Pacifastacus_leniusculus_alien,combined,3,0.96967,0.97183,0.25516,0.26607,0.01685,0.8651
uncalibrated,Pacifastacus_leniusculus_alien,combined,10,0.9043,0.90886,0.26159,0.2731,0.03834,0.8388
uncalibrated,Pacifastacus_leniusculus_alien,combined,20,0.85879,0.86389,0.27416,0.28664,0.06035,0.8168
uncalibrated,Faxonius_limosus_alien,local_only,3,0.97407,0.97611,0.308,0.3196,0.01906,0.7866
uncalibrated,Faxonius_limosus_alien,local_only,10,0.90754,0.91133,0.29591,0.30698,0.03602,0.7692
uncalibrated,Faxonius_limosus_alien,local_only,20,0.84206,0.84974,0.2926,0.3034,0.05518,0.7479
uncalibrated,Faxonius_limosus_alien,upstream_only,3,0.98255,0.98404,0.22489,0.23279,0.01571,0.7334
uncalibrated,Faxonius_limosus_alien,upstream_only,10,0.54583,0.54703,0.21842,0.22598,0.0268,0.7065
uncalibrated,Faxonius_limosus_alien,upstream_only,20,0.51396,0.51706,0.20654,0.21349,0.04474,0.6888
uncalibrated,Faxonius_limosus_alien,combined,3,0.97432,0.97626,0.31245,0.32507,0.02063,0.785
uncalibrated,Faxonius_limosus_alien,combined,10,0.90904,0.91367,0.30838,0.32088,0.03786,0.7565
uncalibrated,Faxonius_limosus_alien,combined,20,0.83463,0.84221,0.31106,0.32365,0.05983,0.7447
uncalibrated,Astacus_astacus,local_only,3,0.9748,0.97665,0.28509,0.29682,0.0211,0.7964
uncalibrated,Astacus_astacus,local_only,10,0.83807,0.84844,0.28037,0.29204,0.05014,0.8104
uncalibrated,Astacus_astacus,local_only,20,0.71707,0.73026,0.28459,0.29634,0.0852,0.7068
uncalibrated,Astacus_astacus,upstream_only,3,0.99629,0.9967,0.19571,0.20472,0.0132,0.742
uncalibrated,Astacus_astacus,upstream_only,10,0.54738,0.55109,0.19193,0.20066,0.03223,0.7472
uncalibrated,Astacus_astacus,upstream_only,20,0.49526,0.50089,0.19175,0.20032,0.05606,0.6861
uncalibrated,Astacus_astacus,combined,3,0.96697,0.9691,0.27682,0.28816,0.02179,0.7981
uncalibrated,Astacus_astacus,combined,10,0.82097,0.83162,0.27529,0.28673,0.05189,0.8062
uncalibrated,Astacus_astacus,combined,20,0.69345,0.70856,0.28007,0.29162,0.08781,0.7209
uncalibrated,Procambarus_clarkii_native,local_only,3,0.9986,0.99865,0.26587,0.28083,0.00561,0.6758
uncalibrated,Procambarus_clarkii_native,local_only,10,0.99524,0.9956,0.2717,0.287,0.00972,0.7119
uncalibrated,Procambarus_clarkii_native,local_only,20,0.99105,0.99182,0.28135,0.29725,0.01378,0.8048
uncalibrated,Procambarus_clarkii_native,upstream_only,3,0.99896,0.99902,0.1659,0.17198,0.00343,0.6713
uncalibrated,Procambarus_clarkii_native,upstream_only,10,0.99612,0.99658,0.16673,0.17293,0.00574,0.6994
uncalibrated,Procambarus_clarkii_native,upstream_only,20,0.99488,0.99601,0.16727,0.1734,0.00697,0.8032
uncalibrated,Procambarus_clarkii_native,combined,3,0.99876,0.99881,0.3336,0.35332,0.0051,0.6819
uncalibrated,Procambarus_clarkii_native,combined,10,0.99534,0.99586,0.33656,0.3564,0.00899,0.7019
uncalibrated,Procambarus_clarkii_native,combined,20,0.99161,0.99213,0.34282,0.36304,0.0126,0.7937
uncalibrated,Pontastacus_leptodactylus_pooled,local_only,3,0.9891,0.99011,0.3122,0.32488,0.01319,0.7974
uncalibrated,Pontastacus_leptodactylus_pooled,local_only,10,0.9613,0.96465,0.30203,0.31435,0.02343,0.8033
uncalibrated,Pontastacus_leptodactylus_pooled,local_only,20,0.92338,0.92866,0.29652,0.30872,0.03496,0.7862
uncalibrated,Pontastacus_leptodactylus_pooled,upstream_only,3,0.9949,0.99534,0.20571,0.21461,0.00821,0.7265
uncalibrated,Pontastacus_leptodactylus_pooled,upstream_only,10,0.9844,0.98557,0.20016,0.20851,0.01573,0.7332
uncalibrated,Pontastacus_leptodactylus_pooled,upstream_only,20,0.57978,0.58183,0.20024,0.20858,0.02258,0.7222
uncalibrated,Pontastacus_leptodactylus_pooled,combined,3,0.98823,0.98924,0.31211,0.32444,0.01361,0.8019
uncalibrated,Pontastacus_leptodactylus_pooled,combined,10,0.96309,0.96566,0.30283,0.31501,0.0236,0.8037
uncalibrated,Pontastacus_leptodactylus_pooled,combined,20,0.91732,0.92221,0.29678,0.30885,0.03535,0.7878
uncalibrated,Austropotamobius_torrentium_pooled,local_only,3,0.984,0.98484,0.35892,0.37213,0.01825,0.8472
uncalibrated,Austropotamobius_torrentium_pooled,local_only,10,0.92268,0.92697,0.35313,0.36644,0.03911,0.7816
uncalibrated,Austropotamobius_torrentium_pooled,local_only,20,0.85049,0.85596,0.35775,0.37087,0.06465,0.7586
uncalibrated,Austropotamobius_torrentium_pooled,upstream_only,3,0.99444,0.99486,0.27974,0.29022,0.0099,0.7376
uncalibrated,Austropotamobius_torrentium_pooled,upstream_only,10,0.97583,0.97776,0.26762,0.27774,0.02364,0.7068
uncalibrated,Austropotamobius_torrentium_pooled,upstream_only,20,0.52005,0.52198,0.25278,0.26224,0.04308,0.6922
uncalibrated,Austropotamobius_torrentium_pooled,combined,3,0.98408,0.98526,0.34901,0.36207,0.01494,0.8599
uncalibrated,Austropotamobius_torrentium_pooled,combined,10,0.92621,0.93009,0.34193,0.35492,0.03571,0.7838
uncalibrated,Austropotamobius_torrentium_pooled,combined,20,0.85184,0.85714,0.34323,0.35606,0.05939,0.7703
uncalibrated,Austropotamobius_fulcisianus_pooled,local_only,3,0.99558,0.99629,0.31889,0.33428,0.01437,0.7904
uncalibrated,Austropotamobius_fulcisianus_pooled,local_only,10,0.98786,0.98983,0.32959,0.34545,0.02708,0.7767
uncalibrated,Austropotamobius_fulcisianus_pooled,local_only,20,0.97059,0.97374,0.33241,0.34822,0.03708,0.7683
uncalibrated,Austropotamobius_fulcisianus_pooled,upstream_only,3,0.99716,0.99756,0.20046,0.20762,0.00587,0.6496
uncalibrated,Austropotamobius_fulcisianus_pooled,upstream_only,10,0.98462,0.98565,0.19959,0.20685,0.01147,0.6802
uncalibrated,Austropotamobius_fulcisianus_pooled,upstream_only,20,0.97579,0.97689,0.19877,0.20619,0.01649,0.6751
uncalibrated,Austropotamobius_fulcisianus_pooled,combined,3,0.99748,0.99771,0.25502,0.26616,0.00849,0.7968
uncalibrated,Austropotamobius_fulcisianus_pooled,combined,10,0.98872,0.99006,0.26824,0.28033,0.02318,0.8157
uncalibrated,Austropotamobius_fulcisianus_pooled,combined,20,0.97177,0.97461,0.26933,0.28143,0.03193,0.772
platt,Procambarus_clarkii_alien,local_only,3,0.99302,0.99374,0.22207,0.23115,0.00819,0.8934
platt,Procambarus_clarkii_alien,local_only,10,0.97593,0.97804,0.22025,0.2294,0.01328,0.8808
platt,Procambarus_clarkii_alien,local_only,20,0.9509,0.95417,0.22011,0.22944,0.02048,0.8907
platt,Procambarus_clarkii_alien,upstream_only,3,0.99669,0.99677,0.19965,0.20577,0.00522,0.8126
platt,Procambarus_clarkii_alien,upstream_only,10,0.99236,0.99294,0.19897,0.20507,0.00903,0.8004
platt,Procambarus_clarkii_alien,upstream_only,20,0.98457,0.98552,0.20102,0.2074,0.01469,0.8104
platt,Procambarus_clarkii_alien,combined,3,0.99451,0.99509,0.30041,0.30935,0.00821,0.8928
platt,Procambarus_clarkii_alien,combined,10,0.9826,0.98405,0.30119,0.31014,0.01376,0.8742
platt,Procambarus_clarkii_alien,combined,20,0.96376,0.96619,0.30682,0.31598,0.02178,0.885
platt,Pacifastacus_leniusculus_alien,local_only,3,0.96817,0.97121,0.31312,0.32391,0.01916,0.8722
platt,Pacifastacus_leniusculus_alien,local_only,10,0.90873,0.91412,0.32154,0.333,0.04268,0.8457
platt,Pacifastacus_leniusculus_alien,local_only,20,0.85957,0.86563,0.32711,0.33877,0.06351,0.8185
platt,Pacifastacus_leniusculus_alien,upstream_only,3,0.99455,0.99477,0.26953,0.27614,0.00874,0.8102
platt,Pacifastacus_leniusculus_alien,upstream_only,10,0.97784,0.97898,0.2549,0.2609,0.02057,0.7939
platt,Pacifastacus_leniusculus_alien,upstream_only,20,0.61107,0.61313,0.24129,0.24665,0.03371,0.7687
platt,Pacifastacus_leniusculus_alien,combined,3,0.97717,0.97858,0.30882,0.31887,0.01581,0.8766
platt,Pacifastacus_leniusculus_alien,combined,10,0.92243,0.92627,0.31087,0.32144,0.03438,0.8496
platt,Pacifastacus_leniusculus_alien,combined,20,0.87794,0.88192,0.31978,0.33102,0.05303,0.8273
platt,Faxonius_limosus_alien,local_only,3,0.96993,0.97242,0.28282,0.29353,0.01834,0.7873
platt,Faxonius_limosus_alien,local_only,10,0.90639,0.91093,0.27462,0.28527,0.03405,0.7689
platt,Faxonius_limosus_alien,local_only,20,0.83333,0.84146,0.27133,0.28177,0.05201,0.7483
platt,Faxonius_limosus_alien,upstream_only,3,0.98274,0.98339,0.20925,0.21615,0.0118,0.739
platt,Faxonius_limosus_alien,upstream_only,10,0.96913,0.97023,0.20162,0.20818,0.02063,0.7108
platt,Faxonius_limosus_alien,upstream_only,20,0.51676,0.51945,0.18959,0.19565,0.03484,0.695
platt,Faxonius_limosus_alien,combined,3,0.97611,0.97721,0.31813,0.33099,0.02041,0.7972
platt,Faxonius_limosus_alien,combined,10,0.91986,0.92365,0.31405,0.32692,0.03516,0.7712
platt,Faxonius_limosus_alien,combined,20,0.85134,0.85857,0.31296,0.32561,0.0532,0.7532
platt,Astacus_astacus,local_only,3,0.96862,0.97102,0.26402,0.27588,0.02383,0.7998
platt,Astacus_astacus,local_only,10,0.81843,0.82949,0.25902,0.27115,0.05501,0.808
platt,Astacus_astacus,local_only,20,0.68638,0.701,0.25764,0.26968,0.0875,0.7078
platt,Astacus_astacus,upstream_only,3,0.99712,0.99725,0.18096,0.1893,0.01154,0.7476
platt,Astacus_astacus,upstream_only,10,0.54038,0.54361,0.17076,0.1787,0.02799,0.7471
platt,Astacus_astacus,upstream_only,20,0.48194,0.48826,0.16437,0.17222,0.0472,0.6894
platt,Astacus_astacus,combined,3,0.96477,0.96786,0.25646,0.26804,0.02451,0.8016
platt,Astacus_astacus,combined,10,0.7979,0.81067,0.25286,0.26465,0.05654,0.8057
platt,Astacus_astacus,combined,20,0.66625,0.6802,0.2541,0.26593,0.09039,0.7224
platt,Procambarus_clarkii_native,local_only,3,0.9985,0.99881,0.27566,0.29161,0.00522,0.6784
platt,Procambarus_clarkii_native,local_only,10,0.99363,0.99431,0.28127,0.29752,0.00918,0.7129
platt,Procambarus_clarkii_native,local_only,20,0.9881,0.98898,0.29143,0.30825,0.01309,0.807
platt,Procambarus_clarkii_native,upstream_only,3,0.99959,0.99959,0.22631,0.23563,0.00327,0.6586
platt,Procambarus_clarkii_native,upstream_only,10,0.99788,0.99814,0.22617,0.23546,0.00549,0.6868
platt,Procambarus_clarkii_native,upstream_only,20,0.99658,0.99674,0.2282,0.23764,0.00657,0.8059
platt,Procambarus_clarkii_native,combined,3,0.99871,0.99881,0.33392,0.3549,0.00459,0.6798
platt,Procambarus_clarkii_native,combined,10,0.99581,0.99601,0.3362,0.35724,0.0081,0.7011
platt,Procambarus_clarkii_native,combined,20,0.99042,0.9913,0.34232,0.36369,0.01129,0.8001
platt,Pontastacus_leptodactylus_pooled,local_only,3,0.9922,0.99285,0.2859,0.29452,0.01196,0.8015
platt,Pontastacus_leptodactylus_pooled,local_only,10,0.96343,0.96609,0.27611,0.28473,0.02186,0.8073
platt,Pontastacus_leptodactylus_pooled,local_only,20,0.9175,0.92316,0.26903,0.27744,0.03224,0.7878
platt,Pontastacus_leptodactylus_pooled,upstream_only,3,0.99412,0.99468,0.18691,0.19313,0.00753,0.7324
platt,Pontastacus_leptodactylus_pooled,upstream_only,10,0.98204,0.98335,0.18261,0.18903,0.01432,0.7376
platt,Pontastacus_leptodactylus_pooled,upstream_only,20,0.57612,0.96797,0.18117,0.18731,0.02056,0.7234
platt,Pontastacus_leptodactylus_pooled,combined,3,0.99011,0.99102,0.28618,0.29456,0.01232,0.804
platt,Pontastacus_leptodactylus_pooled,combined,10,0.96051,0.96352,0.27564,0.28404,0.02192,0.8062
platt,Pontastacus_leptodactylus_pooled,combined,20,0.91436,0.91959,0.26902,0.27733,0.03283,0.7879
platt,Austropotamobius_torrentium_pooled,local_only,3,0.98433,0.98551,0.33838,0.34853,0.01757,0.852
platt,Austropotamobius_torrentium_pooled,local_only,10,0.9065,0.91282,0.32358,0.33352,0.03776,0.7888
platt,Austropotamobius_torrentium_pooled,local_only,20,0.81461,0.82261,0.31903,0.3287,0.05872,0.7687
platt,Austropotamobius_torrentium_pooled,upstream_only,3,0.99309,0.99351,0.21377,0.21828,0.00855,0.7339
platt,Austropotamobius_torrentium_pooled,upstream_only,10,0.97086,0.97229,0.20139,0.20589,0.01674,0.7084
platt,Austropotamobius_torrentium_pooled,upstream_only,20,0.51735,0.51895,0.19755,0.20162,0.02613,0.7086
platt,Austropotamobius_torrentium_pooled,combined,3,0.98155,0.98307,0.33132,0.34052,0.01623,0.8648
platt,Austropotamobius_torrentium_pooled,combined,10,0.90355,0.91063,0.31509,0.32404,0.03579,0.7839
platt,Austropotamobius_torrentium_pooled,combined,20,0.81612,0.82067,0.30719,0.31593,0.05537,0.7803
platt,Austropotamobius_fulcisianus_pooled,local_only,3,0.9959,0.99645,0.37231,0.38477,0.01194,0.804
platt,Austropotamobius_fulcisianus_pooled,local_only,10,0.98754,0.98833,0.37886,0.39126,0.02107,0.7988
platt,Austropotamobius_fulcisianus_pooled,local_only,20,0.97524,0.97634,0.37994,0.39172,0.02796,0.7856
platt,Austropotamobius_fulcisianus_pooled,upstream_only,3,0.99756,0.99771,0.24916,0.25469,0.00409,0.6657
platt,Austropotamobius_fulcisianus_pooled,upstream_only,10,0.98715,0.98786,0.2454,0.25093,0.00737,0.6668
platt,Austropotamobius_fulcisianus_pooled,upstream_only,20,0.97816,0.97942,0.24239,0.24773,0.01032,0.6659
platt,Austropotamobius_fulcisianus_pooled,combined,3,0.99629,0.99629,0.27635,0.28425,0.00711,0.8036
platt,Austropotamobius_fulcisianus_pooled,combined,10,0.98352,0.98462,0.29106,0.29933,0.02122,0.8225
platt,Austropotamobius_fulcisianus_pooled,combined,20,0.96846,0.97035,0.29408,0.30246,0.02955,0.7788
