entity,algorithm,track,level,n_pixels_total,n_basins,coverage_uncorrected,coverage_conformal,median_width_uncorrected,median_width_conformal,median_q_hat,coverage_gap_pre,coverage_gap_post,width_inflation_factor,entity_dir,coverage,median_signed_diff,mean_abs_diff,auc_cont_oos,tss_cont_oos,brier_cont_oos,delta_auc,delta_tss,delta_brier,benchmark_presence_n,auc_clean_oos,tss_clean_oos,t5c_auc_mean,t5c_brier_mean,t5c_sensitivity_mean,t5c_specificity_mean,t5c_tss_mean,t5c_auc_sd,t5c_brier_sd,t5c_sensitivity_sd,t5c_specificity_sd,t5c_tss_sd,z_delta_auc,competent,passes_gate_contaminated,miscovered,silent_failure
Astacus astacus,random_forest,local_only,3,14562,81,0.8664,0.9484,0.2026,0.2304,0.0141,0.0836,0.0016,1.1374,Astacus_astacus,0.8664,-0.0115,0.0507,0.8205,0.4278,0.1572,-0.0277,-0.0528,0.0127,2058.0,0.8482,0.4806,0.847,0.1445,0.7661,0.722,0.4881,0.0072,0.0021,0.0113,0.0161,0.0177,-3.8647,True,True,True,True
Astacus astacus,random_forest,local_only,10,14562,81,0.7478,0.9214,0.2395,0.3166,0.0435,0.2022,0.0286,1.322,Astacus_astacus,0.7478,-0.0304,0.082,0.8097,0.4001,0.1663,-0.0385,-0.0805,0.0218,2058.0,0.8482,0.4806,0.847,0.1445,0.7661,0.722,0.4881,0.0072,0.0021,0.0113,0.0161,0.0177,-5.3715,True,True,True,True
Astacus astacus,random_forest,local_only,20,14562,81,0.6415,0.914,0.263,0.4241,0.09,0.3085,0.036,1.6124,Astacus_astacus,0.6415,-0.0446,0.1183,0.7745,0.3328,0.1747,-0.0737,-0.1478,0.0302,2058.0,0.8482,0.4806,0.847,0.1445,0.7661,0.722,0.4881,0.0072,0.0021,0.0113,0.0161,0.0177,-10.2825,True,True,True,True
Astacus astacus,random_forest,upstream_only,3,14562,81,0.9414,0.9523,0.1198,0.1245,0.002,0.0086,-0.0023,1.0396,Astacus_astacus,0.9414,-0.0049,0.0349,0.7236,0.3373,0.1947,-0.0268,-0.0366,0.0093,2058.0,0.7504,0.374,0.7522,0.1869,0.5672,0.7991,0.3662,0.01,0.002,0.0094,0.017,0.0167,-2.6811,True,True,False,False
Astacus astacus,random_forest,upstream_only,10,14562,81,0.4876,0.9598,0.1306,0.1616,0.0155,0.4624,-0.0098,1.2381,Astacus_astacus,0.4876,-0.0254,0.0539,0.7161,0.3117,0.1961,-0.0342,-0.0623,0.0107,2058.0,0.7504,0.374,0.7522,0.1869,0.5672,0.7991,0.3662,0.01,0.002,0.0094,0.017,0.0167,-3.4215,True,True,True,True
Astacus astacus,random_forest,upstream_only,20,14562,81,0.4379,0.9632,0.138,0.2214,0.0417,0.5121,-0.0132,1.6046,Astacus_astacus,0.4379,-0.0556,0.0792,0.6958,0.2631,0.1983,-0.0545,-0.1109,0.0128,2058.0,0.7504,0.374,0.7522,0.1869,0.5672,0.7991,0.3662,0.01,0.002,0.0094,0.017,0.0167,-5.4523,True,False,True,False
Astacus astacus,random_forest,combined,3,14562,81,0.8764,0.9484,0.2017,0.2261,0.0124,0.0736,0.0016,1.1206,Astacus_astacus,0.8764,-0.0116,0.0504,0.8207,0.4345,0.1565,-0.0246,-0.0647,0.0131,2058.0,0.8453,0.4992,0.8485,0.144,0.7651,0.7284,0.4934,0.0071,0.0022,0.0104,0.0136,0.0165,-3.447,True,True,True,True
Astacus astacus,random_forest,combined,10,14562,81,0.753,0.92,0.2407,0.315,0.0419,0.197,0.03,1.3088,Astacus_astacus,0.753,-0.0316,0.0821,0.8095,0.4074,0.1653,-0.0358,-0.0918,0.0219,2058.0,0.8453,0.4992,0.8485,0.144,0.7651,0.7284,0.4934,0.0071,0.0022,0.0104,0.0136,0.0165,-5.0164,True,True,True,True
Astacus astacus,random_forest,combined,20,14562,81,0.6456,0.9167,0.2659,0.4232,0.0876,0.3044,0.0333,1.5918,Astacus_astacus,0.6456,-0.0471,0.1187,0.7773,0.3416,0.1731,-0.068,-0.1576,0.0298,2058.0,0.8453,0.4992,0.8485,0.144,0.7651,0.7284,0.4934,0.0071,0.0022,0.0104,0.0136,0.0165,-9.5283,True,True,True,True
Astacus astacus,xgboost,local_only,3,14562,81,0.7274,0.9507,0.2148,0.2354,0.01,0.2226,-0.0007,1.0955,Astacus_astacus,0.7274,-0.0076,0.0596,0.8,0.3956,0.1899,-0.0281,-0.0288,0.0058,2058.0,0.8281,0.4244,0.8372,0.1854,0.7503,0.6944,0.4447,0.0079,0.006,0.0089,0.0142,0.0126,-3.5551,True,True,True,True
Astacus astacus,xgboost,local_only,10,14562,81,0.5433,0.9422,0.2767,0.3569,0.0413,0.4067,0.0078,1.2899,Astacus_astacus,0.5433,-0.0216,0.0929,0.7923,0.3751,0.1949,-0.0358,-0.0493,0.0108,2058.0,0.8281,0.4244,0.8372,0.1854,0.7503,0.6944,0.4447,0.0079,0.006,0.0089,0.0142,0.0126,-4.5293,True,True,True,True
Astacus astacus,xgboost,local_only,20,14562,81,0.4706,0.9379,0.3203,0.5024,0.0942,0.4794,0.0121,1.5687,Astacus_astacus,0.4706,-0.0349,0.1362,0.7593,0.3012,0.2008,-0.0688,-0.1232,0.0167,2058.0,0.8281,0.4244,0.8372,0.1854,0.7503,0.6944,0.4447,0.0079,0.006,0.0089,0.0142,0.0126,-8.7044,True,True,True,True
Astacus astacus,xgboost,upstream_only,3,14562,81,0.9149,0.9539,0.1116,0.1153,0.0017,0.0351,-0.0039,1.0327,Astacus_astacus,0.9149,-0.0038,0.0425,0.703,0.2972,0.234,-0.0261,-0.0274,0.0084,2058.0,0.7291,0.3246,0.7295,0.2285,0.5561,0.7922,0.3483,0.0088,0.0044,0.0068,0.0168,0.0154,-2.971,True,True,False,False
Astacus astacus,xgboost,upstream_only,10,14562,81,0.4273,0.9617,0.1325,0.1628,0.0151,0.5227,-0.0117,1.2286,Astacus_astacus,0.4273,-0.0243,0.0625,0.7022,0.2878,0.2294,-0.027,-0.0368,0.0039,2058.0,0.7291,0.3246,0.7295,0.2285,0.5561,0.7922,0.3483,0.0088,0.0044,0.0068,0.0168,0.0154,-3.0734,True,True,True,True
Astacus astacus,xgboost,upstream_only,20,14562,81,0.385,0.9615,0.1402,0.2211,0.0404,0.565,-0.0115,1.5766,Astacus_astacus,0.385,-0.0547,0.0891,0.6844,0.248,0.2268,-0.0447,-0.0766,0.0012,2058.0,0.7291,0.3246,0.7295,0.2285,0.5561,0.7922,0.3483,0.0088,0.0044,0.0068,0.0168,0.0154,-5.0882,True,False,True,False
Astacus astacus,xgboost,combined,3,14562,81,0.7467,0.9484,0.213,0.2322,0.0098,0.2033,0.0016,1.0901,Astacus_astacus,0.7467,-0.0078,0.0605,0.797,0.3882,0.1925,-0.0356,-0.0408,0.0129,2058.0,0.8327,0.429,0.8359,0.1859,0.7489,0.6983,0.4472,0.0078,0.0064,0.0084,0.0135,0.0146,-4.5464,True,True,True,True
Astacus astacus,xgboost,combined,10,14562,81,0.5694,0.9376,0.2791,0.3598,0.0423,0.3806,0.0124,1.2894,Astacus_astacus,0.5694,-0.0215,0.0937,0.7876,0.3699,0.1991,-0.045,-0.0591,0.0194,2058.0,0.8327,0.429,0.8359,0.1859,0.7489,0.6983,0.4472,0.0078,0.0064,0.0084,0.0135,0.0146,-5.7468,True,True,True,True
Astacus astacus,xgboost,combined,20,14562,81,0.4921,0.9385,0.3239,0.512,0.0981,0.4579,0.0115,1.5805,Astacus_astacus,0.4921,-0.0326,0.1366,0.7581,0.3025,0.2014,-0.0746,-0.1265,0.0217,2058.0,0.8327,0.429,0.8359,0.1859,0.7489,0.6983,0.4472,0.0078,0.0064,0.0084,0.0135,0.0146,-9.527,True,True,True,True
Austropotamobius fulcisianus (pooled),random_forest,local_only,3,12681,55,0.9144,0.9569,0.1148,0.1292,0.0054,0.0356,-0.0069,1.1253,Austropotamobius_fulcisianus_pooled,0.9144,-0.0025,0.0285,0.8186,0.4009,0.164,-0.0093,-0.0145,0.0116,744.0,0.8279,0.4154,0.8347,0.15,0.8533,0.5881,0.4414,0.0152,0.0045,0.0084,0.034,0.0313,-0.611,True,True,False,False
Austropotamobius fulcisianus (pooled),random_forest,local_only,10,12681,55,0.8663,0.956,0.1204,0.1569,0.0143,0.0837,-0.006,1.3026,Austropotamobius_fulcisianus_pooled,0.8663,-0.0076,0.0365,0.8088,0.395,0.1749,-0.0191,-0.0204,0.0225,744.0,0.8279,0.4154,0.8347,0.15,0.8533,0.5881,0.4414,0.0152,0.0045,0.0084,0.034,0.0313,-1.2548,True,True,True,True
Austropotamobius fulcisianus (pooled),random_forest,local_only,20,12681,55,0.7872,0.9532,0.1233,0.1825,0.0277,0.1628,-0.0032,1.481,Austropotamobius_fulcisianus_pooled,0.7872,-0.0124,0.0466,0.8006,0.3982,0.1825,-0.0273,-0.0172,0.0301,744.0,0.8279,0.4154,0.8347,0.15,0.8533,0.5881,0.4414,0.0152,0.0045,0.0084,0.034,0.0313,-1.7936,True,True,True,True
Austropotamobius fulcisianus (pooled),random_forest,upstream_only,3,12681,55,0.456,1.0,0.0571,0.0684,0.0057,0.494,-0.05,1.198,Austropotamobius_fulcisianus_pooled,0.456,-0.0156,0.019,0.5212,0.048,0.2517,-0.0099,0.0388,-0.001,744.0,0.5311,0.0091,0.5187,0.2514,0.691,0.3411,0.0321,0.0173,0.0017,0.064,0.0553,0.0331,-0.5708,False,False,True,False
Austropotamobius fulcisianus (pooled),random_forest,upstream_only,10,12681,55,1.0,1.0,0.0731,0.0731,0.0,-0.05,-0.05,1.0,Austropotamobius_fulcisianus_pooled,1.0,-0.0215,0.0229,0.5349,0.0632,0.2507,0.0038,0.054,-0.0019,744.0,0.5311,0.0091,0.5187,0.2514,0.691,0.3411,0.0321,0.0173,0.0017,0.064,0.0553,0.0331,0.2191,False,False,False,False
Austropotamobius fulcisianus (pooled),random_forest,upstream_only,20,12681,55,0.8897,1.0,0.0745,0.0981,0.0118,0.0603,-0.05,1.316,Austropotamobius_fulcisianus_pooled,0.8897,-0.0225,0.0242,0.539,0.0737,0.2501,0.0078,0.0645,-0.0025,744.0,0.5311,0.0091,0.5187,0.2514,0.691,0.3411,0.0321,0.0173,0.0017,0.064,0.0553,0.0331,0.4497,False,False,True,False
Austropotamobius fulcisianus (pooled),random_forest,combined,3,12681,55,0.9144,0.9569,0.1148,0.1292,0.0054,0.0356,-0.0069,1.1253,Austropotamobius_fulcisianus_pooled,0.9144,-0.0025,0.0285,0.8186,0.4009,0.164,-0.0093,-0.0145,0.0116,744.0,0.8279,0.4154,0.8347,0.15,0.8533,0.5881,0.4414,0.0152,0.0045,0.0084,0.034,0.0313,-0.611,True,True,False,False
Austropotamobius fulcisianus (pooled),random_forest,combined,10,12681,55,0.8663,0.956,0.1204,0.1569,0.0143,0.0837,-0.006,1.3026,Austropotamobius_fulcisianus_pooled,0.8663,-0.0076,0.0365,0.8088,0.395,0.1749,-0.0191,-0.0204,0.0225,744.0,0.8279,0.4154,0.8347,0.15,0.8533,0.5881,0.4414,0.0152,0.0045,0.0084,0.034,0.0313,-1.2548,True,True,True,True
Austropotamobius fulcisianus (pooled),random_forest,combined,20,12681,55,0.7872,0.9532,0.1233,0.1825,0.0277,0.1628,-0.0032,1.481,Austropotamobius_fulcisianus_pooled,0.7872,-0.0124,0.0466,0.8006,0.3982,0.1825,-0.0273,-0.0172,0.0301,744.0,0.8279,0.4154,0.8347,0.15,0.8533,0.5881,0.4414,0.0152,0.0045,0.0084,0.034,0.0313,-1.7936,True,True,True,True
Austropotamobius fulcisianus (pooled),xgboost,local_only,3,12681,55,0.9144,0.9589,0.1252,0.1262,0.0003,0.0356,-0.0089,1.008,Austropotamobius_fulcisianus_pooled,0.9144,-0.0002,0.0364,0.8272,0.4266,0.1651,0.0045,0.0191,0.0098,744.0,0.8227,0.4076,0.8339,0.1518,0.8542,0.5928,0.447,0.0197,0.0109,0.0106,0.0432,0.043,0.2281,True,True,False,False
Austropotamobius fulcisianus (pooled),xgboost,local_only,10,12681,55,0.8469,0.9588,0.1265,0.1328,0.0016,0.1031,-0.0088,1.0502,Austropotamobius_fulcisianus_pooled,0.8469,-0.0006,0.0437,0.8122,0.401,0.1845,-0.0105,-0.0065,0.0291,744.0,0.8227,0.4076,0.8339,0.1518,0.8542,0.5928,0.447,0.0197,0.0109,0.0106,0.0432,0.043,-0.5323,True,True,True,True
Austropotamobius fulcisianus (pooled),xgboost,local_only,20,12681,55,0.785,0.9559,0.1252,0.1387,0.0045,0.165,-0.0059,1.1078,Austropotamobius_fulcisianus_pooled,0.785,-0.0009,0.0498,0.804,0.4,0.192,-0.0188,-0.0076,0.0366,744.0,0.8227,0.4076,0.8339,0.1518,0.8542,0.5928,0.447,0.0197,0.0109,0.0106,0.0432,0.043,-0.953,True,True,True,True
Austropotamobius fulcisianus (pooled),xgboost,upstream_only,3,12681,55,0.8897,1.0,0.0574,0.0644,0.0035,0.0603,-0.05,1.1204,Austropotamobius_fulcisianus_pooled,0.8897,-0.0132,0.0175,0.5209,0.0006,0.3,-0.0189,-0.0309,0.0063,744.0,0.5398,0.0315,0.5167,0.2941,0.5175,0.4857,0.0031,0.0202,0.0028,0.0436,0.0415,0.0148,-0.9341,False,False,True,False
Austropotamobius fulcisianus (pooled),xgboost,upstream_only,10,12681,55,1.0,1.0,0.0744,0.0744,0.0,-0.05,-0.05,1.0,Austropotamobius_fulcisianus_pooled,1.0,-0.0182,0.0214,0.537,0.0031,0.297,-0.0028,-0.0285,0.0032,744.0,0.5398,0.0315,0.5167,0.2941,0.5175,0.4857,0.0031,0.0202,0.0028,0.0436,0.0415,0.0148,-0.1384,False,False,False,False
Austropotamobius fulcisianus (pooled),xgboost,upstream_only,20,12681,55,0.8897,1.0,0.0748,0.0935,0.0094,0.0603,-0.05,1.2502,Austropotamobius_fulcisianus_pooled,0.8897,-0.0194,0.0226,0.5405,0.017,0.2934,0.0007,-0.0146,-0.0004,744.0,0.5398,0.0315,0.5167,0.2941,0.5175,0.4857,0.0031,0.0202,0.0028,0.0436,0.0415,0.0148,0.0346,False,False,True,False
Austropotamobius fulcisianus (pooled),xgboost,combined,3,12681,55,0.9144,0.9589,0.1252,0.1262,0.0003,0.0356,-0.0089,1.008,Austropotamobius_fulcisianus_pooled,0.9144,-0.0002,0.0364,0.8272,0.4266,0.1651,0.0045,0.0191,0.0098,744.0,0.8227,0.4076,0.8339,0.1518,0.8542,0.5928,0.447,0.0197,0.0109,0.0106,0.0432,0.043,0.2281,True,True,False,False
Austropotamobius fulcisianus (pooled),xgboost,combined,10,12681,55,0.8469,0.9588,0.1265,0.1328,0.0016,0.1031,-0.0088,1.0502,Austropotamobius_fulcisianus_pooled,0.8469,-0.0006,0.0437,0.8122,0.401,0.1845,-0.0105,-0.0065,0.0291,744.0,0.8227,0.4076,0.8339,0.1518,0.8542,0.5928,0.447,0.0197,0.0109,0.0106,0.0432,0.043,-0.5323,True,True,True,True
Austropotamobius fulcisianus (pooled),xgboost,combined,20,12681,55,0.785,0.9559,0.1252,0.1387,0.0045,0.165,-0.0059,1.1078,Austropotamobius_fulcisianus_pooled,0.785,-0.0009,0.0498,0.804,0.4,0.192,-0.0188,-0.0076,0.0366,744.0,0.8227,0.4076,0.8339,0.1518,0.8542,0.5928,0.447,0.0197,0.0109,0.0106,0.0432,0.043,-0.953,True,True,True,True
Austropotamobius torrentium (pooled),random_forest,local_only,3,11872,29,0.8843,0.9513,0.1547,0.1837,0.0138,0.0657,-0.0013,1.1877,Austropotamobius_torrentium_pooled,0.8843,-0.008,0.0409,0.8065,0.3542,0.1845,-0.0463,-0.106,0.0066,1032.0,0.8528,0.4602,0.8556,0.171,0.6709,0.799,0.4698,0.0137,0.0059,0.0121,0.0206,0.0207,-3.3741,True,True,True,True
Austropotamobius torrentium (pooled),random_forest,local_only,10,11872,29,0.7877,0.9461,0.1854,0.2657,0.0414,0.1623,0.0039,1.4327,Austropotamobius_torrentium_pooled,0.7877,-0.0205,0.067,0.8036,0.3506,0.1733,-0.0492,-0.1096,-0.0047,1032.0,0.8528,0.4602,0.8556,0.171,0.6709,0.799,0.4698,0.0137,0.0059,0.0121,0.0206,0.0207,-3.5854,True,True,True,True
Austropotamobius torrentium (pooled),random_forest,local_only,20,11872,29,0.6876,0.9375,0.2087,0.394,0.1001,0.2624,0.0125,1.8878,Austropotamobius_torrentium_pooled,0.6876,-0.0324,0.0976,0.7898,0.3253,0.1722,-0.0629,-0.1348,-0.0057,1032.0,0.8528,0.4602,0.8556,0.171,0.6709,0.799,0.4698,0.0137,0.0059,0.0121,0.0206,0.0207,-4.5838,True,True,True,True
Austropotamobius torrentium (pooled),random_forest,upstream_only,3,11872,29,0.9567,0.9568,0.0718,0.0721,0.0,-0.0067,-0.0068,1.0038,Austropotamobius_torrentium_pooled,0.9567,-0.0117,0.0289,0.7044,0.3389,0.2124,-0.0307,-0.0681,0.0067,1032.0,0.7351,0.4071,0.7349,0.2025,0.5292,0.8715,0.4008,0.0083,0.0052,0.0138,0.0188,0.0189,-3.6912,True,True,False,False
Austropotamobius torrentium (pooled),random_forest,upstream_only,10,11872,29,0.5076,0.9784,0.0805,0.1251,0.0223,0.4424,-0.0284,1.5535,Austropotamobius_torrentium_pooled,0.5076,-0.0373,0.0465,0.7054,0.3167,0.1992,-0.0297,-0.0904,-0.0065,1032.0,0.7351,0.4071,0.7349,0.2025,0.5292,0.8715,0.4008,0.0083,0.0052,0.0138,0.0188,0.0189,-3.5709,True,True,True,True
Austropotamobius torrentium (pooled),random_forest,upstream_only,20,11872,29,0.471,0.9733,0.0847,0.1821,0.0487,0.479,-0.0233,2.1501,Austropotamobius_torrentium_pooled,0.471,-0.0668,0.0689,0.7058,0.2895,0.1922,-0.0293,-0.1176,-0.0134,1032.0,0.7351,0.4071,0.7349,0.2025,0.5292,0.8715,0.4008,0.0083,0.0052,0.0138,0.0188,0.0189,-3.5228,True,True,True,True
Austropotamobius torrentium (pooled),random_forest,combined,3,11872,29,0.8843,0.9499,0.1528,0.1837,0.0147,0.0657,0.0001,1.2022,Austropotamobius_torrentium_pooled,0.8843,-0.0076,0.041,0.8089,0.3576,0.1864,-0.0483,-0.0872,0.0074,1032.0,0.8572,0.4448,0.8561,0.1716,0.6654,0.8052,0.4706,0.0139,0.0062,0.0135,0.0227,0.0231,-3.4731,True,True,True,True
Austropotamobius torrentium (pooled),random_forest,combined,10,11872,29,0.7871,0.9459,0.1852,0.2647,0.0413,0.1629,0.0041,1.4293,Austropotamobius_torrentium_pooled,0.7871,-0.0202,0.067,0.8057,0.3586,0.1736,-0.0515,-0.0862,-0.0054,1032.0,0.8572,0.4448,0.8561,0.1716,0.6654,0.8052,0.4706,0.0139,0.0062,0.0135,0.0227,0.0231,-3.7032,True,True,True,True
Austropotamobius torrentium (pooled),random_forest,combined,20,11872,29,0.6849,0.9358,0.2093,0.3906,0.099,0.2651,0.0142,1.8663,Austropotamobius_torrentium_pooled,0.6849,-0.0317,0.0981,0.7918,0.3289,0.1719,-0.0654,-0.116,-0.0071,1032.0,0.8572,0.4448,0.8561,0.1716,0.6654,0.8052,0.4706,0.0139,0.0062,0.0135,0.0227,0.0231,-4.7028,True,True,True,True
Austropotamobius torrentium (pooled),xgboost,local_only,3,11872,29,0.8068,0.9447,0.1196,0.1303,0.0044,0.1432,0.0053,1.0894,Austropotamobius_torrentium_pooled,0.8068,-0.002,0.0467,0.8052,0.3495,0.205,-0.0342,-0.0792,-0.0139,1032.0,0.8394,0.4287,0.8517,0.1981,0.7018,0.7467,0.4485,0.0163,0.0111,0.0189,0.0275,0.0316,-2.1029,True,True,True,True
Austropotamobius torrentium (pooled),xgboost,local_only,10,11872,29,0.6646,0.9394,0.1883,0.228,0.02,0.2854,0.0106,1.2112,Austropotamobius_torrentium_pooled,0.6646,-0.0045,0.0778,0.8052,0.3515,0.1949,-0.0342,-0.0772,-0.0239,1032.0,0.8394,0.4287,0.8517,0.1981,0.7018,0.7467,0.4485,0.0163,0.0111,0.0189,0.0275,0.0316,-2.1029,True,True,True,True
Austropotamobius torrentium (pooled),xgboost,local_only,20,11872,29,0.5577,0.9394,0.2221,0.3259,0.054,0.3923,0.0106,1.4675,Austropotamobius_torrentium_pooled,0.5577,-0.0076,0.1157,0.7937,0.3302,0.1938,-0.0457,-0.0986,-0.025,1032.0,0.8394,0.4287,0.8517,0.1981,0.7018,0.7467,0.4485,0.0163,0.0111,0.0189,0.0275,0.0316,-2.8101,True,True,True,True
Austropotamobius torrentium (pooled),xgboost,upstream_only,3,11872,29,0.9406,0.9535,0.0385,0.0394,0.0002,0.0094,-0.0035,1.0244,Austropotamobius_torrentium_pooled,0.9406,-0.0131,0.0364,0.7022,0.3306,0.2431,-0.0436,-0.0896,0.0202,1032.0,0.7458,0.4201,0.7362,0.2218,0.5611,0.8525,0.4137,0.0092,0.0081,0.0159,0.019,0.0213,-4.7388,True,True,False,False
Austropotamobius torrentium (pooled),xgboost,upstream_only,10,11872,29,0.4692,0.9852,0.0418,0.0886,0.0234,0.4808,-0.0352,2.1177,Austropotamobius_torrentium_pooled,0.4692,-0.0384,0.0564,0.7085,0.3341,0.2187,-0.0373,-0.0861,-0.0042,1032.0,0.7458,0.4201,0.7362,0.2218,0.5611,0.8525,0.4137,0.0092,0.0081,0.0159,0.019,0.0213,-4.054,True,True,True,True
Austropotamobius torrentium (pooled),xgboost,upstream_only,20,11872,29,0.4364,0.9828,0.0529,0.1512,0.0491,0.5136,-0.0328,2.856,Austropotamobius_torrentium_pooled,0.4364,-0.0684,0.0809,0.7101,0.3155,0.2097,-0.0357,-0.1046,-0.0132,1032.0,0.7458,0.4201,0.7362,0.2218,0.5611,0.8525,0.4137,0.0092,0.0081,0.0159,0.019,0.0213,-3.8801,True,True,True,True
Austropotamobius torrentium (pooled),xgboost,combined,3,11872,29,0.8128,0.9461,0.1204,0.1314,0.0048,0.1372,0.0039,1.0914,Austropotamobius_torrentium_pooled,0.8128,-0.002,0.0465,0.8003,0.3528,0.2071,-0.0369,-0.0642,-0.0143,1032.0,0.8372,0.4169,0.8457,0.1997,0.6992,0.7527,0.452,0.0162,0.0108,0.0174,0.0228,0.0241,-2.2791,True,True,True,True
Austropotamobius torrentium (pooled),xgboost,combined,10,11872,29,0.6809,0.9396,0.1888,0.2307,0.0207,0.2691,0.0104,1.222,Austropotamobius_torrentium_pooled,0.6809,-0.0046,0.0772,0.8023,0.3442,0.1974,-0.0349,-0.0727,-0.024,1032.0,0.8372,0.4169,0.8457,0.1997,0.6992,0.7527,0.452,0.0162,0.0108,0.0174,0.0228,0.0241,-2.1555,True,True,True,True
Austropotamobius torrentium (pooled),xgboost,combined,20,11872,29,0.5754,0.9402,0.222,0.3309,0.0559,0.3746,0.0098,1.4904,Austropotamobius_torrentium_pooled,0.5754,-0.0078,0.1158,0.7912,0.3259,0.1949,-0.046,-0.091,-0.0266,1032.0,0.8372,0.4169,0.8457,0.1997,0.6992,0.7527,0.452,0.0162,0.0108,0.0174,0.0228,0.0241,-2.8411,True,True,True,True
Faxonius limosus (alien),random_forest,local_only,3,20052,84,0.8899,0.9512,0.2681,0.2946,0.013,0.0601,-0.0012,1.0988,Faxonius_limosus_alien,0.8899,0.0071,0.0714,0.7929,0.4286,0.19,-0.0073,-0.0339,0.0051,3811.0,0.8002,0.4625,0.798,0.1869,0.6834,0.7627,0.4461,0.0032,0.0011,0.0063,0.0099,0.0081,-2.2694,True,True,True,True
Faxonius limosus (alien),random_forest,local_only,10,20052,84,0.8342,0.9496,0.2948,0.3517,0.0281,0.1158,0.0004,1.193,Faxonius_limosus_alien,0.8342,-0.001,0.0925,0.7756,0.4044,0.1976,-0.0246,-0.0581,0.0127,3811.0,0.8002,0.4625,0.798,0.1869,0.6834,0.7627,0.4461,0.0032,0.0011,0.0063,0.0099,0.0081,-7.6475,True,True,True,True
Faxonius limosus (alien),random_forest,local_only,20,20052,84,0.7393,0.9481,0.3009,0.4245,0.0617,0.2107,0.0019,1.4108,Faxonius_limosus_alien,0.7393,-0.005,0.1178,0.7487,0.3703,0.2015,-0.0515,-0.0922,0.0166,3811.0,0.8002,0.4625,0.798,0.1869,0.6834,0.7627,0.4461,0.0032,0.0011,0.0063,0.0099,0.0081,-16.01,True,True,True,True
Faxonius limosus (alien),random_forest,upstream_only,3,20052,84,0.5146,0.9598,0.1202,0.1387,0.0092,0.4354,-0.0098,1.1537,Faxonius_limosus_alien,0.5146,-0.0159,0.0538,0.7369,0.3536,0.2065,0.0005,-0.0104,0.0017,3811.0,0.7364,0.3641,0.7365,0.205,0.5372,0.8239,0.361,0.0051,0.0015,0.0069,0.0072,0.008,0.0988,True,True,True,True
Faxonius limosus (alien),random_forest,upstream_only,10,20052,84,0.5075,0.9767,0.1235,0.1775,0.027,0.4425,-0.0267,1.4374,Faxonius_limosus_alien,0.5075,-0.0355,0.0675,0.7221,0.324,0.211,-0.0143,-0.04,0.0063,3811.0,0.7364,0.3641,0.7365,0.205,0.5372,0.8239,0.361,0.0051,0.0015,0.0069,0.0072,0.008,-2.8266,True,True,True,True
Faxonius limosus (alien),random_forest,upstream_only,20,20052,84,0.482,0.9844,0.1215,0.2361,0.0573,0.468,-0.0344,1.9432,Faxonius_limosus_alien,0.482,-0.0651,0.0879,0.6972,0.2808,0.2151,-0.0393,-0.0833,0.0103,3811.0,0.7364,0.3641,0.7365,0.205,0.5372,0.8239,0.361,0.0051,0.0015,0.0069,0.0072,0.008,-7.7681,True,False,True,False
Faxonius limosus (alien),random_forest,combined,3,20052,84,0.8884,0.9502,0.2667,0.2922,0.0125,0.0616,-0.0002,1.0958,Faxonius_limosus_alien,0.8884,0.0064,0.0712,0.7951,0.4312,0.1891,-0.0098,-0.0351,0.0057,3811.0,0.8048,0.4663,0.8008,0.1857,0.685,0.7649,0.4499,0.0036,0.0012,0.0073,0.0082,0.0067,-2.7481,True,True,True,True
Faxonius limosus (alien),random_forest,combined,10,20052,84,0.8356,0.9501,0.2935,0.3531,0.0293,0.1144,-0.0001,1.2031,Faxonius_limosus_alien,0.8356,-0.0017,0.0925,0.7778,0.4054,0.1968,-0.0271,-0.0609,0.0134,3811.0,0.8048,0.4663,0.8008,0.1857,0.685,0.7649,0.4499,0.0036,0.0012,0.0073,0.0082,0.0067,-7.5993,True,True,True,True
Faxonius limosus (alien),random_forest,combined,20,20052,84,0.7424,0.9482,0.3003,0.4202,0.0594,0.2076,0.0018,1.3994,Faxonius_limosus_alien,0.7424,-0.0055,0.1176,0.7496,0.3678,0.2014,-0.0552,-0.0985,0.018,3811.0,0.8048,0.4663,0.8008,0.1857,0.685,0.7649,0.4499,0.0036,0.0012,0.0073,0.0082,0.0067,-15.4789,True,True,True,True
Faxonius limosus (alien),xgboost,local_only,3,20052,84,0.8239,0.9466,0.2353,0.2894,0.0261,0.1261,0.0034,1.2296,Faxonius_limosus_alien,0.8239,-0.0063,0.0701,0.7858,0.4274,0.1961,-0.0065,-0.037,0.0066,3811.0,0.7922,0.4644,0.7891,0.1925,0.7078,0.7348,0.4426,0.0047,0.0022,0.0063,0.0094,0.0074,-1.3932,True,True,True,True
Faxonius limosus (alien),xgboost,local_only,10,20052,84,0.6896,0.9455,0.2618,0.4257,0.0789,0.2604,0.0045,1.6261,Faxonius_limosus_alien,0.6896,-0.0136,0.0964,0.7699,0.397,0.2023,-0.0224,-0.0674,0.0128,3811.0,0.7922,0.4644,0.7891,0.1925,0.7078,0.7348,0.4426,0.0047,0.0022,0.0063,0.0094,0.0074,-4.8011,True,True,True,True
Faxonius limosus (alien),xgboost,local_only,20,20052,84,0.6228,0.9449,0.2669,0.5833,0.154,0.3272,0.0051,2.1851,Faxonius_limosus_alien,0.6228,-0.0139,0.125,0.7462,0.3635,0.2066,-0.0461,-0.1009,0.0171,3811.0,0.7922,0.4644,0.7891,0.1925,0.7078,0.7348,0.4426,0.0047,0.0022,0.0063,0.0094,0.0074,-9.8809,True,True,True,True
Faxonius limosus (alien),xgboost,upstream_only,3,20052,84,0.5114,0.9612,0.0952,0.1125,0.0086,0.4386,-0.0112,1.1817,Faxonius_limosus_alien,0.5114,-0.0156,0.0522,0.7315,0.3537,0.2127,0.0026,-0.017,0.0001,3811.0,0.7289,0.3706,0.731,0.2127,0.5408,0.8222,0.363,0.0054,0.0026,0.0065,0.0085,0.0094,0.4849,True,True,True,True
Faxonius limosus (alien),xgboost,upstream_only,10,20052,84,0.4845,0.9629,0.0992,0.1485,0.0247,0.4655,-0.0129,1.4968,Faxonius_limosus_alien,0.4845,-0.0349,0.0674,0.7161,0.318,0.2171,-0.0128,-0.0526,0.0044,3811.0,0.7289,0.3706,0.731,0.2127,0.5408,0.8222,0.363,0.0054,0.0026,0.0065,0.0085,0.0094,-2.3874,True,True,True,True
Faxonius limosus (alien),xgboost,upstream_only,20,20052,84,0.4482,0.967,0.0959,0.2095,0.0568,0.5018,-0.017,2.1858,Faxonius_limosus_alien,0.4482,-0.0646,0.0886,0.6907,0.2723,0.2215,-0.0383,-0.0983,0.0088,3811.0,0.7289,0.3706,0.731,0.2127,0.5408,0.8222,0.363,0.0054,0.0026,0.0065,0.0085,0.0094,-7.1437,True,False,True,False
Faxonius limosus (alien),xgboost,combined,3,20052,84,0.8396,0.9466,0.2324,0.2836,0.0247,0.1104,0.0034,1.2203,Faxonius_limosus_alien,0.8396,-0.0056,0.0689,0.787,0.4286,0.1955,-0.0064,-0.0314,0.0069,3811.0,0.7934,0.46,0.7883,0.1926,0.7059,0.7401,0.446,0.0043,0.0022,0.0067,0.01,0.0091,-1.495,True,True,True,True
Faxonius limosus (alien),xgboost,combined,10,20052,84,0.7115,0.9459,0.2604,0.42,0.0774,0.2385,0.0041,1.6129,Faxonius_limosus_alien,0.7115,-0.0118,0.0949,0.7714,0.3993,0.2017,-0.022,-0.0606,0.0131,3811.0,0.7934,0.46,0.7883,0.1926,0.7059,0.7401,0.446,0.0043,0.0022,0.0067,0.01,0.0091,-5.1389,True,True,True,True
Faxonius limosus (alien),xgboost,combined,20,20052,84,0.6334,0.9444,0.2652,0.5817,0.1554,0.3166,0.0056,2.1929,Faxonius_limosus_alien,0.6334,-0.0129,0.1229,0.7459,0.3638,0.2065,-0.0474,-0.0962,0.018,3811.0,0.7934,0.46,0.7883,0.1926,0.7059,0.7401,0.446,0.0043,0.0022,0.0067,0.01,0.0091,-11.0721,True,True,True,True
Pacifastacus leniusculus (alien),random_forest,local_only,3,37449,121,0.8937,0.9487,0.1586,0.1905,0.012,0.0563,0.0013,1.2014,Pacifastacus_leniusculus_alien,0.8937,-0.0009,0.0403,0.8609,0.5645,0.1529,-0.0085,-0.0139,0.005,4171.0,0.8695,0.5784,0.8745,0.1482,0.8153,0.7813,0.5965,0.0037,0.0021,0.0052,0.0108,0.0097,-2.2951,True,True,True,True
Pacifastacus leniusculus (alien),random_forest,local_only,10,37449,121,0.8321,0.9388,0.1716,0.2704,0.0413,0.1179,0.0112,1.5758,Pacifastacus_leniusculus_alien,0.8321,-0.0014,0.0598,0.8397,0.5004,0.1645,-0.0298,-0.078,0.0167,4171.0,0.8695,0.5784,0.8745,0.1482,0.8153,0.7813,0.5965,0.0037,0.0021,0.0052,0.0108,0.0097,-8.0464,True,True,True,True
Pacifastacus leniusculus (alien),random_forest,local_only,20,37449,121,0.7775,0.9339,0.1779,0.3823,0.0854,0.1725,0.0161,2.1492,Pacifastacus_leniusculus_alien,0.7775,-0.0014,0.0785,0.8202,0.4575,0.1712,-0.0493,-0.1209,0.0233,4171.0,0.8695,0.5784,0.8745,0.1482,0.8153,0.7813,0.5965,0.0037,0.0021,0.0052,0.0108,0.0097,-13.3117,True,True,True,True
Pacifastacus leniusculus (alien),random_forest,upstream_only,3,37449,121,0.5925,0.9669,0.0886,0.1017,0.0059,0.3575,-0.0169,1.1474,Pacifastacus_leniusculus_alien,0.5925,-0.0128,0.0306,0.8026,0.4784,0.1736,0.0028,-0.0113,0.0001,4171.0,0.7998,0.4897,0.8115,0.1735,0.6467,0.8507,0.4974,0.0046,0.002,0.0056,0.0095,0.0083,0.6088,True,True,True,True
Pacifastacus leniusculus (alien),random_forest,upstream_only,10,37449,121,0.5708,0.9771,0.0927,0.1482,0.0278,0.3792,-0.0271,1.5989,Pacifastacus_leniusculus_alien,0.5708,-0.0215,0.0462,0.783,0.4391,0.1808,-0.0168,-0.0506,0.0074,4171.0,0.7998,0.4897,0.8115,0.1735,0.6467,0.8507,0.4974,0.0046,0.002,0.0056,0.0095,0.0083,-3.6525,True,True,True,True
Pacifastacus leniusculus (alien),random_forest,upstream_only,20,37449,121,0.5407,0.9793,0.0926,0.2162,0.0618,0.4093,-0.0293,2.3339,Pacifastacus_leniusculus_alien,0.5407,-0.0263,0.065,0.765,0.3916,0.1874,-0.0348,-0.0981,0.014,4171.0,0.7998,0.4897,0.8115,0.1735,0.6467,0.8507,0.4974,0.0046,0.002,0.0056,0.0095,0.0083,-7.5659,True,True,True,True
Pacifastacus leniusculus (alien),random_forest,combined,3,37449,121,0.8933,0.9474,0.1583,0.1921,0.013,0.0567,0.0026,1.2139,Pacifastacus_leniusculus_alien,0.8933,-0.0012,0.0411,0.8641,0.5641,0.1509,-0.0093,-0.0091,0.0059,4171.0,0.8734,0.5732,0.8778,0.1458,0.8116,0.7849,0.5965,0.0036,0.0019,0.0048,0.0101,0.0088,-2.5764,True,True,True,True
Pacifastacus leniusculus (alien),random_forest,combined,10,37449,121,0.8339,0.938,0.1712,0.2754,0.044,0.1161,0.012,1.6091,Pacifastacus_leniusculus_alien,0.8339,-0.0019,0.0607,0.8427,0.5035,0.1626,-0.0307,-0.0697,0.0175,4171.0,0.8734,0.5732,0.8778,0.1458,0.8116,0.7849,0.5965,0.0036,0.0019,0.0048,0.0101,0.0088,-8.505,True,True,True,True
Pacifastacus leniusculus (alien),random_forest,combined,20,37449,121,0.7764,0.932,0.1774,0.3932,0.091,0.1736,0.018,2.2165,Pacifastacus_leniusculus_alien,0.7764,-0.002,0.0797,0.8233,0.4619,0.1693,-0.0501,-0.1113,0.0242,4171.0,0.8734,0.5732,0.8778,0.1458,0.8116,0.7849,0.5965,0.0036,0.0019,0.0048,0.0101,0.0088,-13.8795,True,True,True,True
Pacifastacus leniusculus (alien),xgboost,local_only,3,37449,121,0.7352,0.9389,0.1657,0.2238,0.0246,0.2148,0.0111,1.3508,Pacifastacus_leniusculus_alien,0.7352,-0.0007,0.049,0.8636,0.564,0.1383,-0.0123,-0.0298,0.0064,4171.0,0.8758,0.5938,0.8793,0.1324,0.8286,0.7682,0.5968,0.0047,0.0036,0.0102,0.0114,0.011,-2.5959,True,True,True,True
Pacifastacus leniusculus (alien),xgboost,local_only,10,37449,121,0.6419,0.9323,0.182,0.3857,0.0909,0.3081,0.0177,2.1193,Pacifastacus_leniusculus_alien,0.6419,-0.001,0.0734,0.839,0.4999,0.1513,-0.0368,-0.0939,0.0194,4171.0,0.8758,0.5938,0.8793,0.1324,0.8286,0.7682,0.5968,0.0047,0.0036,0.0102,0.0114,0.011,-7.7665,True,True,True,True
Pacifastacus leniusculus (alien),xgboost,local_only,20,37449,121,0.5966,0.927,0.1848,0.572,0.1763,0.3534,0.023,3.0946,Pacifastacus_leniusculus_alien,0.5966,-0.0011,0.094,0.8162,0.4541,0.1675,-0.0596,-0.1398,0.0357,4171.0,0.8758,0.5938,0.8793,0.1324,0.8286,0.7682,0.5968,0.0047,0.0036,0.0102,0.0114,0.011,-12.5783,True,True,True,True
Pacifastacus leniusculus (alien),xgboost,upstream_only,3,37449,121,0.5601,0.9715,0.0796,0.0938,0.0071,0.3899,-0.0215,1.1782,Pacifastacus_leniusculus_alien,0.5601,-0.0094,0.0339,0.8097,0.472,0.1692,0.0047,-0.0053,-0.0034,4171.0,0.8049,0.4774,0.8148,0.1692,0.6484,0.8438,0.4923,0.0049,0.0026,0.0074,0.0085,0.0093,0.9531,True,True,True,True
Pacifastacus leniusculus (alien),xgboost,upstream_only,10,37449,121,0.5001,0.9685,0.0807,0.1396,0.0284,0.4499,-0.0185,1.7309,Pacifastacus_leniusculus_alien,0.5001,-0.0142,0.0515,0.7884,0.4273,0.1779,-0.0166,-0.0501,0.0053,4171.0,0.8049,0.4774,0.8148,0.1692,0.6484,0.8438,0.4923,0.0049,0.0026,0.0074,0.0085,0.0093,-3.3664,True,True,True,True
Pacifastacus leniusculus (alien),xgboost,upstream_only,20,37449,121,0.4623,0.9656,0.0792,0.2148,0.0623,0.4877,-0.0156,2.7113,Pacifastacus_leniusculus_alien,0.4623,-0.0156,0.0716,0.7693,0.3878,0.1892,-0.0356,-0.0896,0.0166,4171.0,0.8049,0.4774,0.8148,0.1692,0.6484,0.8438,0.4923,0.0049,0.0026,0.0074,0.0085,0.0093,-7.2195,True,True,True,True
Pacifastacus leniusculus (alien),xgboost,combined,3,37449,121,0.7493,0.9401,0.1648,0.2267,0.026,0.2007,0.0099,1.375,Pacifastacus_leniusculus_alien,0.7493,-0.0005,0.0502,0.8681,0.5709,0.1351,-0.0111,-0.0215,0.0044,4171.0,0.8792,0.5924,0.8823,0.1302,0.8302,0.7725,0.6027,0.0039,0.0031,0.008,0.0114,0.011,-2.8533,True,True,True,True
Pacifastacus leniusculus (alien),xgboost,combined,10,37449,121,0.6717,0.932,0.1809,0.3963,0.0956,0.2783,0.018,2.1901,Pacifastacus_leniusculus_alien,0.6717,-0.0008,0.0737,0.8448,0.5061,0.148,-0.0344,-0.0862,0.0173,4171.0,0.8792,0.5924,0.8823,0.1302,0.8302,0.7725,0.6027,0.0039,0.0031,0.008,0.0114,0.011,-8.8428,True,True,True,True
Pacifastacus leniusculus (alien),xgboost,combined,20,37449,121,0.6214,0.9276,0.1836,0.5914,0.1845,0.3286,0.0224,3.2212,Pacifastacus_leniusculus_alien,0.6214,-0.0009,0.0946,0.8209,0.4574,0.165,-0.0584,-0.135,0.0344,4171.0,0.8792,0.5924,0.8823,0.1302,0.8302,0.7725,0.6027,0.0039,0.0031,0.008,0.0114,0.011,-15.0121,True,True,True,True
Pontastacus leptodactylus (pooled),random_forest,local_only,3,22945,112,0.9097,0.9503,0.2016,0.2352,0.0166,0.0403,-0.0003,1.1667,Pontastacus_leptodactylus_pooled,0.9097,-0.0011,0.0418,0.8016,0.467,0.1725,0.0213,0.0303,-0.0056,1496.0,0.7804,0.4366,0.8001,0.1707,0.7156,0.7463,0.462,0.0067,0.0025,0.011,0.0129,0.0132,3.1945,True,True,False,False
Pontastacus leptodactylus (pooled),random_forest,local_only,10,22945,112,0.9038,0.9497,0.2181,0.2583,0.0203,0.0462,0.0003,1.1844,Pontastacus_leptodactylus_pooled,0.9038,-0.0101,0.0488,0.7916,0.4391,0.1807,0.0113,0.0024,0.0025,1496.0,0.7804,0.4366,0.8001,0.1707,0.7156,0.7463,0.462,0.0067,0.0025,0.011,0.0129,0.0132,1.6947,True,True,False,False
Pontastacus leptodactylus (pooled),random_forest,local_only,20,22945,112,0.8661,0.9478,0.2279,0.3013,0.0376,0.0839,0.0022,1.3224,Pontastacus_leptodactylus_pooled,0.8661,-0.0219,0.0617,0.7853,0.4225,0.1849,0.005,-0.0141,0.0067,1496.0,0.7804,0.4366,0.8001,0.1707,0.7156,0.7463,0.462,0.0067,0.0025,0.011,0.0129,0.0132,0.7499,True,True,True,True
Pontastacus leptodactylus (pooled),random_forest,upstream_only,3,22945,112,0.9966,0.9966,0.0459,0.0459,0.0,-0.0466,-0.0466,1.0,Pontastacus_leptodactylus_pooled,0.9966,-0.0003,0.0091,0.5287,0.0209,0.2492,0.0013,-0.0136,-0.0001,1496.0,0.5274,0.0345,0.5343,0.2485,0.3426,0.6923,0.0349,0.0117,0.001,0.0697,0.075,0.0199,0.1114,False,False,False,False
Pontastacus leptodactylus (pooled),random_forest,upstream_only,10,22945,112,0.9966,0.9966,0.0466,0.0466,0.0,-0.0466,-0.0466,1.0,Pontastacus_leptodactylus_pooled,0.9966,-0.0028,0.0097,0.5283,0.0215,0.2492,0.0009,-0.013,-0.0002,1496.0,0.5274,0.0345,0.5343,0.2485,0.3426,0.6923,0.0349,0.0117,0.001,0.0697,0.075,0.0199,0.0771,False,False,False,False
Pontastacus leptodactylus (pooled),random_forest,upstream_only,20,22945,112,1.0,1.0,0.0535,0.0535,0.0,-0.05,-0.05,1.0,Pontastacus_leptodactylus_pooled,1.0,-0.0129,0.015,0.5326,0.032,0.2493,0.0052,-0.0025,-0.0001,1496.0,0.5274,0.0345,0.5343,0.2485,0.3426,0.6923,0.0349,0.0117,0.001,0.0697,0.075,0.0199,0.4454,False,False,False,False
Pontastacus leptodactylus (pooled),random_forest,combined,3,22945,112,0.9097,0.9503,0.2016,0.2352,0.0166,0.0403,-0.0003,1.1667,Pontastacus_leptodactylus_pooled,0.9097,-0.0011,0.0418,0.8016,0.467,0.1725,0.0213,0.0303,-0.0056,1496.0,0.7804,0.4366,0.8001,0.1707,0.7156,0.7463,0.462,0.0067,0.0025,0.011,0.0129,0.0132,3.1945,True,True,False,False
Pontastacus leptodactylus (pooled),random_forest,combined,10,22945,112,0.9038,0.9497,0.2181,0.2583,0.0203,0.0462,0.0003,1.1844,Pontastacus_leptodactylus_pooled,0.9038,-0.0101,0.0488,0.7916,0.4391,0.1807,0.0113,0.0024,0.0025,1496.0,0.7804,0.4366,0.8001,0.1707,0.7156,0.7463,0.462,0.0067,0.0025,0.011,0.0129,0.0132,1.6947,True,True,False,False
Pontastacus leptodactylus (pooled),random_forest,combined,20,22945,112,0.8661,0.9478,0.2279,0.3013,0.0376,0.0839,0.0022,1.3224,Pontastacus_leptodactylus_pooled,0.8661,-0.0219,0.0617,0.7853,0.4225,0.1849,0.005,-0.0141,0.0067,1496.0,0.7804,0.4366,0.8001,0.1707,0.7156,0.7463,0.462,0.0067,0.0025,0.011,0.0129,0.0132,0.7499,True,True,True,True
Pontastacus leptodactylus (pooled),xgboost,local_only,3,22945,112,0.876,0.9501,0.2323,0.2548,0.011,0.074,-0.0001,1.0968,Pontastacus_leptodactylus_pooled,0.876,-0.008,0.0638,0.8081,0.478,0.1758,0.0181,0.0442,-0.0113,1496.0,0.7899,0.4338,0.8078,0.1738,0.7185,0.7552,0.4736,0.0082,0.0045,0.0144,0.0146,0.016,2.2081,True,True,True,True
Pontastacus leptodactylus (pooled),xgboost,local_only,10,22945,112,0.8394,0.9475,0.276,0.3112,0.0179,0.1106,0.0025,1.1274,Pontastacus_leptodactylus_pooled,0.8394,-0.0173,0.0757,0.7987,0.4518,0.1867,0.0088,0.018,-0.0004,1496.0,0.7899,0.4338,0.8078,0.1738,0.7185,0.7552,0.4736,0.0082,0.0045,0.0144,0.0146,0.016,1.0735,True,True,True,True
Pontastacus leptodactylus (pooled),xgboost,local_only,20,22945,112,0.7715,0.9447,0.3039,0.3724,0.0354,0.1785,0.0053,1.2254,Pontastacus_leptodactylus_pooled,0.7715,-0.0278,0.0913,0.7909,0.4336,0.1904,0.001,-0.0003,0.0033,1496.0,0.7899,0.4338,0.8078,0.1738,0.7185,0.7552,0.4736,0.0082,0.0045,0.0144,0.0146,0.016,0.122,True,True,True,True
Pontastacus leptodactylus (pooled),xgboost,upstream_only,3,22945,112,0.9995,0.9995,0.0457,0.0457,0.0,-0.0495,-0.0495,1.0,Pontastacus_leptodactylus_pooled,0.9995,0.0009,0.009,0.5283,0.0338,0.2564,0.0031,-0.0177,-0.0031,1496.0,0.5252,0.0515,0.5347,0.2605,0.3842,0.6601,0.0443,0.0122,0.0014,0.0287,0.0315,0.0145,0.2533,False,False,False,False
Pontastacus leptodactylus (pooled),xgboost,upstream_only,10,22945,112,0.9966,0.9966,0.048,0.048,0.0,-0.0466,-0.0466,1.0,Pontastacus_leptodactylus_pooled,0.9966,-0.0014,0.0093,0.5292,0.0338,0.2538,0.004,-0.0176,-0.0057,1496.0,0.5252,0.0515,0.5347,0.2605,0.3842,0.6601,0.0443,0.0122,0.0014,0.0287,0.0315,0.0145,0.3269,False,False,False,False
Pontastacus leptodactylus (pooled),xgboost,upstream_only,20,22945,112,0.9995,0.9995,0.0527,0.0527,0.0,-0.0495,-0.0495,1.0,Pontastacus_leptodactylus_pooled,0.9995,-0.0117,0.015,0.533,0.0359,0.2536,0.0078,-0.0156,-0.0059,1496.0,0.5252,0.0515,0.5347,0.2605,0.3842,0.6601,0.0443,0.0122,0.0014,0.0287,0.0315,0.0145,0.6374,False,False,False,False
Pontastacus leptodactylus (pooled),xgboost,combined,3,22945,112,0.876,0.9501,0.2323,0.2548,0.011,0.074,-0.0001,1.0968,Pontastacus_leptodactylus_pooled,0.876,-0.008,0.0638,0.8081,0.478,0.1758,0.0181,0.0442,-0.0113,1496.0,0.7899,0.4338,0.8078,0.1738,0.7185,0.7552,0.4736,0.0082,0.0045,0.0144,0.0146,0.016,2.2081,True,True,True,True
Pontastacus leptodactylus (pooled),xgboost,combined,10,22945,112,0.8394,0.9475,0.276,0.3112,0.0179,0.1106,0.0025,1.1274,Pontastacus_leptodactylus_pooled,0.8394,-0.0173,0.0757,0.7987,0.4518,0.1867,0.0088,0.018,-0.0004,1496.0,0.7899,0.4338,0.8078,0.1738,0.7185,0.7552,0.4736,0.0082,0.0045,0.0144,0.0146,0.016,1.0735,True,True,True,True
Pontastacus leptodactylus (pooled),xgboost,combined,20,22945,112,0.7715,0.9447,0.3039,0.3724,0.0354,0.1785,0.0053,1.2254,Pontastacus_leptodactylus_pooled,0.7715,-0.0278,0.0913,0.7909,0.4336,0.1904,0.001,-0.0003,0.0033,1496.0,0.7899,0.4338,0.8078,0.1738,0.7185,0.7552,0.4736,0.0082,0.0045,0.0144,0.0146,0.016,0.122,True,True,True,True
Procambarus clarkii (alien),random_forest,local_only,3,48267,405,0.9097,0.9531,0.1538,0.1658,0.0052,0.0403,-0.0031,1.078,Procambarus_clarkii_alien,0.9097,0.0013,0.038,0.9088,0.6696,0.1161,-0.0012,0.008,0.002,7711.0,0.91,0.6616,0.9097,0.114,0.8538,0.8082,0.662,0.0025,0.001,0.0042,0.0064,0.0068,-0.4826,True,True,False,False
Procambarus clarkii (alien),random_forest,local_only,10,48267,405,0.9054,0.953,0.1686,0.1833,0.0063,0.0446,-0.003,1.0872,Procambarus_clarkii_alien,0.9054,-0.0014,0.0411,0.9005,0.6528,0.1214,-0.0096,-0.0088,0.0073,7711.0,0.91,0.6616,0.9097,0.114,0.8538,0.8082,0.662,0.0025,0.001,0.0042,0.0064,0.0068,-3.8606,True,True,False,False
Procambarus clarkii (alien),random_forest,local_only,20,48267,405,0.8817,0.9528,0.1792,0.2042,0.0103,0.0683,-0.0028,1.1395,Procambarus_clarkii_alien,0.8817,-0.0041,0.0473,0.8939,0.6357,0.125,-0.0161,-0.0259,0.0109,7711.0,0.91,0.6616,0.9097,0.114,0.8538,0.8082,0.662,0.0025,0.001,0.0042,0.0064,0.0068,-6.4745,True,True,True,True
Procambarus clarkii (alien),random_forest,upstream_only,3,48267,405,1.0,1.0,0.0231,0.0231,0.0,-0.05,-0.05,1.0,Procambarus_clarkii_alien,1.0,-0.0011,0.0042,0.4893,-0.0232,0.252,0.0021,0.0112,-0.0002,7711.0,0.4871,-0.0344,0.4908,0.2522,0.5369,0.4449,-0.0182,0.0056,0.0004,0.031,0.0356,0.0092,0.3745,False,False,False,False
Procambarus clarkii (alien),random_forest,upstream_only,10,48267,405,0.6522,1.0,0.0224,0.0239,0.0008,0.2978,-0.05,1.0677,Procambarus_clarkii_alien,0.6522,-0.0006,0.0053,0.496,-0.0112,0.2516,0.0089,0.0231,-0.0006,7711.0,0.4871,-0.0344,0.4908,0.2522,0.5369,0.4449,-0.0182,0.0056,0.0004,0.031,0.0356,0.0092,1.5873,False,False,True,False
Procambarus clarkii (alien),random_forest,upstream_only,20,48267,405,0.6522,1.0,0.0271,0.0347,0.0038,0.2978,-0.05,1.281,Procambarus_clarkii_alien,0.6522,-0.0016,0.0095,0.5049,0.002,0.2514,0.0178,0.0364,-0.0008,7711.0,0.4871,-0.0344,0.4908,0.2522,0.5369,0.4449,-0.0182,0.0056,0.0004,0.031,0.0356,0.0092,3.1747,False,False,True,False
Procambarus clarkii (alien),random_forest,combined,3,48267,405,0.9097,0.9531,0.1538,0.1658,0.0052,0.0403,-0.0031,1.078,Procambarus_clarkii_alien,0.9097,0.0013,0.038,0.9088,0.6696,0.1161,-0.0012,0.008,0.002,7711.0,0.91,0.6616,0.9097,0.114,0.8538,0.8082,0.662,0.0025,0.001,0.0042,0.0064,0.0068,-0.4826,True,True,False,False
Procambarus clarkii (alien),random_forest,combined,10,48267,405,0.9054,0.953,0.1686,0.1833,0.0063,0.0446,-0.003,1.0872,Procambarus_clarkii_alien,0.9054,-0.0014,0.0411,0.9005,0.6528,0.1214,-0.0096,-0.0088,0.0073,7711.0,0.91,0.6616,0.9097,0.114,0.8538,0.8082,0.662,0.0025,0.001,0.0042,0.0064,0.0068,-3.8606,True,True,False,False
Procambarus clarkii (alien),random_forest,combined,20,48267,405,0.8817,0.9528,0.1792,0.2042,0.0103,0.0683,-0.0028,1.1395,Procambarus_clarkii_alien,0.8817,-0.0041,0.0473,0.8939,0.6357,0.125,-0.0161,-0.0259,0.0109,7711.0,0.91,0.6616,0.9097,0.114,0.8538,0.8082,0.662,0.0025,0.001,0.0042,0.0064,0.0068,-6.4745,True,True,True,True
Procambarus clarkii (alien),xgboost,local_only,3,48267,405,0.8943,0.9523,0.1237,0.1334,0.0035,0.0557,-0.0023,1.0787,Procambarus_clarkii_alien,0.8943,-0.0012,0.0336,0.9085,0.6669,0.1124,-0.0008,0.0098,0.0001,7711.0,0.9094,0.6571,0.9104,0.1108,0.8506,0.8095,0.6601,0.0024,0.0016,0.0049,0.0066,0.0069,-0.331,True,True,True,True
Procambarus clarkii (alien),xgboost,local_only,10,48267,405,0.8568,0.9514,0.1321,0.1535,0.0079,0.0932,-0.0014,1.1615,Procambarus_clarkii_alien,0.8568,-0.0027,0.0383,0.8994,0.6464,0.1177,-0.01,-0.0107,0.0054,7711.0,0.9094,0.6571,0.9104,0.1108,0.8506,0.8095,0.6601,0.0024,0.0016,0.0049,0.0066,0.0069,-4.1376,True,True,True,True
Procambarus clarkii (alien),xgboost,local_only,20,48267,405,0.8058,0.9508,0.1383,0.1864,0.0188,0.1442,-0.0008,1.3483,Procambarus_clarkii_alien,0.8058,-0.0039,0.0457,0.894,0.6306,0.1205,-0.0153,-0.0266,0.0082,7711.0,0.9094,0.6571,0.9104,0.1108,0.8506,0.8095,0.6601,0.0024,0.0016,0.0049,0.0066,0.0069,-6.3305,True,True,True,True
Procambarus clarkii (alien),xgboost,upstream_only,3,48267,405,1.0,1.0,0.0234,0.0234,0.0,-0.05,-0.05,1.0,Procambarus_clarkii_alien,1.0,-0.0017,0.0043,0.489,-0.0097,0.2646,0.002,-0.0085,-0.0005,7711.0,0.4871,-0.0012,0.4909,0.2647,0.3947,0.605,-0.0003,0.0057,0.0006,0.0339,0.0352,0.0043,0.3537,False,False,False,False
Procambarus clarkii (alien),xgboost,upstream_only,10,48267,405,0.6522,1.0,0.0215,0.0242,0.0013,0.2978,-0.05,1.1234,Procambarus_clarkii_alien,0.6522,-0.0001,0.0058,0.4958,-0.0049,0.2653,0.0087,-0.0037,0.0002,7711.0,0.4871,-0.0012,0.4909,0.2647,0.3947,0.605,-0.0003,0.0057,0.0006,0.0339,0.0352,0.0043,1.5385,False,False,True,False
Procambarus clarkii (alien),xgboost,upstream_only,20,48267,405,0.519,1.0,0.0269,0.0357,0.0044,0.431,-0.05,1.3274,Procambarus_clarkii_alien,0.519,-0.0034,0.0098,0.5046,0.0001,0.2651,0.0175,0.0013,0.0001,7711.0,0.4871,-0.0012,0.4909,0.2647,0.3947,0.605,-0.0003,0.0057,0.0006,0.0339,0.0352,0.0043,3.0948,False,False,True,False
Procambarus clarkii (alien),xgboost,combined,3,48267,405,0.8943,0.9523,0.1237,0.1334,0.0035,0.0557,-0.0023,1.0787,Procambarus_clarkii_alien,0.8943,-0.0012,0.0336,0.9085,0.6669,0.1124,-0.0008,0.0098,0.0001,7711.0,0.9094,0.6571,0.9104,0.1108,0.8506,0.8095,0.6601,0.0024,0.0016,0.0049,0.0066,0.0069,-0.331,True,True,True,True
Procambarus clarkii (alien),xgboost,combined,10,48267,405,0.8568,0.9514,0.1321,0.1535,0.0079,0.0932,-0.0014,1.1615,Procambarus_clarkii_alien,0.8568,-0.0027,0.0383,0.8994,0.6464,0.1177,-0.01,-0.0107,0.0054,7711.0,0.9094,0.6571,0.9104,0.1108,0.8506,0.8095,0.6601,0.0024,0.0016,0.0049,0.0066,0.0069,-4.1376,True,True,True,True
Procambarus clarkii (alien),xgboost,combined,20,48267,405,0.8058,0.9508,0.1383,0.1864,0.0188,0.1442,-0.0008,1.3483,Procambarus_clarkii_alien,0.8058,-0.0039,0.0457,0.894,0.6306,0.1205,-0.0153,-0.0266,0.0082,7711.0,0.9094,0.6571,0.9104,0.1108,0.8506,0.8095,0.6601,0.0024,0.0016,0.0049,0.0066,0.0069,-6.3305,True,True,True,True
Procambarus clarkii (native),random_forest,local_only,3,19320,49,0.916,0.9664,0.0673,0.0836,0.0034,0.034,-0.0164,1.2414,Procambarus_clarkii_native,0.916,-0.0004,0.0213,0.8218,0.3498,0.0984,-0.0171,-0.0901,0.0144,1915.0,0.839,0.4399,0.8491,0.0796,0.9078,0.5671,0.4749,0.0151,0.0031,0.0037,0.024,0.024,-1.1312,True,True,False,False
Procambarus clarkii (native),random_forest,local_only,10,19320,49,0.9109,0.9663,0.0673,0.0886,0.0043,0.0391,-0.0163,1.3165,Procambarus_clarkii_native,0.9109,-0.0004,0.0223,0.8156,0.3354,0.0999,-0.0233,-0.1045,0.0159,1915.0,0.839,0.4399,0.8491,0.0796,0.9078,0.5671,0.4749,0.0151,0.0031,0.0037,0.024,0.024,-1.5413,True,True,False,False
Procambarus clarkii (native),random_forest,local_only,20,19320,49,0.8983,0.9609,0.0689,0.0893,0.0064,0.0517,-0.0109,1.2974,Procambarus_clarkii_native,0.8983,-0.0004,0.0244,0.8307,0.3994,0.0817,-0.0083,-0.0405,-0.0023,1915.0,0.839,0.4399,0.8491,0.0796,0.9078,0.5671,0.4749,0.0151,0.0031,0.0037,0.024,0.024,-0.549,True,True,True,True
Procambarus clarkii (native),random_forest,upstream_only,3,19320,49,1.0,1.0,0.0428,0.0428,0.0,-0.05,-0.05,1.0,Procambarus_clarkii_native,1.0,0.004,0.0101,0.4764,-0.0359,0.2544,0.0027,0.0515,-0.0029,1915.0,0.4737,-0.0874,0.4964,0.2534,0.6064,0.389,-0.0046,0.0255,0.0017,0.041,0.039,0.0276,0.1059,False,False,False,False
Procambarus clarkii (native),random_forest,upstream_only,10,19320,49,1.0,1.0,0.0419,0.0419,0.0,-0.05,-0.05,1.0,Procambarus_clarkii_native,1.0,0.0057,0.014,0.4788,-0.0423,0.2545,0.0051,0.0451,-0.0028,1915.0,0.4737,-0.0874,0.4964,0.2534,0.6064,0.389,-0.0046,0.0255,0.0017,0.041,0.039,0.0276,0.1999,False,False,False,False
Procambarus clarkii (native),random_forest,upstream_only,20,19320,49,0.9589,0.9589,0.0511,0.0511,0.0,-0.0089,-0.0089,1.0,Procambarus_clarkii_native,0.9589,0.0055,0.0133,0.4911,-0.0138,0.253,0.0174,0.0736,-0.0044,1915.0,0.4737,-0.0874,0.4964,0.2534,0.6064,0.389,-0.0046,0.0255,0.0017,0.041,0.039,0.0276,0.6822,False,False,False,False
Procambarus clarkii (native),random_forest,combined,3,19320,49,0.916,0.9664,0.0673,0.0836,0.0034,0.034,-0.0164,1.2414,Procambarus_clarkii_native,0.916,-0.0004,0.0213,0.8218,0.3498,0.0984,-0.0171,-0.0901,0.0144,1915.0,0.839,0.4399,0.8491,0.0796,0.9078,0.5671,0.4749,0.0151,0.0031,0.0037,0.024,0.024,-1.1312,True,True,False,False
Procambarus clarkii (native),random_forest,combined,10,19320,49,0.9109,0.9663,0.0673,0.0886,0.0043,0.0391,-0.0163,1.3165,Procambarus_clarkii_native,0.9109,-0.0004,0.0223,0.8156,0.3354,0.0999,-0.0233,-0.1045,0.0159,1915.0,0.839,0.4399,0.8491,0.0796,0.9078,0.5671,0.4749,0.0151,0.0031,0.0037,0.024,0.024,-1.5413,True,True,False,False
Procambarus clarkii (native),random_forest,combined,20,19320,49,0.8983,0.9609,0.0689,0.0893,0.0064,0.0517,-0.0109,1.2974,Procambarus_clarkii_native,0.8983,-0.0004,0.0244,0.8307,0.3994,0.0817,-0.0083,-0.0405,-0.0023,1915.0,0.839,0.4399,0.8491,0.0796,0.9078,0.5671,0.4749,0.0151,0.0031,0.0037,0.024,0.024,-0.549,True,True,True,True
Procambarus clarkii (native),xgboost,local_only,3,19320,49,0.8982,0.9656,0.0567,0.061,0.0003,0.0518,-0.0156,1.0763,Procambarus_clarkii_native,0.8982,-0.0001,0.0263,0.8141,0.3731,0.0999,-0.0337,-0.0785,0.0157,1915.0,0.8478,0.4516,0.8569,0.0766,0.8976,0.5887,0.4863,0.0152,0.0036,0.0053,0.0256,0.0261,-2.2174,True,True,True,True
Procambarus clarkii (native),xgboost,local_only,10,19320,49,0.8957,0.9653,0.0571,0.061,0.0003,0.0543,-0.0153,1.0683,Procambarus_clarkii_native,0.8957,-0.0001,0.0273,0.8127,0.3562,0.0999,-0.035,-0.0954,0.0157,1915.0,0.8478,0.4516,0.8569,0.0766,0.8976,0.5887,0.4863,0.0152,0.0036,0.0053,0.0256,0.0261,-2.303,True,True,True,True
Procambarus clarkii (native),xgboost,local_only,20,19320,49,0.8784,0.963,0.0555,0.0629,0.0009,0.0716,-0.013,1.1329,Procambarus_clarkii_native,0.8784,-0.0001,0.0291,0.8275,0.408,0.0808,-0.0203,-0.0437,-0.0034,1915.0,0.8478,0.4516,0.8569,0.0766,0.8976,0.5887,0.4863,0.0152,0.0036,0.0053,0.0256,0.0261,-1.3357,True,True,True,True
Procambarus clarkii (native),xgboost,upstream_only,3,19320,49,1.0,1.0,0.0424,0.0424,0.0,-0.05,-0.05,1.0,Procambarus_clarkii_native,1.0,0.0044,0.0087,0.4776,-0.0618,0.3342,0.0013,0.0182,0.0087,1915.0,0.4762,-0.08,0.4975,0.3224,0.6351,0.319,-0.0459,0.0251,0.0026,0.0188,0.0328,0.0335,0.0517,False,False,False,False
Procambarus clarkii (native),xgboost,upstream_only,10,19320,49,1.0,1.0,0.043,0.043,0.0,-0.05,-0.05,1.0,Procambarus_clarkii_native,1.0,0.0053,0.0124,0.4783,-0.0643,0.3338,0.0021,0.0157,0.0084,1915.0,0.4762,-0.08,0.4975,0.3224,0.6351,0.319,-0.0459,0.0251,0.0026,0.0188,0.0328,0.0335,0.0836,False,False,False,False
Procambarus clarkii (native),xgboost,upstream_only,20,19320,49,0.9589,0.9589,0.0516,0.0516,0.0,-0.0089,-0.0089,1.0,Procambarus_clarkii_native,0.9589,0.0057,0.0119,0.4903,-0.0498,0.3214,0.014,0.0302,-0.0041,1915.0,0.4762,-0.08,0.4975,0.3224,0.6351,0.319,-0.0459,0.0251,0.0026,0.0188,0.0328,0.0335,0.5572,False,False,False,False
Procambarus clarkii (native),xgboost,combined,3,19320,49,0.8982,0.9656,0.0567,0.061,0.0003,0.0518,-0.0156,1.0763,Procambarus_clarkii_native,0.8982,-0.0001,0.0263,0.8141,0.3731,0.0999,-0.0337,-0.0785,0.0157,1915.0,0.8478,0.4516,0.8569,0.0766,0.8976,0.5887,0.4863,0.0152,0.0036,0.0053,0.0256,0.0261,-2.2174,True,True,True,True
Procambarus clarkii (native),xgboost,combined,10,19320,49,0.8957,0.9653,0.0571,0.061,0.0003,0.0543,-0.0153,1.0683,Procambarus_clarkii_native,0.8957,-0.0001,0.0273,0.8127,0.3562,0.0999,-0.035,-0.0954,0.0157,1915.0,0.8478,0.4516,0.8569,0.0766,0.8976,0.5887,0.4863,0.0152,0.0036,0.0053,0.0256,0.0261,-2.303,True,True,True,True
Procambarus clarkii (native),xgboost,combined,20,19320,49,0.8784,0.963,0.0555,0.0629,0.0009,0.0716,-0.013,1.1329,Procambarus_clarkii_native,0.8784,-0.0001,0.0291,0.8275,0.408,0.0808,-0.0203,-0.0437,-0.0034,1915.0,0.8478,0.4516,0.8569,0.0766,0.8976,0.5887,0.4863,0.0152,0.0036,0.0053,0.0256,0.0261,-1.3357,True,True,True,True
