cell,member,before_brier,before_ece,before_cal_intercept,before_cal_slope,platt_brier,platt_ece,platt_cal_intercept,platt_cal_slope,isotonic_brier,isotonic_ece,isotonic_cal_intercept,isotonic_cal_slope,entity_dir,track,level
Astacus_astacus__consensus__combined__benchmark__L0,glm,0.17734,0.03885,0.03586,0.87179,0.1951,0.08156,-0.02997,0.74089,0.19674,0.10048,0.0153,0.65832,Astacus_astacus,combined,0
Astacus_astacus__consensus__combined__benchmark__L0,gam,0.17347,0.03999,0.12691,0.80631,0.1899,0.037,0.03552,0.77752,0.1946,0.0657,0.03505,0.66061,Astacus_astacus,combined,0
Astacus_astacus__consensus__combined__benchmark__L0,random_forest,0.15399,0.04106,0.09202,1.20045,0.19526,0.11838,0.04976,0.61556,0.20871,0.14909,0.03962,0.49675,Astacus_astacus,combined,0
Astacus_astacus__consensus__combined__benchmark__L0,xgboost,0.20057,0.16089,0.18784,0.42997,0.22455,0.11518,0.07039,0.46538,0.22848,0.15146,0.04337,0.41995,Astacus_astacus,combined,0
Astacus_astacus__consensus__combined__lowacc__L10,glm,0.18829,0.02779,-0.00171,0.91104,0.19968,0.04421,-0.05521,0.81604,0.20463,0.06761,0.00811,0.65518,Astacus_astacus,combined,10
Astacus_astacus__consensus__combined__lowacc__L10,gam,0.18418,0.03317,0.07357,0.87881,0.19245,0.02116,0.00519,0.89753,0.1971,0.04452,0.02123,0.75665,Astacus_astacus,combined,10
Astacus_astacus__consensus__combined__lowacc__L10,random_forest,0.17121,0.04481,0.00252,1.27646,0.19055,0.08722,0.00877,0.75274,0.20874,0.13352,-0.03845,0.57792,Astacus_astacus,combined,10
Astacus_astacus__consensus__combined__lowacc__L10,xgboost,0.18602,0.1027,0.15812,0.57361,0.19759,0.09471,0.03595,0.72624,0.20317,0.12269,-0.03073,0.62006,Astacus_astacus,combined,10
Astacus_astacus__consensus__combined__lowacc__L20,glm,0.20273,0.03413,0.02287,0.81278,0.21165,0.03366,-0.06094,0.83278,0.22109,0.07505,0.03144,0.47188,Astacus_astacus,combined,20
Astacus_astacus__consensus__combined__lowacc__L20,gam,0.2009,0.04119,0.07469,0.7426,0.20806,0.01837,-0.02991,0.89389,0.21461,0.05203,0.01004,0.66011,Astacus_astacus,combined,20
Astacus_astacus__consensus__combined__lowacc__L20,random_forest,0.20252,0.0403,-0.12462,0.94525,0.22594,0.10672,0.01128,0.64296,0.24115,0.17883,-0.05299,0.37868,Astacus_astacus,combined,20
Astacus_astacus__consensus__combined__lowacc__L20,xgboost,0.22683,0.14144,-0.01607,0.43971,0.23358,0.10464,0.02909,0.57111,0.24327,0.18639,-0.02673,0.33213,Astacus_astacus,combined,20
Astacus_astacus__consensus__combined__lowacc__L3,glm,0.18309,0.03576,0.00452,0.87886,0.19842,0.06932,-0.05589,0.77563,0.20221,0.0938,-0.00402,0.66213,Astacus_astacus,combined,3
Astacus_astacus__consensus__combined__lowacc__L3,gam,0.18262,0.04536,0.07269,0.78375,0.19512,0.03553,-0.00403,0.83323,0.20117,0.05321,0.02204,0.67964,Astacus_astacus,combined,3
Astacus_astacus__consensus__combined__lowacc__L3,random_forest,0.16942,0.02448,-0.0234,1.11259,0.19716,0.08902,0.0198,0.69394,0.21381,0.13084,-0.04772,0.50524,Astacus_astacus,combined,3
Astacus_astacus__consensus__combined__lowacc__L3,xgboost,0.21006,0.15356,0.05597,0.43194,0.22138,0.11834,0.03711,0.56142,0.22507,0.13832,0.00386,0.46458,Astacus_astacus,combined,3
Astacus_astacus__consensus__local_only__benchmark__L0,glm,0.18,0.04642,0.02887,0.84303,0.20421,0.11894,-0.00699,0.62378,0.20145,0.13217,0.02533,0.50099,Astacus_astacus,local_only,0
Astacus_astacus__consensus__local_only__benchmark__L0,gam,0.17778,0.0476,0.13945,0.77127,0.1994,0.04868,0.05707,0.697,0.20608,0.07942,0.06824,0.58375,Astacus_astacus,local_only,0
Astacus_astacus__consensus__local_only__benchmark__L0,random_forest,0.15506,0.04152,0.06908,1.19436,0.19576,0.11741,0.04838,0.61708,0.20902,0.14443,0.02426,0.4997,Astacus_astacus,local_only,0
Astacus_astacus__consensus__local_only__benchmark__L0,xgboost,0.20263,0.16766,0.20041,0.41881,0.22994,0.13764,0.08331,0.41992,0.23062,0.15005,0.03333,0.40393,Astacus_astacus,local_only,0
Astacus_astacus__consensus__local_only__lowacc__L10,glm,0.18943,0.04322,-0.00105,0.9053,0.20267,0.0836,-0.0347,0.78988,0.20278,0.07025,0.00363,0.57925,Astacus_astacus,local_only,10
Astacus_astacus__consensus__local_only__lowacc__L10,gam,0.18732,0.02451,0.0733,0.84458,0.19844,0.03078,0.02198,0.84664,0.20581,0.07828,0.04898,0.7003,Astacus_astacus,local_only,10
Astacus_astacus__consensus__local_only__lowacc__L10,random_forest,0.17271,0.04255,-0.02208,1.25394,0.19335,0.08788,0.00425,0.74143,0.21316,0.13518,-0.05854,0.55584,Astacus_astacus,local_only,10
Astacus_astacus__consensus__local_only__lowacc__L10,xgboost,0.18975,0.106,0.07472,0.56547,0.20078,0.07234,0.02596,0.72096,0.20635,0.12584,-0.02851,0.60227,Astacus_astacus,local_only,10
Astacus_astacus__consensus__local_only__lowacc__L20,glm,0.20397,0.0461,0.01251,0.80993,0.21436,0.06862,-0.05899,0.82682,0.2193,0.08935,-0.02191,0.65561,Astacus_astacus,local_only,20
Astacus_astacus__consensus__local_only__lowacc__L20,gam,0.20435,0.05167,0.06809,0.70313,0.21403,0.03175,-0.0336,0.84444,0.22182,0.07028,0.01936,0.60749,Astacus_astacus,local_only,20
Astacus_astacus__consensus__local_only__lowacc__L20,random_forest,0.19954,0.03284,-0.13713,0.99356,0.22116,0.09297,0.00495,0.67231,0.24431,0.16262,-0.0518,0.35617,Astacus_astacus,local_only,20
Astacus_astacus__consensus__local_only__lowacc__L20,xgboost,0.22452,0.14183,-0.01429,0.44577,0.2297,0.09242,0.02567,0.60884,0.24127,0.16701,0.00453,0.30357,Astacus_astacus,local_only,20
Astacus_astacus__consensus__local_only__lowacc__L3,glm,0.18509,0.05461,-0.00067,0.85169,0.20486,0.11055,-0.03093,0.70362,0.20369,0.08654,-0.00921,0.64583,Astacus_astacus,local_only,3
Astacus_astacus__consensus__local_only__lowacc__L3,gam,0.18729,0.04758,0.0589,0.73472,0.20371,0.04204,0.01045,0.76046,0.21139,0.07136,0.03432,0.52371,Astacus_astacus,local_only,3
Astacus_astacus__consensus__local_only__lowacc__L3,random_forest,0.16951,0.02254,-0.04596,1.12656,0.19803,0.09323,0.01834,0.68737,0.21357,0.12309,-0.03842,0.51381,Astacus_astacus,local_only,3
Astacus_astacus__consensus__local_only__lowacc__L3,xgboost,0.20808,0.15001,0.03056,0.43269,0.21997,0.10999,0.03336,0.5794,0.226,0.1492,0.01064,0.46289,Astacus_astacus,local_only,3
Astacus_astacus__consensus__upstream_only__benchmark__L0,glm,0.20215,0.05049,0.01559,0.70945,0.22615,0.1016,-0.03511,0.4837,0.21827,0.13989,-0.02919,0.49298,Astacus_astacus,upstream_only,0
Astacus_astacus__consensus__upstream_only__benchmark__L0,gam,0.19252,0.07071,0.03121,0.71001,0.20531,0.09388,-0.03523,0.79694,0.20245,0.11277,-0.04288,0.70222,Astacus_astacus,upstream_only,0
Astacus_astacus__consensus__upstream_only__benchmark__L0,random_forest,0.19211,0.04418,0.15724,1.03471,0.21477,0.11911,-0.03251,0.70888,0.23424,0.18442,-0.00413,0.40438,Astacus_astacus,upstream_only,0
Astacus_astacus__consensus__upstream_only__benchmark__L0,xgboost,0.24202,0.17452,0.10021,0.3499,0.25145,0.15482,0.04101,0.37844,0.25946,0.16162,0.01722,0.25901,Astacus_astacus,upstream_only,0
Astacus_astacus__consensus__upstream_only__lowacc__L10,glm,0.20821,0.0435,0.02001,0.67919,0.22786,0.07964,-0.03045,0.47922,0.22392,0.10241,-0.07872,0.46112,Astacus_astacus,upstream_only,10
Astacus_astacus__consensus__upstream_only__lowacc__L10,gam,0.20694,0.07281,0.00412,0.42209,0.22763,0.06704,-0.02419,0.36511,0.21469,0.08464,-0.02233,0.32227,Astacus_astacus,upstream_only,10
Astacus_astacus__consensus__upstream_only__lowacc__L10,random_forest,0.19843,0.02967,0.15929,1.13907,0.21282,0.0903,-0.02471,0.76814,0.22437,0.13371,-0.06044,0.55047,Astacus_astacus,upstream_only,10
Astacus_astacus__consensus__upstream_only__lowacc__L10,xgboost,0.22882,0.139,0.10484,0.43024,0.23444,0.11479,0.02622,0.56586,0.23351,0.12071,-0.04493,0.47009,Astacus_astacus,upstream_only,10
Astacus_astacus__consensus__upstream_only__lowacc__L20,glm,0.21485,0.03429,0.03237,0.68062,0.23281,0.08217,-0.039,0.48686,0.231,0.07362,-0.07722,0.49562,Astacus_astacus,upstream_only,20
Astacus_astacus__consensus__upstream_only__lowacc__L20,gam,0.21317,0.06175,0.03344,0.63553,0.2229,0.07551,-0.03932,0.77975,0.22267,0.05096,-0.01035,0.58729,Astacus_astacus,upstream_only,20
Astacus_astacus__consensus__upstream_only__lowacc__L20,random_forest,0.21476,0.02655,0.02817,0.91688,0.23345,0.07379,-0.02356,0.64406,0.23718,0.09095,-0.06067,0.33787,Astacus_astacus,upstream_only,20
Astacus_astacus__consensus__upstream_only__lowacc__L20,xgboost,0.25136,0.16845,0.06722,0.32397,0.2583,0.1291,0.03919,0.28972,0.26621,0.16143,-0.00456,0.12981,Astacus_astacus,upstream_only,20
Astacus_astacus__consensus__upstream_only__lowacc__L3,glm,0.20499,0.04124,0.00617,0.69931,0.2287,0.10055,-0.04269,0.45236,0.2245,0.11776,-0.05995,0.2478,Astacus_astacus,upstream_only,3
Astacus_astacus__consensus__upstream_only__lowacc__L3,gam,0.19837,0.08769,0.00397,0.69602,0.20925,0.07553,-0.04173,0.80621,0.2078,0.08767,-0.06965,0.67425,Astacus_astacus,upstream_only,3
Astacus_astacus__consensus__upstream_only__lowacc__L3,random_forest,0.19953,0.06955,0.08039,0.96083,0.21965,0.11776,-0.03513,0.71385,0.23609,0.17862,-0.06847,0.36776,Astacus_astacus,upstream_only,3
Astacus_astacus__consensus__upstream_only__lowacc__L3,xgboost,0.24935,0.19063,0.05194,0.32358,0.25223,0.13341,0.02531,0.3723,0.25956,0.16976,-0.01519,0.27164,Astacus_astacus,upstream_only,3
Austropotamobius_fulcisianus_pooled__consensus__combined__benchmark__L0,glm,0.16078,0.04451,0.11052,0.88564,0.1832,0.07997,-0.01064,0.80648,0.18428,0.08156,0.029,0.60392,Austropotamobius_fulcisianus_pooled,combined,0
Austropotamobius_fulcisianus_pooled__consensus__combined__benchmark__L0,gam,0.17136,0.05318,0.03759,0.73566,0.2019,0.07571,-0.03736,0.70875,0.20322,0.09544,-0.02208,0.61092,Austropotamobius_fulcisianus_pooled,combined,0
Austropotamobius_fulcisianus_pooled__consensus__combined__benchmark__L0,random_forest,0.14461,0.1324,-0.58751,1.93783,0.14827,0.0598,-0.11139,0.85323,0.15197,0.08962,-0.18125,0.73721,Austropotamobius_fulcisianus_pooled,combined,0
Austropotamobius_fulcisianus_pooled__consensus__combined__benchmark__L0,xgboost,0.1623,0.11811,-0.55967,0.62424,0.16546,0.04104,-0.05491,0.81481,0.16514,0.13395,-0.11313,0.71615,Austropotamobius_fulcisianus_pooled,combined,0
Austropotamobius_fulcisianus_pooled__consensus__combined__lowacc__L10,glm,0.16146,0.04382,0.12764,0.95526,0.18223,0.06886,-0.0589,0.84295,0.18062,0.09575,-0.02834,0.6479,Austropotamobius_fulcisianus_pooled,combined,10
Austropotamobius_fulcisianus_pooled__consensus__combined__lowacc__L10,gam,0.17578,0.04063,0.01867,0.77055,0.20398,0.05884,-0.06057,0.72729,0.20628,0.13282,-0.01136,0.471,Austropotamobius_fulcisianus_pooled,combined,10
Austropotamobius_fulcisianus_pooled__consensus__combined__lowacc__L10,random_forest,0.17667,0.11813,-0.69155,1.53673,0.19369,0.06809,-0.10233,0.73468,0.19473,0.15929,-0.18084,0.6384,Austropotamobius_fulcisianus_pooled,combined,10
Austropotamobius_fulcisianus_pooled__consensus__combined__lowacc__L10,xgboost,0.19298,0.15853,-0.5848,0.53944,0.18775,0.0438,-0.06329,0.77764,0.19132,0.11475,-0.06923,0.65094,Austropotamobius_fulcisianus_pooled,combined,10
Austropotamobius_fulcisianus_pooled__consensus__combined__lowacc__L20,glm,0.23366,0.1159,-0.13891,0.41225,0.3342,0.30231,0.11114,-0.24381,0.33036,0.30271,0.00615,0.00806,Austropotamobius_fulcisianus_pooled,combined,20
Austropotamobius_fulcisianus_pooled__consensus__combined__lowacc__L20,gam,0.35972,0.27732,0.05132,-0.03311,0.43247,0.48678,0.58239,-0.66156,0.4342,0.48491,0.22512,-0.1342,Austropotamobius_fulcisianus_pooled,combined,20
Austropotamobius_fulcisianus_pooled__consensus__combined__lowacc__L20,random_forest,0.33139,0.25707,0.03357,-0.02249,0.48336,0.5108,0.82549,-0.59263,0.47588,0.53274,0.51607,-0.31979,Austropotamobius_fulcisianus_pooled,combined,20
Austropotamobius_fulcisianus_pooled__consensus__combined__lowacc__L20,xgboost,0.39076,0.3573,-0.18562,0.0715,0.45898,0.49258,0.72019,-0.67354,0.45776,0.51452,0.41829,-0.29146,Austropotamobius_fulcisianus_pooled,combined,20
Austropotamobius_fulcisianus_pooled__consensus__combined__lowacc__L3,glm,0.19639,0.07431,-0.10772,0.73204,0.28353,0.18305,-0.06656,0.20607,0.27908,0.23686,-0.0788,0.16244,Austropotamobius_fulcisianus_pooled,combined,3
Austropotamobius_fulcisianus_pooled__consensus__combined__lowacc__L3,gam,0.30462,0.2112,-0.15025,0.17565,0.3959,0.41608,0.25883,-0.53442,0.40718,0.39507,0.27484,-0.58658,Austropotamobius_fulcisianus_pooled,combined,3
Austropotamobius_fulcisianus_pooled__consensus__combined__lowacc__L3,random_forest,0.2935,0.21229,-0.45101,0.43323,0.45215,0.49949,0.49194,-0.54558,0.45478,0.49552,0.13467,-0.12235,Austropotamobius_fulcisianus_pooled,combined,3
Austropotamobius_fulcisianus_pooled__consensus__combined__lowacc__L3,xgboost,0.3362,0.31433,-0.66216,0.28492,0.39497,0.40316,0.23259,-0.36602,0.40436,0.40162,-0.00467,-0.01247,Austropotamobius_fulcisianus_pooled,combined,3
Austropotamobius_fulcisianus_pooled__consensus__local_only__benchmark__L0,glm,0.25072,0.15042,-0.0735,0.29705,0.30857,0.2448,0.05878,-0.27964,0.28393,0.21601,-0.00201,-0.00368,Austropotamobius_fulcisianus_pooled,local_only,0
Austropotamobius_fulcisianus_pooled__consensus__local_only__benchmark__L0,gam,0.22184,0.09817,-0.18926,0.53087,0.26972,0.12765,-0.02486,0.19351,0.27984,0.25442,0.00105,0.11278,Austropotamobius_fulcisianus_pooled,local_only,0
Austropotamobius_fulcisianus_pooled__consensus__local_only__benchmark__L0,random_forest,0.14818,0.13631,-0.62267,1.84796,0.15386,0.06645,-0.10522,0.8386,0.15783,0.07525,-0.18113,0.72566,Austropotamobius_fulcisianus_pooled,local_only,0
Austropotamobius_fulcisianus_pooled__consensus__local_only__benchmark__L0,xgboost,0.16995,0.13123,-0.63875,0.6235,0.16811,0.05442,-0.05334,0.80702,0.16869,0.09383,-0.12343,0.71473,Austropotamobius_fulcisianus_pooled,local_only,0
Austropotamobius_fulcisianus_pooled__consensus__local_only__lowacc__L10,glm,0.25682,0.13527,-0.06824,0.2648,0.31842,0.26484,0.09871,-0.30665,0.29329,0.22793,0.03546,-0.06623,Austropotamobius_fulcisianus_pooled,local_only,10
Austropotamobius_fulcisianus_pooled__consensus__local_only__lowacc__L10,gam,0.25195,0.13203,-0.13148,0.30168,0.30596,0.23207,0.04591,-0.1953,0.29427,0.20631,0.00211,-0.00422,Austropotamobius_fulcisianus_pooled,local_only,10
Austropotamobius_fulcisianus_pooled__consensus__local_only__lowacc__L10,random_forest,0.17842,0.11656,-0.6837,1.4689,0.19681,0.06626,-0.09869,0.72038,0.20233,0.13045,-0.15794,0.57142,Austropotamobius_fulcisianus_pooled,local_only,10
Austropotamobius_fulcisianus_pooled__consensus__local_only__lowacc__L10,xgboost,0.19275,0.1569,-0.60031,0.53837,0.18553,0.04958,-0.06469,0.78911,0.18855,0.10039,-0.06843,0.66968,Austropotamobius_fulcisianus_pooled,local_only,10
Austropotamobius_fulcisianus_pooled__consensus__local_only__lowacc__L20,glm,0.23416,0.14378,-0.07475,0.46425,0.343,0.31944,0.45228,-0.94909,0.33345,0.31706,0.25717,-0.42255,Austropotamobius_fulcisianus_pooled,local_only,20
Austropotamobius_fulcisianus_pooled__consensus__local_only__lowacc__L20,gam,0.3758,0.31138,0.26402,-0.19846,0.40494,0.45827,1.16049,-1.65702,0.42809,0.48194,0.78239,-1.14216,Austropotamobius_fulcisianus_pooled,local_only,20
Austropotamobius_fulcisianus_pooled__consensus__local_only__lowacc__L20,random_forest,0.33788,0.25733,0.04432,-0.02996,0.4849,0.51296,0.83833,-0.60687,0.4801,0.52555,0.50491,-0.31565,Austropotamobius_fulcisianus_pooled,local_only,20
Austropotamobius_fulcisianus_pooled__consensus__local_only__lowacc__L20,xgboost,0.38397,0.35165,-0.31092,0.11689,0.44826,0.48683,0.59846,-0.58411,0.45253,0.51196,0.33729,-0.25392,Austropotamobius_fulcisianus_pooled,local_only,20
Austropotamobius_fulcisianus_pooled__consensus__local_only__lowacc__L3,glm,0.21994,0.13836,-0.02701,0.5366,0.31258,0.25591,0.16604,-0.47094,0.30623,0.21497,0.08086,-0.18654,Austropotamobius_fulcisianus_pooled,local_only,3
Austropotamobius_fulcisianus_pooled__consensus__local_only__lowacc__L3,gam,0.30265,0.22327,-0.09248,0.10848,0.3843,0.44255,0.57462,-1.50989,0.40951,0.44974,0.31808,-0.97154,Austropotamobius_fulcisianus_pooled,local_only,3
Austropotamobius_fulcisianus_pooled__consensus__local_only__lowacc__L3,random_forest,0.3021,0.22311,-0.40017,0.36051,0.45667,0.49965,0.52965,-0.57742,0.45845,0.50079,0.0957,-0.09288,Austropotamobius_fulcisianus_pooled,local_only,3
Austropotamobius_fulcisianus_pooled__consensus__local_only__lowacc__L3,xgboost,0.33512,0.31491,-0.69268,0.29676,0.39078,0.40163,0.21453,-0.34827,0.40078,0.41576,0.0181,-0.0384,Austropotamobius_fulcisianus_pooled,local_only,3
Austropotamobius_fulcisianus_pooled__consensus__upstream_only__benchmark__L0,glm,0.26468,0.07751,-0.02028,0.12084,0.30943,0.33407,0.25893,-2.4309,0.32654,0.33287,0.03774,-0.56631,Austropotamobius_fulcisianus_pooled,upstream_only,0
Austropotamobius_fulcisianus_pooled__consensus__upstream_only__benchmark__L0,gam,0.29286,0.26317,0.09072,0.10902,0.31601,0.32638,0.57794,-2.31503,0.32233,0.30151,0.01622,-0.7469,Austropotamobius_fulcisianus_pooled,upstream_only,0
Austropotamobius_fulcisianus_pooled__consensus__upstream_only__benchmark__L0,random_forest,0.21588,0.13171,-0.18161,1.3152,0.27509,0.25497,-0.03664,0.27332,0.28979,0.29768,-0.03071,0.16748,Austropotamobius_fulcisianus_pooled,upstream_only,0
Austropotamobius_fulcisianus_pooled__consensus__upstream_only__benchmark__L0,xgboost,0.25246,0.24558,-0.11812,0.38796,0.28,0.24267,-0.01938,0.15895,0.29629,0.31269,-0.04817,0.13613,Austropotamobius_fulcisianus_pooled,upstream_only,0
Austropotamobius_fulcisianus_pooled__consensus__upstream_only__lowacc__L10,glm,0.26121,0.06622,-0.02779,0.1884,0.30763,0.33719,0.29284,-1.99691,0.32059,0.33152,0.06262,-0.34154,Austropotamobius_fulcisianus_pooled,upstream_only,10
Austropotamobius_fulcisianus_pooled__consensus__upstream_only__lowacc__L10,gam,0.28835,0.24534,0.06078,0.11994,0.33601,0.35995,0.64746,-1.99667,0.33052,0.2903,0.09508,-0.45633,Austropotamobius_fulcisianus_pooled,upstream_only,10
Austropotamobius_fulcisianus_pooled__consensus__upstream_only__lowacc__L10,random_forest,0.23164,0.12155,-0.17244,0.91989,0.28719,0.23244,-0.00152,0.01007,0.27974,0.23953,-0.06664,0.16435,Austropotamobius_fulcisianus_pooled,upstream_only,10
Austropotamobius_fulcisianus_pooled__consensus__upstream_only__lowacc__L10,xgboost,0.26191,0.25616,-0.1254,0.35216,0.27971,0.20866,-0.01378,0.09182,0.28678,0.27286,0.00099,0.11218,Austropotamobius_fulcisianus_pooled,upstream_only,10
Austropotamobius_fulcisianus_pooled__consensus__upstream_only__lowacc__L20,glm,0.31278,0.14236,0.06589,-0.10532,0.39674,0.46068,0.88091,-1.57405,0.43016,0.45908,0.31142,-0.22285,Austropotamobius_fulcisianus_pooled,upstream_only,20
Austropotamobius_fulcisianus_pooled__consensus__upstream_only__lowacc__L20,gam,0.39832,0.39591,0.30023,-0.38968,0.38713,0.43508,1.48394,-1.96178,0.42422,0.47916,0.36195,-0.47501,Austropotamobius_fulcisianus_pooled,upstream_only,20
Austropotamobius_fulcisianus_pooled__consensus__upstream_only__lowacc__L20,random_forest,0.30349,0.21483,0.08443,-0.15543,0.44969,0.50995,0.84557,-0.90485,0.45787,0.5049,0.31546,-0.16561,Austropotamobius_fulcisianus_pooled,upstream_only,20
Austropotamobius_fulcisianus_pooled__consensus__upstream_only__lowacc__L20,xgboost,0.39443,0.41018,0.06671,-0.04658,0.45529,0.50991,0.97185,-1.01176,0.44373,0.49645,0.27347,-0.23447,Austropotamobius_fulcisianus_pooled,upstream_only,20
Austropotamobius_fulcisianus_pooled__consensus__upstream_only__lowacc__L3,glm,0.33041,0.17759,0.08662,-0.1576,0.39128,0.44115,0.91422,-1.98242,0.4248,0.46848,0.26689,-0.25823,Austropotamobius_fulcisianus_pooled,upstream_only,3
Austropotamobius_fulcisianus_pooled__consensus__upstream_only__lowacc__L3,gam,0.42228,0.43064,0.2449,-0.32466,0.38718,0.43768,1.24817,-1.99823,0.43519,0.48152,0.64054,-1.06814,Austropotamobius_fulcisianus_pooled,upstream_only,3
Austropotamobius_fulcisianus_pooled__consensus__upstream_only__lowacc__L3,random_forest,0.28369,0.21574,-0.0578,0.105,0.43867,0.4912,0.62914,-0.95048,0.42477,0.47902,0.05303,-0.04128,Austropotamobius_fulcisianus_pooled,upstream_only,3
Austropotamobius_fulcisianus_pooled__consensus__upstream_only__lowacc__L3,xgboost,0.37032,0.37965,-0.07953,0.05879,0.43469,0.48308,0.68321,-1.07301,0.40757,0.45717,0.01468,-0.035,Austropotamobius_fulcisianus_pooled,upstream_only,3
Austropotamobius_torrentium_pooled__consensus__combined__benchmark__L0,glm,0.19643,0.04483,0.01983,0.64195,0.23248,0.07162,0.05436,0.47224,0.22429,0.11575,0.0531,0.38138,Austropotamobius_torrentium_pooled,combined,0
Austropotamobius_torrentium_pooled__consensus__combined__benchmark__L0,gam,0.21743,0.08249,0.10238,0.33337,0.27376,0.21703,0.03598,0.12827,0.29,0.25685,0.04988,0.16169,Austropotamobius_torrentium_pooled,combined,0
Austropotamobius_torrentium_pooled__consensus__combined__benchmark__L0,random_forest,0.16337,0.07618,0.28732,1.17971,0.18354,0.11285,0.09855,0.74934,0.2067,0.1635,0.1322,0.43708,Austropotamobius_torrentium_pooled,combined,0
Austropotamobius_torrentium_pooled__consensus__combined__benchmark__L0,xgboost,0.17453,0.13517,0.01614,0.41511,0.16441,0.03863,0.00645,0.89031,0.17559,0.10169,0.1295,0.60853,Austropotamobius_torrentium_pooled,combined,0
Austropotamobius_torrentium_pooled__consensus__combined__lowacc__L10,glm,0.20835,0.03949,0.00138,0.54671,0.27396,0.1767,0.0001,0.08087,0.26349,0.12879,0.0054,0.06468,Austropotamobius_torrentium_pooled,combined,10
Austropotamobius_torrentium_pooled__consensus__combined__lowacc__L10,gam,0.24457,0.11243,0.02144,0.21939,0.33088,0.34421,0.00194,-0.5218,0.35433,0.32591,-0.0059,-0.19372,Austropotamobius_torrentium_pooled,combined,10
Austropotamobius_torrentium_pooled__consensus__combined__lowacc__L10,random_forest,0.22936,0.07523,-0.18051,0.65105,0.31473,0.25373,0.00464,-0.1194,0.33736,0.34021,0.00229,-0.03618,Austropotamobius_torrentium_pooled,combined,10
Austropotamobius_torrentium_pooled__consensus__combined__lowacc__L10,xgboost,0.25038,0.21457,-0.42178,0.33616,0.25871,0.1265,0.01653,0.304,0.26412,0.14781,0.01201,0.19597,Austropotamobius_torrentium_pooled,combined,10
Austropotamobius_torrentium_pooled__consensus__combined__lowacc__L20,glm,0.20781,0.03752,0.01666,0.61516,0.24034,0.03606,0.0005,0.26783,0.23051,0.07793,0.01084,0.2743,Austropotamobius_torrentium_pooled,combined,20
Austropotamobius_torrentium_pooled__consensus__combined__lowacc__L20,gam,0.23239,0.07303,0.03571,0.30145,0.28597,0.1994,-0.02948,-0.086,0.29568,0.19496,-0.01878,-0.03175,Austropotamobius_torrentium_pooled,combined,20
Austropotamobius_torrentium_pooled__consensus__combined__lowacc__L20,random_forest,0.18324,0.04192,0.13224,1.21671,0.19382,0.06441,0.10496,0.94432,0.20869,0.09421,0.17714,0.62182,Austropotamobius_torrentium_pooled,combined,20
Austropotamobius_torrentium_pooled__consensus__combined__lowacc__L20,xgboost,0.19772,0.1497,-0.09186,0.40552,0.17656,0.02726,0.00103,0.91892,0.18371,0.08301,0.08929,0.40616,Austropotamobius_torrentium_pooled,combined,20
Austropotamobius_torrentium_pooled__consensus__combined__lowacc__L3,glm,0.19948,0.05077,0.01049,0.63631,0.23501,0.07596,0.04725,0.44155,0.22717,0.10962,0.04832,0.34964,Austropotamobius_torrentium_pooled,combined,3
Austropotamobius_torrentium_pooled__consensus__combined__lowacc__L3,gam,0.21545,0.07619,0.08637,0.42944,0.26779,0.19049,0.04619,0.1954,0.2862,0.22651,0.02645,0.06034,Austropotamobius_torrentium_pooled,combined,3
Austropotamobius_torrentium_pooled__consensus__combined__lowacc__L3,random_forest,0.17042,0.06978,0.2912,1.22588,0.18701,0.08784,0.11554,0.85134,0.20826,0.0927,0.15968,0.55133,Austropotamobius_torrentium_pooled,combined,3
Austropotamobius_torrentium_pooled__consensus__combined__lowacc__L3,xgboost,0.1815,0.14123,-0.04752,0.41423,0.16611,0.03234,-0.00949,0.93487,0.18007,0.07332,0.15335,0.58557,Austropotamobius_torrentium_pooled,combined,3
Austropotamobius_torrentium_pooled__consensus__local_only__benchmark__L0,glm,0.20482,0.07376,0.04645,0.80148,0.24654,0.08414,0.09909,0.40949,0.23477,0.1497,0.09144,0.42611,Austropotamobius_torrentium_pooled,local_only,0
Austropotamobius_torrentium_pooled__consensus__local_only__benchmark__L0,gam,0.22727,0.08801,0.12011,0.40581,0.2864,0.23561,0.02924,0.07306,0.30452,0.23363,0.01904,0.0217,Austropotamobius_torrentium_pooled,local_only,0
Austropotamobius_torrentium_pooled__consensus__local_only__benchmark__L0,random_forest,0.1618,0.06089,0.19813,1.14953,0.18104,0.0992,0.07635,0.79028,0.1991,0.12099,0.10751,0.48053,Austropotamobius_torrentium_pooled,local_only,0
Austropotamobius_torrentium_pooled__consensus__local_only__benchmark__L0,xgboost,0.18062,0.14433,-0.04115,0.40968,0.16625,0.02966,-0.00429,0.89581,0.17805,0.06359,0.1115,0.62709,Austropotamobius_torrentium_pooled,local_only,0
Austropotamobius_torrentium_pooled__consensus__local_only__lowacc__L10,glm,0.21128,0.05446,0.01955,0.62772,0.27619,0.17322,0.00288,0.03281,0.26304,0.1622,0.01058,0.10008,Austropotamobius_torrentium_pooled,local_only,10
Austropotamobius_torrentium_pooled__consensus__local_only__lowacc__L10,gam,0.2506,0.1076,0.01882,0.27415,0.34275,0.33776,0.02766,-0.45378,0.35841,0.34896,-0.00552,-0.16856,Austropotamobius_torrentium_pooled,local_only,10
Austropotamobius_torrentium_pooled__consensus__local_only__lowacc__L10,random_forest,0.22884,0.06466,-0.1803,0.64315,0.3114,0.25258,0.00446,-0.11585,0.32718,0.32997,0.00031,-0.00367,Austropotamobius_torrentium_pooled,local_only,10
Austropotamobius_torrentium_pooled__consensus__local_only__lowacc__L10,xgboost,0.25015,0.21064,-0.46402,0.33926,0.25507,0.1105,0.01443,0.34065,0.25671,0.12628,0.0247,0.28388,Austropotamobius_torrentium_pooled,local_only,10
Austropotamobius_torrentium_pooled__consensus__local_only__lowacc__L20,glm,0.21638,0.03162,0.01135,0.87434,0.24755,0.09808,0.06173,0.48645,0.24809,0.10306,0.04323,0.37764,Austropotamobius_torrentium_pooled,local_only,20
Austropotamobius_torrentium_pooled__consensus__local_only__lowacc__L20,gam,0.24038,0.07966,0.03111,0.27345,0.29082,0.22214,-0.0734,-0.3717,0.299,0.20381,-0.03187,-0.09383,Austropotamobius_torrentium_pooled,local_only,20
Austropotamobius_torrentium_pooled__consensus__local_only__lowacc__L20,random_forest,0.18292,0.04002,0.0922,1.21583,0.19441,0.06256,0.1009,0.93273,0.20814,0.13328,0.16246,0.62037,Austropotamobius_torrentium_pooled,local_only,20
Austropotamobius_torrentium_pooled__consensus__local_only__lowacc__L20,xgboost,0.20136,0.14736,-0.07559,0.39656,0.17979,0.02763,0.02199,0.94322,0.18917,0.07213,0.12578,0.48344,Austropotamobius_torrentium_pooled,local_only,20
Austropotamobius_torrentium_pooled__consensus__local_only__lowacc__L3,glm,0.21067,0.06019,0.0331,0.77772,0.25087,0.08905,0.08608,0.38895,0.24315,0.12456,0.07944,0.38946,Austropotamobius_torrentium_pooled,local_only,3
Austropotamobius_torrentium_pooled__consensus__local_only__lowacc__L3,gam,0.23086,0.07894,0.10053,0.43199,0.2803,0.22544,0.0323,0.11588,0.30544,0.24296,0.01774,0.01875,Austropotamobius_torrentium_pooled,local_only,3
Austropotamobius_torrentium_pooled__consensus__local_only__lowacc__L3,random_forest,0.17032,0.04832,0.19823,1.15115,0.18682,0.06968,0.08393,0.87331,0.20711,0.12399,0.13257,0.55624,Austropotamobius_torrentium_pooled,local_only,3
Austropotamobius_torrentium_pooled__consensus__local_only__lowacc__L3,xgboost,0.18659,0.15694,-0.12167,0.40567,0.16697,0.04378,-0.02025,0.93284,0.17546,0.06632,0.0721,0.61847,Austropotamobius_torrentium_pooled,local_only,3
Austropotamobius_torrentium_pooled__consensus__upstream_only__benchmark__L0,glm,0.30264,0.23502,0.02891,0.02021,0.31681,0.30565,-0.24209,-0.94098,0.31832,0.32798,-0.00832,-0.05829,Austropotamobius_torrentium_pooled,upstream_only,0
Austropotamobius_torrentium_pooled__consensus__upstream_only__benchmark__L0,gam,0.36604,0.31358,-0.03908,-0.03795,0.32491,0.31678,-0.31132,-0.98619,0.32477,0.33121,-0.07844,-0.35367,Austropotamobius_torrentium_pooled,upstream_only,0
Austropotamobius_torrentium_pooled__consensus__upstream_only__benchmark__L0,random_forest,0.20344,0.14186,0.43915,0.91201,0.23625,0.10915,0.10588,0.5129,0.25919,0.18339,0.06082,0.12976,Austropotamobius_torrentium_pooled,upstream_only,0
Austropotamobius_torrentium_pooled__consensus__upstream_only__benchmark__L0,xgboost,0.21406,0.1619,0.12022,0.38758,0.22081,0.11556,0.10337,0.68596,0.22701,0.14145,0.06315,0.2803,Austropotamobius_torrentium_pooled,upstream_only,0
Austropotamobius_torrentium_pooled__consensus__upstream_only__lowacc__L10,glm,0.31437,0.30153,-0.02337,-0.05539,0.34283,0.37076,-0.00425,-1.59088,0.37709,0.3955,0.07827,-0.50067,Austropotamobius_torrentium_pooled,upstream_only,10
Austropotamobius_torrentium_pooled__consensus__upstream_only__lowacc__L10,gam,0.39789,0.39956,-0.06244,-0.11135,0.35882,0.37157,0.21484,-1.52216,0.44558,0.45026,0.2501,-0.46466,Austropotamobius_torrentium_pooled,upstream_only,10
Austropotamobius_torrentium_pooled__consensus__upstream_only__lowacc__L10,random_forest,0.2396,0.07346,-0.01511,0.55447,0.32262,0.29622,-0.00077,-0.34805,0.34888,0.35043,0.00079,-0.00172,Austropotamobius_torrentium_pooled,upstream_only,10
Austropotamobius_torrentium_pooled__consensus__upstream_only__lowacc__L10,xgboost,0.29602,0.27248,-0.16781,0.21852,0.32801,0.30534,0.01197,-0.50466,0.32059,0.27895,-0.00424,-0.02718,Austropotamobius_torrentium_pooled,upstream_only,10
Austropotamobius_torrentium_pooled__consensus__upstream_only__lowacc__L20,glm,0.27272,0.18559,0.00021,0.03018,0.30176,0.3255,-0.24007,-1.72105,0.3122,0.30712,-0.06465,-0.49134,Austropotamobius_torrentium_pooled,upstream_only,20
Austropotamobius_torrentium_pooled__consensus__upstream_only__lowacc__L20,gam,0.33811,0.3032,-0.05735,-0.04732,0.3118,0.34312,-0.30371,-1.45565,0.3272,0.35877,-0.1058,-0.29747,Austropotamobius_torrentium_pooled,upstream_only,20
Austropotamobius_torrentium_pooled__consensus__upstream_only__lowacc__L20,random_forest,0.20554,0.10041,0.23287,1.12293,0.22568,0.12519,0.08657,0.76016,0.22427,0.09782,0.11873,0.33626,Austropotamobius_torrentium_pooled,upstream_only,20
Austropotamobius_torrentium_pooled__consensus__upstream_only__lowacc__L20,xgboost,0.22734,0.17747,-0.04055,0.40584,0.21588,0.13269,0.04235,0.88022,0.2098,0.11861,0.05082,0.36638,Austropotamobius_torrentium_pooled,upstream_only,20
Austropotamobius_torrentium_pooled__consensus__upstream_only__lowacc__L3,glm,0.29018,0.20867,0.05948,0.06373,0.31726,0.29417,-0.18997,-0.69449,0.30933,0.31468,0.00622,-0.01765,Austropotamobius_torrentium_pooled,upstream_only,3
Austropotamobius_torrentium_pooled__consensus__upstream_only__lowacc__L3,gam,0.36248,0.33118,-0.0656,-0.06408,0.31648,0.30403,-0.30736,-1.22626,0.32089,0.32112,-0.00611,-0.07837,Austropotamobius_torrentium_pooled,upstream_only,3
Austropotamobius_torrentium_pooled__consensus__upstream_only__lowacc__L3,random_forest,0.20646,0.13406,0.38736,0.91469,0.2354,0.08996,0.10174,0.58714,0.25568,0.22126,0.13249,0.20889,Austropotamobius_torrentium_pooled,upstream_only,3
Austropotamobius_torrentium_pooled__consensus__upstream_only__lowacc__L3,xgboost,0.22065,0.16936,0.127,0.38875,0.22212,0.11491,0.10368,0.72478,0.22188,0.17924,0.14652,0.40281,Austropotamobius_torrentium_pooled,upstream_only,3
Faxonius_limosus_alien__consensus__combined__benchmark__L0,glm,0.2343,0.04527,-0.09517,0.7358,0.23477,0.02335,-0.00295,0.91004,0.23486,0.01603,-0.00228,0.76453,Faxonius_limosus_alien,combined,0
Faxonius_limosus_alien__consensus__combined__benchmark__L0,gam,0.23194,0.06232,0.14919,0.1897,0.23917,0.06923,0.11484,0.23743,0.231,0.04196,0.12147,0.16025,Faxonius_limosus_alien,combined,0
Faxonius_limosus_alien__consensus__combined__benchmark__L0,random_forest,0.18482,0.05108,0.03018,1.27949,0.18622,0.01858,-0.0087,0.93765,0.18686,0.03286,-0.00648,0.80996,Faxonius_limosus_alien,combined,0
Faxonius_limosus_alien__consensus__combined__benchmark__L0,xgboost,0.19308,0.07779,0.09813,0.58367,0.18999,0.0454,0.01431,0.92514,0.19092,0.03482,0.01813,0.86651,Faxonius_limosus_alien,combined,0
Faxonius_limosus_alien__consensus__combined__lowacc__L10,glm,0.23793,0.04686,-0.08163,0.71943,0.23931,0.03314,0.00136,0.83083,0.23869,0.0226,0.00075,0.64378,Faxonius_limosus_alien,combined,10
Faxonius_limosus_alien__consensus__combined__lowacc__L10,gam,0.23473,0.06014,0.14657,0.26175,0.23934,0.06136,0.11203,0.29662,0.23715,0.04696,0.12295,0.10359,Faxonius_limosus_alien,combined,10
Faxonius_limosus_alien__consensus__combined__lowacc__L10,random_forest,0.19969,0.03461,-0.05301,1.20368,0.20249,0.02211,-0.00945,0.92254,0.20317,0.02701,-0.00704,0.83585,Faxonius_limosus_alien,combined,10
Faxonius_limosus_alien__consensus__combined__lowacc__L10,xgboost,0.21178,0.08631,-0.00843,0.57229,0.20617,0.03188,0.01025,0.92582,0.20608,0.01894,0.00334,0.8549,Faxonius_limosus_alien,combined,10
Faxonius_limosus_alien__consensus__combined__lowacc__L20,glm,0.25165,0.06325,-0.04511,0.40222,0.25188,0.03002,0.00252,0.30855,0.2543,0.06567,0.01203,0.00822,Faxonius_limosus_alien,combined,20
Faxonius_limosus_alien__consensus__combined__lowacc__L20,gam,0.24236,0.06659,0.1347,0.23665,0.24818,0.05663,0.10429,0.26632,0.24735,0.08045,0.11712,0.09563,Faxonius_limosus_alien,combined,20
Faxonius_limosus_alien__consensus__combined__lowacc__L20,random_forest,0.20325,0.02882,0.02268,1.11156,0.20633,0.02211,-0.02366,0.94849,0.20746,0.03219,-0.01942,0.87001,Faxonius_limosus_alien,combined,20
Faxonius_limosus_alien__consensus__combined__lowacc__L20,xgboost,0.21024,0.07709,0.05648,0.59138,0.20698,0.03556,0.00015,0.92724,0.20652,0.04898,-0.002,0.87337,Faxonius_limosus_alien,combined,20
Faxonius_limosus_alien__consensus__combined__lowacc__L3,glm,0.2324,0.03982,-0.08275,0.78641,0.23353,0.03409,0.00047,0.89659,0.23429,0.0197,-0.00157,0.74544,Faxonius_limosus_alien,combined,3
Faxonius_limosus_alien__consensus__combined__lowacc__L3,gam,0.23512,0.06327,0.14713,0.19157,0.2414,0.06185,0.11516,0.22372,0.23751,0.04232,0.1178,0.10127,Faxonius_limosus_alien,combined,3
Faxonius_limosus_alien__consensus__combined__lowacc__L3,random_forest,0.18752,0.04919,0.01841,1.268,0.18873,0.02304,-0.0088,0.94472,0.18855,0.02706,-0.00764,0.87194,Faxonius_limosus_alien,combined,3
Faxonius_limosus_alien__consensus__combined__lowacc__L3,xgboost,0.18657,0.05135,0.02331,0.71498,0.18606,0.01556,-0.00576,0.96469,0.18683,0.02191,-0.00106,0.89421,Faxonius_limosus_alien,combined,3
Faxonius_limosus_alien__consensus__local_only__benchmark__L0,glm,0.2231,0.03251,0.02586,0.81336,0.2279,0.03714,0.00458,0.83857,0.22577,0.02506,-0.00302,0.83394,Faxonius_limosus_alien,local_only,0
Faxonius_limosus_alien__consensus__local_only__benchmark__L0,gam,0.21714,0.02341,0.00795,0.84207,0.22154,0.01839,-0.00439,0.88619,0.22198,0.02394,-0.00475,0.83408,Faxonius_limosus_alien,local_only,0
Faxonius_limosus_alien__consensus__local_only__benchmark__L0,random_forest,0.18661,0.04655,0.03149,1.24007,0.18823,0.0242,-0.00938,0.94109,0.18904,0.0319,-0.00426,0.835,Faxonius_limosus_alien,local_only,0
Faxonius_limosus_alien__consensus__local_only__benchmark__L0,xgboost,0.19127,0.07306,0.11149,0.59145,0.18881,0.05119,0.01395,0.92411,0.18868,0.04363,0.01615,0.87165,Faxonius_limosus_alien,local_only,0
Faxonius_limosus_alien__consensus__local_only__lowacc__L10,glm,0.22649,0.02758,0.02898,0.80374,0.23206,0.03161,0.00066,0.80526,0.23044,0.02931,-0.00778,0.79556,Faxonius_limosus_alien,local_only,10
Faxonius_limosus_alien__consensus__local_only__lowacc__L10,gam,0.22335,0.02752,0.00928,0.79352,0.22859,0.01694,-0.00583,0.82837,0.22907,0.04063,-0.00431,0.77388,Faxonius_limosus_alien,local_only,10
Faxonius_limosus_alien__consensus__local_only__lowacc__L10,random_forest,0.20133,0.03035,-0.04602,1.15169,0.20428,0.01716,-0.00924,0.92729,0.2051,0.03391,-0.00701,0.87023,Faxonius_limosus_alien,local_only,10
Faxonius_limosus_alien__consensus__local_only__lowacc__L10,xgboost,0.21304,0.08726,0.02524,0.53407,0.20833,0.04527,0.02597,0.88569,0.20679,0.03008,0.01337,0.83644,Faxonius_limosus_alien,local_only,10
Faxonius_limosus_alien__consensus__local_only__lowacc__L20,glm,0.22735,0.02777,0.03697,0.83021,0.23278,0.01865,-0.00099,0.8128,0.23129,0.02247,-0.00517,0.80071,Faxonius_limosus_alien,local_only,20
Faxonius_limosus_alien__consensus__local_only__lowacc__L20,gam,0.22721,0.02637,0.02403,0.73453,0.23211,0.01805,-0.01004,0.8173,0.23325,0.04571,-0.00538,0.77347,Faxonius_limosus_alien,local_only,20
Faxonius_limosus_alien__consensus__local_only__lowacc__L20,random_forest,0.20373,0.03158,0.02471,1.09609,0.20694,0.02048,-0.02383,0.94614,0.20711,0.02892,-0.01896,0.88575,Faxonius_limosus_alien,local_only,20
Faxonius_limosus_alien__consensus__local_only__lowacc__L20,xgboost,0.21249,0.08147,0.06706,0.57154,0.20883,0.03086,1e-05,0.91843,0.20835,0.01578,-0.00785,0.87138,Faxonius_limosus_alien,local_only,20
Faxonius_limosus_alien__consensus__local_only__lowacc__L3,glm,0.22563,0.02114,0.01772,0.7794,0.22853,0.02827,-0.00201,0.91386,0.22807,0.02219,-0.0035,0.81922,Faxonius_limosus_alien,local_only,3
Faxonius_limosus_alien__consensus__local_only__lowacc__L3,gam,0.22092,0.02467,0.00843,0.80999,0.22305,0.01571,-0.00657,0.92918,0.22337,0.01634,-0.00317,0.83288,Faxonius_limosus_alien,local_only,3
Faxonius_limosus_alien__consensus__local_only__lowacc__L3,random_forest,0.18822,0.04991,0.01079,1.26441,0.1893,0.02591,-0.00881,0.94874,0.18991,0.02589,-0.00808,0.89232,Faxonius_limosus_alien,local_only,3
Faxonius_limosus_alien__consensus__local_only__lowacc__L3,xgboost,0.18922,0.05569,0.02834,0.69747,0.18817,0.01445,-0.00376,0.96144,0.18915,0.02007,0.00218,0.89528,Faxonius_limosus_alien,local_only,3
Faxonius_limosus_alien__consensus__upstream_only__benchmark__L0,glm,0.24105,0.05152,0.01818,0.74856,0.24361,0.01733,-0.01036,0.80316,0.24075,0.05197,-0.03028,0.77852,Faxonius_limosus_alien,upstream_only,0
Faxonius_limosus_alien__consensus__upstream_only__benchmark__L0,gam,0.23905,0.05748,-0.015,0.35538,0.24445,0.02488,-0.01042,0.43857,0.24081,0.0703,-0.02144,0.29946,Faxonius_limosus_alien,upstream_only,0
Faxonius_limosus_alien__consensus__upstream_only__benchmark__L0,random_forest,0.20435,0.05603,0.08573,1.20222,0.2069,0.05319,-0.01627,0.93225,0.20719,0.04453,-0.01255,0.83436,Faxonius_limosus_alien,upstream_only,0
Faxonius_limosus_alien__consensus__upstream_only__benchmark__L0,xgboost,0.21076,0.08609,0.02223,0.58282,0.20892,0.04497,-0.00259,0.94186,0.21225,0.05376,-0.03472,0.804,Faxonius_limosus_alien,upstream_only,0
Faxonius_limosus_alien__consensus__upstream_only__lowacc__L10,glm,0.24295,0.03975,0.01639,0.7023,0.24586,0.01347,-0.00932,0.71547,0.24457,0.02945,-0.02068,0.64719,Faxonius_limosus_alien,upstream_only,10
Faxonius_limosus_alien__consensus__upstream_only__lowacc__L10,gam,0.24284,0.03809,0.01525,0.15059,0.25057,0.01423,0.009,0.04832,0.247,0.04716,-0.03032,0.55995,Faxonius_limosus_alien,upstream_only,10
Faxonius_limosus_alien__consensus__upstream_only__lowacc__L10,random_forest,0.21173,0.02392,0.02862,1.1645,0.21447,0.04028,-0.01618,0.92865,0.21521,0.0417,-0.00718,0.83837,Faxonius_limosus_alien,upstream_only,10
Faxonius_limosus_alien__consensus__upstream_only__lowacc__L10,xgboost,0.22017,0.07102,-0.01969,0.58046,0.21681,0.03522,-0.0051,0.94513,0.2161,0.01274,-0.00895,0.82446,Faxonius_limosus_alien,upstream_only,10
Faxonius_limosus_alien__consensus__upstream_only__lowacc__L20,glm,0.24268,0.03028,0.02577,0.60676,0.24732,0.02808,-0.00325,0.50618,0.24608,0.04286,-0.0286,0.53102,Faxonius_limosus_alien,upstream_only,20
Faxonius_limosus_alien__consensus__upstream_only__lowacc__L20,gam,0.24381,0.03248,0.02,0.4331,0.24869,0.02972,0.0015,0.3956,0.24614,0.04843,-0.00177,0.29262,Faxonius_limosus_alien,upstream_only,20
Faxonius_limosus_alien__consensus__upstream_only__lowacc__L20,random_forest,0.21566,0.01882,0.05042,1.13326,0.21835,0.01188,-0.02157,0.9436,0.22045,0.02763,-0.03302,0.82081,Faxonius_limosus_alien,upstream_only,20
Faxonius_limosus_alien__consensus__upstream_only__lowacc__L20,xgboost,0.2224,0.05238,0.022,0.59607,0.22005,0.01754,-0.0155,0.94804,0.21981,0.01081,-0.01556,0.86406,Faxonius_limosus_alien,upstream_only,20
Faxonius_limosus_alien__consensus__upstream_only__lowacc__L3,glm,0.24149,0.04827,-0.00628,0.55558,0.2448,0.04594,-0.0117,0.63686,0.2429,0.03605,-0.03744,0.68451,Faxonius_limosus_alien,upstream_only,3
Faxonius_limosus_alien__consensus__upstream_only__lowacc__L3,gam,0.23919,0.0397,-0.01686,0.54203,0.24256,0.02246,-0.0135,0.68747,0.24376,0.0526,-0.03397,0.61608,Faxonius_limosus_alien,upstream_only,3
Faxonius_limosus_alien__consensus__upstream_only__lowacc__L3,random_forest,0.20392,0.0402,0.05431,1.23098,0.20577,0.04352,-0.01533,0.9418,0.20834,0.04743,0.01442,0.8327,Faxonius_limosus_alien,upstream_only,3
Faxonius_limosus_alien__consensus__upstream_only__lowacc__L3,xgboost,0.20609,0.06838,-0.04221,0.6601,0.20584,0.03985,-0.00996,0.94808,0.20456,0.04275,-0.00972,0.90505,Faxonius_limosus_alien,upstream_only,3
Pacifastacus_leniusculus_alien__consensus__combined__benchmark__L0,glm,0.18925,0.06581,-0.0417,0.44389,0.20973,0.13323,-0.01598,0.59306,0.19812,0.10707,-0.02306,0.3045,Pacifastacus_leniusculus_alien,combined,0
Pacifastacus_leniusculus_alien__consensus__combined__benchmark__L0,gam,0.18014,0.04335,-0.09161,0.50353,0.19863,0.10587,-0.02141,0.57539,0.19647,0.0959,-0.04951,0.32553,Pacifastacus_leniusculus_alien,combined,0
Pacifastacus_leniusculus_alien__consensus__combined__benchmark__L0,random_forest,0.14356,0.10827,-0.19758,1.69674,0.15207,0.08659,-0.17593,0.82326,0.15153,0.09127,-0.22135,0.8003,Pacifastacus_leniusculus_alien,combined,0
Pacifastacus_leniusculus_alien__consensus__combined__benchmark__L0,xgboost,0.11314,0.02976,0.11839,0.76133,0.12113,0.04887,-0.10533,0.94738,0.11851,0.05242,-0.06324,0.6567,Pacifastacus_leniusculus_alien,combined,0
Pacifastacus_leniusculus_alien__consensus__combined__lowacc__L10,glm,0.19661,0.05871,-0.0639,0.78497,0.22257,0.11224,-0.1124,0.70977,0.21425,0.10034,-0.09262,0.69309,Pacifastacus_leniusculus_alien,combined,10
Pacifastacus_leniusculus_alien__consensus__combined__lowacc__L10,gam,0.18646,0.03225,-0.09389,0.83047,0.2024,0.07337,-0.11167,0.89241,0.21371,0.1194,-0.0874,0.58658,Pacifastacus_leniusculus_alien,combined,10
Pacifastacus_leniusculus_alien__consensus__combined__lowacc__L10,random_forest,0.15903,0.10554,-0.25824,1.63375,0.16229,0.08229,-0.14045,0.85285,0.15923,0.08649,-0.15737,0.85444,Pacifastacus_leniusculus_alien,combined,10
Pacifastacus_leniusculus_alien__consensus__combined__lowacc__L10,xgboost,0.14233,0.04798,-0.0476,0.70225,0.15553,0.09739,-0.09269,0.80014,0.15029,0.06905,-0.10011,0.70265,Pacifastacus_leniusculus_alien,combined,10
Pacifastacus_leniusculus_alien__consensus__combined__lowacc__L20,glm,0.19933,0.03166,-0.01696,0.95424,0.2215,0.10288,-0.09788,0.70462,0.22856,0.12413,-0.08326,0.61204,Pacifastacus_leniusculus_alien,combined,20
Pacifastacus_leniusculus_alien__consensus__combined__lowacc__L20,gam,0.19211,0.03303,-0.12598,0.89617,0.2147,0.08024,-0.08302,0.77295,0.2265,0.11405,-0.09068,0.57299,Pacifastacus_leniusculus_alien,combined,20
Pacifastacus_leniusculus_alien__consensus__combined__lowacc__L20,random_forest,0.16555,0.09617,-0.26597,1.53249,0.17942,0.085,-0.10027,0.74034,0.18095,0.09615,-0.13431,0.71183,Pacifastacus_leniusculus_alien,combined,20
Pacifastacus_leniusculus_alien__consensus__combined__lowacc__L20,xgboost,0.15749,0.05919,0.00674,0.60851,0.17754,0.09902,-0.04351,0.65707,0.17295,0.08045,-0.05522,0.54161,Pacifastacus_leniusculus_alien,combined,20
Pacifastacus_leniusculus_alien__consensus__combined__lowacc__L3,glm,0.18199,0.06208,-0.04425,0.77427,0.19875,0.11117,-0.09462,0.86817,0.19003,0.07541,-0.0571,0.63936,Pacifastacus_leniusculus_alien,combined,3
Pacifastacus_leniusculus_alien__consensus__combined__lowacc__L3,gam,0.17251,0.02904,-0.04935,0.8599,0.18267,0.06207,-0.09406,0.9439,0.19068,0.09802,-0.06985,0.70843,Pacifastacus_leniusculus_alien,combined,3
Pacifastacus_leniusculus_alien__consensus__combined__lowacc__L3,random_forest,0.14509,0.11906,-0.22343,1.71228,0.14595,0.09043,-0.15463,0.81869,0.13917,0.0635,-0.14617,0.81897,Pacifastacus_leniusculus_alien,combined,3
Pacifastacus_leniusculus_alien__consensus__combined__lowacc__L3,xgboost,0.11687,0.02659,-0.0105,0.76117,0.12711,0.07277,-0.11285,0.88174,0.12339,0.05616,-0.0737,0.59204,Pacifastacus_leniusculus_alien,combined,3
Pacifastacus_leniusculus_alien__consensus__local_only__benchmark__L0,glm,0.19285,0.06872,-0.04238,0.94079,0.2224,0.07943,-0.11701,0.614,0.21294,0.09936,-0.054,0.5364,Pacifastacus_leniusculus_alien,local_only,0
Pacifastacus_leniusculus_alien__consensus__local_only__benchmark__L0,gam,0.16103,0.03413,0.08933,0.52469,0.20637,0.14351,-0.0014,0.23384,0.17576,0.09637,-0.00366,0.39875,Pacifastacus_leniusculus_alien,local_only,0
Pacifastacus_leniusculus_alien__consensus__local_only__benchmark__L0,random_forest,0.1469,0.11699,-0.20058,1.69614,0.15593,0.09308,-0.17235,0.80606,0.15568,0.09537,-0.21422,0.73296,Pacifastacus_leniusculus_alien,local_only,0
Pacifastacus_leniusculus_alien__consensus__local_only__benchmark__L0,xgboost,0.11774,0.02812,0.06033,0.76008,0.13117,0.06199,-0.13652,0.90303,0.12388,0.0555,-0.05856,0.70283,Pacifastacus_leniusculus_alien,local_only,0
Pacifastacus_leniusculus_alien__consensus__local_only__lowacc__L10,glm,0.21266,0.09097,-0.05404,0.72711,0.25143,0.11167,-0.03338,0.23919,0.24108,0.106,-0.02569,0.29354,Pacifastacus_leniusculus_alien,local_only,10
Pacifastacus_leniusculus_alien__consensus__local_only__lowacc__L10,gam,0.1851,0.06897,0.05287,0.26732,0.25341,0.09769,0.00623,0.05054,0.20689,0.13815,-0.03819,0.50411,Pacifastacus_leniusculus_alien,local_only,10
Pacifastacus_leniusculus_alien__consensus__local_only__lowacc__L10,random_forest,0.15979,0.10512,-0.25568,1.66838,0.16197,0.07847,-0.13725,0.85875,0.15795,0.07488,-0.1473,0.84967,Pacifastacus_leniusculus_alien,local_only,10
Pacifastacus_leniusculus_alien__consensus__local_only__lowacc__L10,xgboost,0.14485,0.04654,-0.02312,0.68083,0.15794,0.09307,-0.09004,0.80346,0.15254,0.06989,-0.0651,0.48321,Pacifastacus_leniusculus_alien,local_only,10
Pacifastacus_leniusculus_alien__consensus__local_only__lowacc__L20,glm,0.23303,0.09743,-0.05575,0.5135,0.27027,0.15342,-0.01207,0.08084,0.26305,0.13781,-0.00582,0.0224,Pacifastacus_leniusculus_alien,local_only,20
Pacifastacus_leniusculus_alien__consensus__local_only__lowacc__L20,gam,0.20057,0.08688,0.06048,0.19083,0.27295,0.0944,-0.00938,0.00777,0.22148,0.13982,0.03724,0.07116,Pacifastacus_leniusculus_alien,local_only,20
Pacifastacus_leniusculus_alien__consensus__local_only__lowacc__L20,random_forest,0.16522,0.09691,-0.28513,1.60807,0.17606,0.07943,-0.10378,0.77226,0.17333,0.08643,-0.12105,0.75875,Pacifastacus_leniusculus_alien,local_only,20
Pacifastacus_leniusculus_alien__consensus__local_only__lowacc__L20,xgboost,0.16176,0.05756,0.00373,0.58457,0.18443,0.10199,-0.03917,0.60932,0.17661,0.08844,-0.02786,0.35269,Pacifastacus_leniusculus_alien,local_only,20
Pacifastacus_leniusculus_alien__consensus__local_only__lowacc__L3,glm,0.19535,0.07801,-0.03998,0.89085,0.21854,0.09096,-0.12269,0.66098,0.20651,0.09844,-0.0129,0.42484,Pacifastacus_leniusculus_alien,local_only,3
Pacifastacus_leniusculus_alien__consensus__local_only__lowacc__L3,gam,0.16524,0.03758,0.07735,0.49938,0.21368,0.15038,0.00594,0.18115,0.17505,0.07728,0.03287,0.3111,Pacifastacus_leniusculus_alien,local_only,3
Pacifastacus_leniusculus_alien__consensus__local_only__lowacc__L3,random_forest,0.14769,0.12552,-0.21943,1.72852,0.14835,0.09622,-0.15068,0.80491,0.1408,0.06987,-0.15326,0.82464,Pacifastacus_leniusculus_alien,local_only,3
Pacifastacus_leniusculus_alien__consensus__local_only__lowacc__L3,xgboost,0.12223,0.02669,-0.02461,0.74493,0.13333,0.07107,-0.11671,0.87744,0.12876,0.05505,-0.06799,0.62365,Pacifastacus_leniusculus_alien,local_only,3
Pacifastacus_leniusculus_alien__consensus__upstream_only__benchmark__L0,glm,0.23564,0.07598,-0.06496,0.52929,0.25644,0.05381,-0.04309,0.24923,0.25047,0.13905,-0.06037,0.33141,Pacifastacus_leniusculus_alien,upstream_only,0
Pacifastacus_leniusculus_alien__consensus__upstream_only__benchmark__L0,gam,0.24648,0.09413,-0.09859,0.40927,0.26508,0.12001,-0.03728,0.14012,0.27087,0.15737,-0.03795,0.10438,Pacifastacus_leniusculus_alien,upstream_only,0
Pacifastacus_leniusculus_alien__consensus__upstream_only__benchmark__L0,random_forest,0.16792,0.08631,0.00517,1.52771,0.18053,0.0838,-0.15807,0.81845,0.17552,0.05888,-0.1749,0.80898,Pacifastacus_leniusculus_alien,upstream_only,0
Pacifastacus_leniusculus_alien__consensus__upstream_only__benchmark__L0,xgboost,0.1576,0.07368,-0.08439,0.69973,0.17146,0.08454,-0.11649,0.86257,0.16641,0.09463,-0.10591,0.56993,Pacifastacus_leniusculus_alien,upstream_only,0
Pacifastacus_leniusculus_alien__consensus__upstream_only__lowacc__L10,glm,0.22956,0.0605,-0.03389,0.68928,0.24915,0.04011,-0.06562,0.47362,0.24286,0.12489,-0.11255,0.59159,Pacifastacus_leniusculus_alien,upstream_only,10
Pacifastacus_leniusculus_alien__consensus__upstream_only__lowacc__L10,gam,0.24001,0.07902,-0.0774,0.52314,0.26072,0.09752,-0.03666,0.22249,0.26155,0.10945,-0.03404,0.20595,Pacifastacus_leniusculus_alien,upstream_only,10
Pacifastacus_leniusculus_alien__consensus__upstream_only__lowacc__L10,random_forest,0.1766,0.07677,-0.00931,1.56047,0.18817,0.08942,-0.13982,0.80494,0.18254,0.07793,-0.21683,0.84477,Pacifastacus_leniusculus_alien,upstream_only,10
Pacifastacus_leniusculus_alien__consensus__upstream_only__lowacc__L10,xgboost,0.17147,0.08085,-0.037,0.66688,0.18972,0.07977,-0.10309,0.7529,0.18516,0.10514,-0.13846,0.63176,Pacifastacus_leniusculus_alien,upstream_only,10
Pacifastacus_leniusculus_alien__consensus__upstream_only__lowacc__L20,glm,0.23191,0.06625,-0.05815,0.71792,0.25173,0.04311,-0.05045,0.38817,0.24539,0.09653,-0.09355,0.5235,Pacifastacus_leniusculus_alien,upstream_only,20
Pacifastacus_leniusculus_alien__consensus__upstream_only__lowacc__L20,gam,0.24091,0.08199,-0.08376,0.5357,0.25928,0.09027,-0.02814,0.24286,0.26481,0.13479,-0.02697,0.14403,Pacifastacus_leniusculus_alien,upstream_only,20
Pacifastacus_leniusculus_alien__consensus__upstream_only__lowacc__L20,random_forest,0.18444,0.06467,-0.07735,1.36826,0.20337,0.09502,-0.09747,0.71641,0.20527,0.12023,-0.13113,0.66902,Pacifastacus_leniusculus_alien,upstream_only,20
Pacifastacus_leniusculus_alien__consensus__upstream_only__lowacc__L20,xgboost,0.18549,0.08853,-0.05233,0.57153,0.20903,0.09326,-0.05289,0.59942,0.20102,0.1058,-0.06772,0.60379,Pacifastacus_leniusculus_alien,upstream_only,20
Pacifastacus_leniusculus_alien__consensus__upstream_only__lowacc__L3,glm,0.22922,0.07486,-0.0556,0.62536,0.24826,0.03945,-0.05913,0.46294,0.23627,0.11306,-0.07674,0.58531,Pacifastacus_leniusculus_alien,upstream_only,3
Pacifastacus_leniusculus_alien__consensus__upstream_only__lowacc__L3,gam,0.24029,0.08275,-0.09973,0.48692,0.25893,0.09922,-0.04417,0.26764,0.26095,0.14815,-0.03281,0.09813,Pacifastacus_leniusculus_alien,upstream_only,3
Pacifastacus_leniusculus_alien__consensus__upstream_only__lowacc__L3,random_forest,0.16525,0.11139,0.05865,1.58235,0.17383,0.06842,-0.15244,0.81807,0.1619,0.06379,-0.13574,0.84234,Pacifastacus_leniusculus_alien,upstream_only,3
Pacifastacus_leniusculus_alien__consensus__upstream_only__lowacc__L3,xgboost,0.15665,0.07835,-0.05569,0.71434,0.16838,0.10231,-0.11096,0.87454,0.1648,0.10541,-0.12007,0.57669,Pacifastacus_leniusculus_alien,upstream_only,3
Pontastacus_leptodactylus_pooled__consensus__combined__benchmark__L0,glm,0.21136,0.03124,0.02765,0.88251,0.21751,0.03694,-0.04924,0.91712,0.21982,0.03987,-0.04859,0.74064,Pontastacus_leptodactylus_pooled,combined,0
Pontastacus_leptodactylus_pooled__consensus__combined__benchmark__L0,gam,0.22056,0.04073,-0.03661,0.69075,0.2311,0.03622,-0.0605,0.75212,0.23281,0.07511,-0.05777,0.61882,Pontastacus_leptodactylus_pooled,combined,0
Pontastacus_leptodactylus_pooled__consensus__combined__benchmark__L0,random_forest,0.17156,0.0577,-0.05165,1.36961,0.17521,0.03174,-0.07012,0.9489,0.17992,0.05238,-0.09411,0.75527,Pontastacus_leptodactylus_pooled,combined,0
Pontastacus_leptodactylus_pooled__consensus__combined__benchmark__L0,xgboost,0.17266,0.07784,-0.0527,0.60215,0.17531,0.03691,-0.07294,0.92801,0.17342,0.06125,-0.07832,0.81705,Pontastacus_leptodactylus_pooled,combined,0
Pontastacus_leptodactylus_pooled__consensus__combined__lowacc__L10,glm,0.21517,0.03334,0.04701,0.87309,0.21984,0.04556,-0.00659,0.88961,0.2246,0.0576,-0.01579,0.68102,Pontastacus_leptodactylus_pooled,combined,10
Pontastacus_leptodactylus_pooled__consensus__combined__lowacc__L10,gam,0.21755,0.03547,0.0327,0.71716,0.22078,0.02679,-0.0099,0.89469,0.22371,0.04798,-0.01209,0.73874,Pontastacus_leptodactylus_pooled,combined,10
Pontastacus_leptodactylus_pooled__consensus__combined__lowacc__L10,random_forest,0.17834,0.06379,0.00342,1.37337,0.18095,0.05583,-0.00211,0.92076,0.18061,0.05228,-0.02847,0.82232,Pontastacus_leptodactylus_pooled,combined,10
Pontastacus_leptodactylus_pooled__consensus__combined__lowacc__L10,xgboost,0.1801,0.0749,0.06005,0.62985,0.17873,0.03549,-0.00017,0.94409,0.18015,0.02773,-0.02455,0.82123,Pontastacus_leptodactylus_pooled,combined,10
Pontastacus_leptodactylus_pooled__consensus__combined__lowacc__L20,glm,0.22042,0.04299,-0.02436,0.81908,0.22394,0.04375,-0.00417,0.89134,0.22771,0.06466,-0.01942,0.69601,Pontastacus_leptodactylus_pooled,combined,20
Pontastacus_leptodactylus_pooled__consensus__combined__lowacc__L20,gam,0.22309,0.04668,-0.05282,0.70758,0.22564,0.03173,-0.01302,0.88339,0.22832,0.05495,-0.02978,0.71139,Pontastacus_leptodactylus_pooled,combined,20
Pontastacus_leptodactylus_pooled__consensus__combined__lowacc__L20,random_forest,0.1909,0.05962,-0.12435,1.16055,0.19343,0.05819,-0.00389,0.93506,0.19119,0.03587,-0.02073,0.84962,Pontastacus_leptodactylus_pooled,combined,20
Pontastacus_leptodactylus_pooled__consensus__combined__lowacc__L20,xgboost,0.19166,0.09108,-0.08223,0.56187,0.18688,0.05626,-0.00273,0.94234,0.18606,0.04254,-0.02539,0.84143,Pontastacus_leptodactylus_pooled,combined,20
Pontastacus_leptodactylus_pooled__consensus__combined__lowacc__L3,glm,0.21558,0.03744,0.02938,0.82617,0.21852,0.04088,-0.00648,0.92743,0.21953,0.04621,-0.01118,0.70769,Pontastacus_leptodactylus_pooled,combined,3
Pontastacus_leptodactylus_pooled__consensus__combined__lowacc__L3,gam,0.21755,0.03835,0.01272,0.7258,0.22027,0.03312,-0.01356,0.92259,0.22192,0.04331,-0.01673,0.76134,Pontastacus_leptodactylus_pooled,combined,3
Pontastacus_leptodactylus_pooled__consensus__combined__lowacc__L3,random_forest,0.169,0.06143,0.07213,1.37376,0.16759,0.04329,-0.00115,0.97275,0.16986,0.04649,-0.01369,0.81631,Pontastacus_leptodactylus_pooled,combined,3
Pontastacus_leptodactylus_pooled__consensus__combined__lowacc__L3,xgboost,0.16818,0.07123,0.11741,0.61621,0.16465,0.03177,-0.00134,0.9794,0.16522,0.03547,-0.00363,0.88101,Pontastacus_leptodactylus_pooled,combined,3
Pontastacus_leptodactylus_pooled__consensus__local_only__benchmark__L0,glm,0.21495,0.02661,0.02919,0.82696,0.22288,0.03569,-0.05537,0.86892,0.22304,0.05395,-0.05783,0.77384,Pontastacus_leptodactylus_pooled,local_only,0
Pontastacus_leptodactylus_pooled__consensus__local_only__benchmark__L0,gam,0.2223,0.03115,-0.03079,0.59053,0.23582,0.02469,-0.05286,0.6273,0.23708,0.06093,-0.04468,0.56214,Pontastacus_leptodactylus_pooled,local_only,0
Pontastacus_leptodactylus_pooled__consensus__local_only__benchmark__L0,random_forest,0.17359,0.05689,-0.03128,1.33282,0.17802,0.02945,-0.06549,0.94747,0.18178,0.05093,-0.07689,0.75058,Pontastacus_leptodactylus_pooled,local_only,0
Pontastacus_leptodactylus_pooled__consensus__local_only__benchmark__L0,xgboost,0.17712,0.08183,-0.04057,0.58841,0.17651,0.03097,-0.06579,0.95028,0.17771,0.04099,-0.06589,0.80751,Pontastacus_leptodactylus_pooled,local_only,0
Pontastacus_leptodactylus_pooled__consensus__local_only__lowacc__L10,glm,0.21939,0.03161,0.0686,0.80293,0.22312,0.0194,-0.00857,0.88969,0.22534,0.0314,-0.00417,0.73791,Pontastacus_leptodactylus_pooled,local_only,10
Pontastacus_leptodactylus_pooled__consensus__local_only__lowacc__L10,gam,0.22289,0.04012,0.05003,0.69293,0.2252,0.01616,-0.01193,0.887,0.22936,0.03955,-0.0063,0.67297,Pontastacus_leptodactylus_pooled,local_only,10
Pontastacus_leptodactylus_pooled__consensus__local_only__lowacc__L10,random_forest,0.17803,0.06546,-0.00382,1.36826,0.18124,0.06663,-3e-05,0.91017,0.18083,0.06603,-0.03258,0.79198,Pontastacus_leptodactylus_pooled,local_only,10
Pontastacus_leptodactylus_pooled__consensus__local_only__lowacc__L10,xgboost,0.179,0.07805,0.02506,0.62294,0.17741,0.04028,-0.00215,0.94394,0.17894,0.02957,-0.01777,0.84937,Pontastacus_leptodactylus_pooled,local_only,10
Pontastacus_leptodactylus_pooled__consensus__local_only__lowacc__L20,glm,0.22308,0.0322,-0.01428,0.79643,0.22642,0.02519,-0.00874,0.88493,0.22906,0.04555,-0.01998,0.54768,Pontastacus_leptodactylus_pooled,local_only,20
Pontastacus_leptodactylus_pooled__consensus__local_only__lowacc__L20,gam,0.22908,0.04925,-0.0466,0.66357,0.23213,0.03673,-0.01493,0.81991,0.23692,0.08279,-0.0283,0.603,Pontastacus_leptodactylus_pooled,local_only,20
Pontastacus_leptodactylus_pooled__consensus__local_only__lowacc__L20,random_forest,0.19037,0.06322,-0.10481,1.15415,0.19359,0.0589,-0.00211,0.93309,0.19038,0.04317,-0.02667,0.84231,Pontastacus_leptodactylus_pooled,local_only,20
Pontastacus_leptodactylus_pooled__consensus__local_only__lowacc__L20,xgboost,0.19295,0.09262,-0.08337,0.54937,0.18795,0.05251,-0.00194,0.93887,0.18733,0.02138,-0.02652,0.83144,Pontastacus_leptodactylus_pooled,local_only,20
Pontastacus_leptodactylus_pooled__consensus__local_only__lowacc__L3,glm,0.21554,0.01973,0.03016,0.81633,0.21955,0.02292,-0.01187,0.91495,0.22124,0.03432,-0.01066,0.76862,Pontastacus_leptodactylus_pooled,local_only,3
Pontastacus_leptodactylus_pooled__consensus__local_only__lowacc__L3,gam,0.21681,0.0307,0.01431,0.71317,0.22096,0.01305,-0.01671,0.90291,0.22276,0.03874,-0.01098,0.75634,Pontastacus_leptodactylus_pooled,local_only,3
Pontastacus_leptodactylus_pooled__consensus__local_only__lowacc__L3,random_forest,0.1691,0.06893,0.06723,1.35864,0.16786,0.04428,-0.00056,0.97391,0.16604,0.02445,-0.0062,0.85537,Pontastacus_leptodactylus_pooled,local_only,3
Pontastacus_leptodactylus_pooled__consensus__local_only__lowacc__L3,xgboost,0.17084,0.07804,0.08783,0.60143,0.16639,0.0293,5e-05,0.9819,0.16734,0.01511,-0.00524,0.88194,Pontastacus_leptodactylus_pooled,local_only,3
Pontastacus_leptodactylus_pooled__consensus__upstream_only__benchmark__L0,glm,0.22328,0.01821,0.02623,0.95189,0.23646,0.07155,-0.05252,0.67988,0.23271,0.08557,-0.04635,0.50197,Pontastacus_leptodactylus_pooled,upstream_only,0
Pontastacus_leptodactylus_pooled__consensus__upstream_only__benchmark__L0,gam,0.23528,0.08405,-0.02194,0.60815,0.25061,0.07962,-0.04051,0.44317,0.24508,0.08751,-0.05066,0.23526,Pontastacus_leptodactylus_pooled,upstream_only,0
Pontastacus_leptodactylus_pooled__consensus__upstream_only__benchmark__L0,random_forest,0.19865,0.03649,0.00614,1.38045,0.20639,0.08324,-0.06575,0.86706,0.20866,0.10637,-0.06985,0.68671,Pontastacus_leptodactylus_pooled,upstream_only,0
Pontastacus_leptodactylus_pooled__consensus__upstream_only__benchmark__L0,xgboost,0.20313,0.08669,0.01081,0.56721,0.21153,0.07703,-0.06383,0.81289,0.21294,0.09968,-0.10121,0.6661,Pontastacus_leptodactylus_pooled,upstream_only,0
Pontastacus_leptodactylus_pooled__consensus__upstream_only__lowacc__L10,glm,0.22513,0.01821,0.04247,0.97534,0.22937,0.03652,-0.00084,0.86767,0.23372,0.09133,-0.00719,0.62149,Pontastacus_leptodactylus_pooled,upstream_only,10
Pontastacus_leptodactylus_pooled__consensus__upstream_only__lowacc__L10,gam,0.22932,0.05951,0.03468,0.6716,0.23133,0.03949,-0.00793,0.8723,0.23265,0.06063,-0.02127,0.58247,Pontastacus_leptodactylus_pooled,upstream_only,10
Pontastacus_leptodactylus_pooled__consensus__upstream_only__lowacc__L10,random_forest,0.20018,0.05526,0.03311,1.51174,0.2002,0.03615,-0.01202,0.94894,0.20465,0.04792,-0.08082,0.72041,Pontastacus_leptodactylus_pooled,upstream_only,10
Pontastacus_leptodactylus_pooled__consensus__upstream_only__lowacc__L10,xgboost,0.20869,0.07252,0.04922,0.57874,0.20851,0.04607,-0.01039,0.9307,0.21319,0.04961,0.00321,0.72251,Pontastacus_leptodactylus_pooled,upstream_only,10
Pontastacus_leptodactylus_pooled__consensus__upstream_only__lowacc__L20,glm,0.23089,0.02401,-0.03194,0.76108,0.23707,0.03348,-0.02475,0.73029,0.23891,0.05691,-0.02627,0.50601,Pontastacus_leptodactylus_pooled,upstream_only,20
Pontastacus_leptodactylus_pooled__consensus__upstream_only__lowacc__L20,gam,0.23725,0.06685,-0.03589,0.56076,0.23981,0.05042,-0.01748,0.72205,0.24129,0.09354,-0.02428,0.52074,Pontastacus_leptodactylus_pooled,upstream_only,20
Pontastacus_leptodactylus_pooled__consensus__upstream_only__lowacc__L20,random_forest,0.20933,0.04301,-0.09997,1.24871,0.21051,0.05303,-0.02042,0.95527,0.2097,0.05344,-0.02605,0.79478,Pontastacus_leptodactylus_pooled,upstream_only,20
Pontastacus_leptodactylus_pooled__consensus__upstream_only__lowacc__L20,xgboost,0.21438,0.0795,-0.05145,0.52906,0.21271,0.06004,-0.01736,0.92332,0.21416,0.05132,-0.00866,0.75932,Pontastacus_leptodactylus_pooled,upstream_only,20
Pontastacus_leptodactylus_pooled__consensus__upstream_only__lowacc__L3,glm,0.22579,0.02088,0.04102,0.87944,0.23268,0.04428,-0.00454,0.78336,0.23631,0.04893,0.00308,0.58849,Pontastacus_leptodactylus_pooled,upstream_only,3
Pontastacus_leptodactylus_pooled__consensus__upstream_only__lowacc__L3,gam,0.23253,0.04358,0.03671,0.64167,0.23706,0.05223,-0.00421,0.73954,0.23856,0.06245,0.00031,0.44304,Pontastacus_leptodactylus_pooled,upstream_only,3
Pontastacus_leptodactylus_pooled__consensus__upstream_only__lowacc__L3,random_forest,0.19732,0.05102,0.07718,1.39285,0.19721,0.05109,-0.01747,0.96616,0.19492,0.05915,-0.02293,0.83056,Pontastacus_leptodactylus_pooled,upstream_only,3
Pontastacus_leptodactylus_pooled__consensus__upstream_only__lowacc__L3,xgboost,0.19936,0.06669,0.10054,0.5771,0.19973,0.0593,-0.01885,0.95126,0.20046,0.06541,-0.07016,0.79649,Pontastacus_leptodactylus_pooled,upstream_only,3
Procambarus_clarkii_alien__consensus__combined__benchmark__L0,glm,0.18243,0.02768,0.00695,0.96955,0.18858,0.03984,-0.0684,0.97718,0.1889,0.03363,-0.07188,0.95105,Procambarus_clarkii_alien,combined,0
Procambarus_clarkii_alien__consensus__combined__benchmark__L0,gam,0.18529,0.02938,-0.05928,0.87466,0.19515,0.03776,-0.06611,0.90751,0.19623,0.03941,-0.07406,0.86185,Procambarus_clarkii_alien,combined,0
Procambarus_clarkii_alien__consensus__combined__benchmark__L0,random_forest,0.11203,0.05963,0.00274,1.36851,0.11311,0.0292,-0.07478,0.98336,0.11332,0.02043,-0.06896,0.96208,Procambarus_clarkii_alien,combined,0
Procambarus_clarkii_alien__consensus__combined__benchmark__L0,xgboost,0.10664,0.02522,0.11888,0.83915,0.10995,0.02513,-0.07389,0.99592,0.11104,0.02328,-0.07911,0.96819,Procambarus_clarkii_alien,combined,0
Procambarus_clarkii_alien__consensus__combined__lowacc__L10,glm,0.18581,0.03485,-0.02106,0.9972,0.19702,0.0581,-0.13462,0.97321,0.19665,0.04327,-0.12984,0.93903,Procambarus_clarkii_alien,combined,10
Procambarus_clarkii_alien__consensus__combined__lowacc__L10,gam,0.18932,0.02843,-0.12643,0.92909,0.20541,0.04584,-0.11217,0.86684,0.2067,0.05945,-0.1054,0.81315,Procambarus_clarkii_alien,combined,10
Procambarus_clarkii_alien__consensus__combined__lowacc__L10,random_forest,0.12017,0.06727,-0.17243,1.36975,0.12176,0.0355,-0.11012,1.00482,0.12279,0.03274,-0.12748,0.95933,Procambarus_clarkii_alien,combined,10
Procambarus_clarkii_alien__consensus__combined__lowacc__L10,xgboost,0.1115,0.02481,0.01492,0.83759,0.11298,0.01257,-0.06695,1.02688,0.11475,0.02129,-0.06561,0.99385,Procambarus_clarkii_alien,combined,10
Procambarus_clarkii_alien__consensus__combined__lowacc__L20,glm,0.1914,0.03192,-0.0381,0.95689,0.20034,0.05409,-0.08906,0.94132,0.19914,0.04147,-0.08768,0.93491,Procambarus_clarkii_alien,combined,20
Procambarus_clarkii_alien__consensus__combined__lowacc__L20,gam,0.1914,0.02781,-0.08832,0.90446,0.20373,0.05104,-0.07625,0.87057,0.20504,0.04264,-0.08244,0.82255,Procambarus_clarkii_alien,combined,20
Procambarus_clarkii_alien__consensus__combined__lowacc__L20,random_forest,0.12397,0.07373,-0.19322,1.39658,0.12602,0.04505,-0.10624,0.96033,0.12672,0.04716,-0.1301,0.93513,Procambarus_clarkii_alien,combined,20
Procambarus_clarkii_alien__consensus__combined__lowacc__L20,xgboost,0.11425,0.01882,-0.03008,0.86817,0.1178,0.02258,-0.06982,1.00034,0.11915,0.02106,-0.0695,0.97165,Procambarus_clarkii_alien,combined,20
Procambarus_clarkii_alien__consensus__combined__lowacc__L3,glm,0.18327,0.02185,-0.01483,1.01532,0.18821,0.0347,-0.06264,0.98723,0.18859,0.02116,-0.06408,0.96811,Procambarus_clarkii_alien,combined,3
Procambarus_clarkii_alien__consensus__combined__lowacc__L3,gam,0.18147,0.01603,-0.05205,0.94323,0.18878,0.02561,-0.06086,0.95439,0.18969,0.04317,-0.0625,0.92473,Procambarus_clarkii_alien,combined,3
Procambarus_clarkii_alien__consensus__combined__lowacc__L3,random_forest,0.11701,0.06112,-0.11257,1.34967,0.11792,0.03044,-0.06989,0.98868,0.11857,0.02321,-0.06891,0.96085,Procambarus_clarkii_alien,combined,3
Procambarus_clarkii_alien__consensus__combined__lowacc__L3,xgboost,0.11103,0.02598,0.05489,0.80878,0.11341,0.01943,-0.04664,1.00369,0.11419,0.02172,-0.04038,0.97959,Procambarus_clarkii_alien,combined,3
Procambarus_clarkii_alien__consensus__local_only__benchmark__L0,glm,0.15395,0.02618,0.01486,0.90995,0.15936,0.0397,-0.0463,0.95941,0.16144,0.04329,-0.10806,0.9697,Procambarus_clarkii_alien,local_only,0
Procambarus_clarkii_alien__consensus__local_only__benchmark__L0,gam,0.14822,0.03299,-0.08699,0.98972,0.15603,0.05054,-0.07082,0.93188,0.15445,0.04478,-0.05087,0.90193,Procambarus_clarkii_alien,local_only,0
Procambarus_clarkii_alien__consensus__local_only__benchmark__L0,random_forest,0.11184,0.06219,-0.00144,1.38065,0.11242,0.03187,-0.0737,0.98571,0.11253,0.02412,-0.0737,0.96158,Procambarus_clarkii_alien,local_only,0
Procambarus_clarkii_alien__consensus__local_only__benchmark__L0,xgboost,0.10589,0.02255,0.11347,0.83128,0.10869,0.02757,-0.06851,0.99817,0.10927,0.02398,-0.07202,0.97298,Procambarus_clarkii_alien,local_only,0
Procambarus_clarkii_alien__consensus__local_only__lowacc__L10,glm,0.15548,0.02534,0.11373,0.7965,0.15773,0.02205,0.02416,0.93883,0.15805,0.01566,0.0189,0.91208,Procambarus_clarkii_alien,local_only,10
Procambarus_clarkii_alien__consensus__local_only__lowacc__L10,gam,0.14503,0.02985,-0.0517,0.9546,0.1474,0.03927,-0.06723,1.02518,0.147,0.03011,-0.03213,0.96961,Procambarus_clarkii_alien,local_only,10
Procambarus_clarkii_alien__consensus__local_only__lowacc__L10,random_forest,0.11897,0.06491,-0.15223,1.38007,0.12023,0.03278,-0.11023,1.00684,0.12123,0.03367,-0.12779,0.96532,Procambarus_clarkii_alien,local_only,10
Procambarus_clarkii_alien__consensus__local_only__lowacc__L10,xgboost,0.11135,0.02901,0.0522,0.83297,0.11268,0.01702,-0.06555,1.02676,0.11429,0.02094,-0.06442,0.98906,Procambarus_clarkii_alien,local_only,10
Procambarus_clarkii_alien__consensus__local_only__lowacc__L20,glm,0.15398,0.02581,0.03946,0.94841,0.15589,0.02537,-0.01734,0.98854,0.15674,0.0205,-0.05979,1.00069,Procambarus_clarkii_alien,local_only,20
Procambarus_clarkii_alien__consensus__local_only__lowacc__L20,gam,0.14819,0.02791,-0.08759,1.0065,0.15288,0.03658,-0.07762,1.00246,0.15309,0.02552,-0.07949,0.97853,Procambarus_clarkii_alien,local_only,20
Procambarus_clarkii_alien__consensus__local_only__lowacc__L20,random_forest,0.12314,0.0747,-0.17529,1.41388,0.12462,0.04311,-0.10605,0.96471,0.12562,0.03607,-0.12418,0.94205,Procambarus_clarkii_alien,local_only,20
Procambarus_clarkii_alien__consensus__local_only__lowacc__L20,xgboost,0.11555,0.02179,-0.00699,0.84809,0.11838,0.01925,-0.06156,1.00287,0.11964,0.02427,-0.0561,0.97183,Procambarus_clarkii_alien,local_only,20
Procambarus_clarkii_alien__consensus__local_only__lowacc__L3,glm,0.15544,0.0286,0.02287,0.89051,0.15775,0.03108,0.00627,0.9611,0.15811,0.02433,-0.02369,0.98036,Procambarus_clarkii_alien,local_only,3
Procambarus_clarkii_alien__consensus__local_only__lowacc__L3,gam,0.1474,0.0268,-0.10195,0.97083,0.14969,0.02928,-0.03359,1.00127,0.15075,0.02998,-0.02524,0.94125,Procambarus_clarkii_alien,local_only,3
Procambarus_clarkii_alien__consensus__local_only__lowacc__L3,random_forest,0.1164,0.06117,-0.10491,1.35846,0.11697,0.03039,-0.07018,0.99285,0.11775,0.02952,-0.07051,0.9636,Procambarus_clarkii_alien,local_only,3
Procambarus_clarkii_alien__consensus__local_only__lowacc__L3,xgboost,0.11259,0.02665,0.0252,0.80262,0.1149,0.0195,-0.05351,1.00558,0.11682,0.02641,-0.04821,0.96731,Procambarus_clarkii_alien,local_only,3
Procambarus_clarkii_alien__consensus__upstream_only__benchmark__L0,glm,0.20876,0.04341,0.01036,0.96407,0.21892,0.07308,-0.05464,0.84652,0.21982,0.05835,-0.09976,0.77567,Procambarus_clarkii_alien,upstream_only,0
Procambarus_clarkii_alien__consensus__upstream_only__benchmark__L0,gam,0.21072,0.06566,-0.03029,0.84024,0.22283,0.07042,-0.04171,0.79978,0.22563,0.06835,-0.07661,0.70058,Procambarus_clarkii_alien,upstream_only,0
Procambarus_clarkii_alien__consensus__upstream_only__benchmark__L0,random_forest,0.15675,0.06286,0.01892,1.36645,0.16,0.04173,-0.05389,0.96281,0.16422,0.03521,-0.16851,0.90103,Procambarus_clarkii_alien,upstream_only,0
Procambarus_clarkii_alien__consensus__upstream_only__benchmark__L0,xgboost,0.15771,0.0758,0.07188,0.78059,0.16181,0.0564,-0.03988,0.96249,0.16116,0.05857,-0.05716,0.90701,Procambarus_clarkii_alien,upstream_only,0
Procambarus_clarkii_alien__consensus__upstream_only__lowacc__L10,glm,0.21244,0.03617,-0.0263,0.9825,0.23264,0.071,-0.09914,0.72178,0.22456,0.09445,-0.15794,0.77835,Procambarus_clarkii_alien,upstream_only,10
Procambarus_clarkii_alien__consensus__upstream_only__lowacc__L10,gam,0.22094,0.05652,-0.07435,0.75711,0.24326,0.10316,-0.05964,0.5577,0.24352,0.07976,-0.07766,0.54367,Procambarus_clarkii_alien,upstream_only,10
Procambarus_clarkii_alien__consensus__upstream_only__lowacc__L10,random_forest,0.16425,0.0466,-0.07136,1.36696,0.17264,0.05609,-0.10662,0.92418,0.17052,0.06048,-0.1538,0.90394,Procambarus_clarkii_alien,upstream_only,10
Procambarus_clarkii_alien__consensus__upstream_only__lowacc__L10,xgboost,0.16553,0.08849,0.00118,0.76499,0.17333,0.09384,-0.07304,0.92749,0.1741,0.08308,-0.10839,0.84322,Procambarus_clarkii_alien,upstream_only,10
Procambarus_clarkii_alien__consensus__upstream_only__lowacc__L20,glm,0.21243,0.03194,-0.02871,0.96614,0.22165,0.034,-0.0671,0.88508,0.22134,0.07316,-0.11659,0.80998,Procambarus_clarkii_alien,upstream_only,20
Procambarus_clarkii_alien__consensus__upstream_only__lowacc__L20,gam,0.21284,0.04271,-0.05399,0.85988,0.22454,0.05263,-0.05028,0.80964,0.22475,0.04819,-0.08112,0.75844,Procambarus_clarkii_alien,upstream_only,20
Procambarus_clarkii_alien__consensus__upstream_only__lowacc__L20,random_forest,0.16572,0.05064,-0.11386,1.42309,0.16952,0.05867,-0.07975,0.93972,0.17046,0.0476,-0.1463,0.91126,Procambarus_clarkii_alien,upstream_only,20
Procambarus_clarkii_alien__consensus__upstream_only__lowacc__L20,xgboost,0.16127,0.04051,-0.02077,0.8293,0.16686,0.06386,-0.05548,0.96713,0.16672,0.05775,-0.08942,0.91136,Procambarus_clarkii_alien,upstream_only,20
Procambarus_clarkii_alien__consensus__upstream_only__lowacc__L3,glm,0.21067,0.04087,-0.02278,0.96498,0.22031,0.03175,-0.05949,0.85934,0.22007,0.05795,-0.11182,0.80317,Procambarus_clarkii_alien,upstream_only,3
Procambarus_clarkii_alien__consensus__upstream_only__lowacc__L3,gam,0.21123,0.02885,-0.03778,0.84301,0.22166,0.0421,-0.04676,0.83769,0.22426,0.05524,-0.08771,0.72832,Procambarus_clarkii_alien,upstream_only,3
Procambarus_clarkii_alien__consensus__upstream_only__lowacc__L3,random_forest,0.16189,0.05152,-0.04482,1.34435,0.16325,0.03387,-0.05194,0.99099,0.16591,0.03719,-0.11515,0.93542,Procambarus_clarkii_alien,upstream_only,3
Procambarus_clarkii_alien__consensus__upstream_only__lowacc__L3,xgboost,0.15873,0.0549,0.02949,0.78418,0.16083,0.04905,-0.03358,0.99568,0.16239,0.04091,-0.05627,0.91916,Procambarus_clarkii_alien,upstream_only,3
Procambarus_clarkii_native__consensus__combined__benchmark__L0,glm,0.19004,0.1396,0.00718,0.7218,0.27072,0.16869,-0.13365,0.3153,0.26652,0.22184,-0.2817,0.43639,Procambarus_clarkii_native,combined,0
Procambarus_clarkii_native__consensus__combined__benchmark__L0,gam,0.14175,0.06818,-0.44708,0.90239,0.18312,0.08897,-0.46754,0.90249,0.17407,0.10241,-0.20527,0.68091,Procambarus_clarkii_native,combined,0
Procambarus_clarkii_native__consensus__combined__benchmark__L0,random_forest,0.08655,0.06734,-0.23552,1.43895,0.08432,0.03433,-0.18065,1.05391,0.08312,0.01627,-0.0247,0.92304,Procambarus_clarkii_native,combined,0
Procambarus_clarkii_native__consensus__combined__benchmark__L0,xgboost,0.08525,0.05384,0.00431,0.59857,0.08346,0.01232,-0.00396,0.97661,0.08501,0.0208,0.01119,0.85891,Procambarus_clarkii_native,combined,0
Procambarus_clarkii_native__consensus__combined__lowacc__L10,glm,0.20655,0.12859,-0.11337,0.72947,0.35323,0.33784,0.16924,-0.24997,0.37834,0.34688,0.05643,-0.06401,Procambarus_clarkii_native,combined,10
Procambarus_clarkii_native__consensus__combined__lowacc__L10,gam,0.39736,0.34383,0.0873,-0.04526,0.47276,0.54253,0.92673,-1.00313,0.4436,0.51025,0.56441,-0.6965,Procambarus_clarkii_native,combined,10
Procambarus_clarkii_native__consensus__combined__lowacc__L10,random_forest,0.19316,0.21612,-1.81515,1.87449,0.23426,0.21867,-0.76521,0.64979,0.24175,0.25272,-0.93231,0.69675,Procambarus_clarkii_native,combined,10
Procambarus_clarkii_native__consensus__combined__lowacc__L10,xgboost,0.17939,0.18156,-1.32535,0.74934,0.17952,0.13719,-0.77215,1.02041,0.18666,0.18057,-0.74313,0.77972,Procambarus_clarkii_native,combined,10
Procambarus_clarkii_native__consensus__combined__lowacc__L20,glm,0.20126,0.15061,0.03339,0.63914,0.27135,0.17759,-0.09173,0.26131,0.263,0.21227,-0.2164,0.41453,Procambarus_clarkii_native,combined,20
Procambarus_clarkii_native__consensus__combined__lowacc__L20,gam,0.15498,0.07236,-0.32202,0.80022,0.18788,0.07693,-0.40566,0.95701,0.19087,0.09751,-0.11514,0.62243,Procambarus_clarkii_native,combined,20
Procambarus_clarkii_native__consensus__combined__lowacc__L20,random_forest,0.09721,0.05489,-0.08464,1.26422,0.09564,0.02327,0.01688,0.98019,0.09799,0.03828,0.17525,0.77249,Procambarus_clarkii_native,combined,20
Procambarus_clarkii_native__consensus__combined__lowacc__L20,xgboost,0.10036,0.0741,0.17825,0.52397,0.09737,0.03287,0.21708,0.8575,0.0991,0.04925,0.45779,0.37332,Procambarus_clarkii_native,combined,20
Procambarus_clarkii_native__consensus__combined__lowacc__L3,glm,0.20652,0.13416,-0.12258,0.70436,0.36742,0.36722,0.21383,-0.27865,0.39397,0.36045,0.15476,-0.14128,Procambarus_clarkii_native,combined,3
Procambarus_clarkii_native__consensus__combined__lowacc__L3,gam,0.39171,0.33603,0.0651,-0.03288,0.46942,0.53872,0.99321,-1.09584,0.43845,0.51004,0.07745,-0.12975,Procambarus_clarkii_native,combined,3
Procambarus_clarkii_native__consensus__combined__lowacc__L3,random_forest,0.19865,0.22456,-1.95087,1.8625,0.23973,0.22547,-0.74854,0.63473,0.25562,0.27581,-0.83163,0.59856,Procambarus_clarkii_native,combined,3
Procambarus_clarkii_native__consensus__combined__lowacc__L3,xgboost,0.1993,0.20636,-1.5012,0.74558,0.19728,0.15747,-0.75401,0.93322,0.2023,0.1963,-0.75855,0.76339,Procambarus_clarkii_native,combined,3
Procambarus_clarkii_native__consensus__local_only__benchmark__L0,glm,0.1366,0.11039,0.12941,0.89356,0.15557,0.1302,-0.23019,1.04878,0.13967,0.10384,-0.24282,0.90201,Procambarus_clarkii_native,local_only,0
Procambarus_clarkii_native__consensus__local_only__benchmark__L0,gam,0.1219,0.05434,-0.28776,0.90137,0.14268,0.07813,-0.43345,1.09655,0.13393,0.07315,-0.07449,0.82068,Procambarus_clarkii_native,local_only,0
Procambarus_clarkii_native__consensus__local_only__benchmark__L0,random_forest,0.08794,0.06798,-0.30173,1.43561,0.08488,0.02779,-0.16594,1.05186,0.08552,0.01406,-0.03117,0.90212,Procambarus_clarkii_native,local_only,0
Procambarus_clarkii_native__consensus__local_only__benchmark__L0,xgboost,0.08443,0.05226,-0.02239,0.6029,0.0832,0.01069,-0.02702,0.98544,0.08462,0.01416,-0.0145,0.84242,Procambarus_clarkii_native,local_only,0
Procambarus_clarkii_native__consensus__local_only__lowacc__L10,glm,0.15116,0.13556,-0.06287,0.96521,0.21972,0.15197,-0.62224,0.9264,0.20585,0.19861,-0.61539,0.79713,Procambarus_clarkii_native,local_only,10
Procambarus_clarkii_native__consensus__local_only__lowacc__L10,gam,0.36595,0.31351,-0.20236,0.09609,0.43477,0.48957,0.63704,-0.91989,0.42601,0.48617,0.30572,-0.45808,Procambarus_clarkii_native,local_only,10
Procambarus_clarkii_native__consensus__local_only__lowacc__L10,random_forest,0.19386,0.21777,-1.85875,1.87343,0.22337,0.20701,-0.78945,0.7166,0.22621,0.24707,-0.93971,0.75088,Procambarus_clarkii_native,local_only,10
Procambarus_clarkii_native__consensus__local_only__lowacc__L10,xgboost,0.18266,0.18927,-1.346,0.74541,0.18713,0.14981,-0.8089,1.00715,0.19238,0.16566,-0.80984,0.80491,Procambarus_clarkii_native,local_only,10
Procambarus_clarkii_native__consensus__local_only__lowacc__L20,glm,0.15418,0.12431,0.14245,0.77171,0.16984,0.1429,-0.09004,0.98928,0.14476,0.06401,-0.07211,0.90147,Procambarus_clarkii_native,local_only,20
Procambarus_clarkii_native__consensus__local_only__lowacc__L20,gam,0.14005,0.06032,-0.18255,0.77953,0.1591,0.07061,-0.38778,1.12295,0.152,0.05145,-0.08914,0.85044,Procambarus_clarkii_native,local_only,20
Procambarus_clarkii_native__consensus__local_only__lowacc__L20,random_forest,0.09617,0.05223,-0.15688,1.28757,0.09446,0.02367,0.05994,0.94834,0.09768,0.039,0.21484,0.70063,Procambarus_clarkii_native,local_only,20
Procambarus_clarkii_native__consensus__local_only__lowacc__L20,xgboost,0.10013,0.07398,0.08823,0.53612,0.09761,0.03055,0.21902,0.8571,0.09847,0.03959,0.26187,0.5187,Procambarus_clarkii_native,local_only,20
Procambarus_clarkii_native__consensus__local_only__lowacc__L3,glm,0.1481,0.1357,-0.0898,0.96273,0.23581,0.18166,-0.67814,0.83319,0.21231,0.207,-0.80627,0.86357,Procambarus_clarkii_native,local_only,3
Procambarus_clarkii_native__consensus__local_only__lowacc__L3,gam,0.35868,0.30816,-0.25449,0.12697,0.42832,0.48722,0.71997,-1.03228,0.42146,0.48427,0.30547,-0.4405,Procambarus_clarkii_native,local_only,3
Procambarus_clarkii_native__consensus__local_only__lowacc__L3,random_forest,0.2006,0.22858,-2.03289,1.91342,0.23614,0.23497,-0.79651,0.66147,0.23787,0.27222,-0.96548,0.72745,Procambarus_clarkii_native,local_only,3
Procambarus_clarkii_native__consensus__local_only__lowacc__L3,xgboost,0.20146,0.21421,-1.56876,0.76314,0.19148,0.15425,-0.78005,0.97642,0.19405,0.18819,-0.75425,0.75433,Procambarus_clarkii_native,local_only,3
Procambarus_clarkii_native__consensus__upstream_only__benchmark__L0,glm,0.16293,0.08189,0.04606,1.04212,0.22786,0.14467,-0.36551,0.62362,0.23147,0.16648,-0.47416,0.65635,Procambarus_clarkii_native,upstream_only,0
Procambarus_clarkii_native__consensus__upstream_only__benchmark__L0,gam,0.25172,0.22967,-0.17222,0.37184,0.35188,0.32678,0.08939,-0.1756,0.32837,0.31032,-0.02851,0.03762,Procambarus_clarkii_native,upstream_only,0
Procambarus_clarkii_native__consensus__upstream_only__benchmark__L0,random_forest,0.1287,0.1052,-0.04786,1.5331,0.14432,0.11792,-0.42842,1.08586,0.12714,0.04179,-0.13191,0.92207,Procambarus_clarkii_native,upstream_only,0
Procambarus_clarkii_native__consensus__upstream_only__benchmark__L0,xgboost,0.15464,0.14261,0.04367,0.53665,0.16917,0.14873,-0.22525,0.83419,0.15574,0.14429,-0.12508,0.60131,Procambarus_clarkii_native,upstream_only,0
Procambarus_clarkii_native__consensus__upstream_only__lowacc__L10,glm,0.28368,0.21154,-0.21323,0.27528,0.41716,0.47578,1.08856,-1.4399,0.41596,0.46771,0.36289,-0.41188,Procambarus_clarkii_native,upstream_only,10
Procambarus_clarkii_native__consensus__upstream_only__lowacc__L10,gam,0.31924,0.29035,-0.2451,0.1953,0.44639,0.49703,0.71262,-0.75024,0.43825,0.50455,0.40553,-0.4119,Procambarus_clarkii_native,upstream_only,10
Procambarus_clarkii_native__consensus__upstream_only__lowacc__L10,random_forest,0.20615,0.15138,-0.83669,1.3404,0.31409,0.33599,-0.31316,0.30338,0.27672,0.18409,-0.31141,0.32988,Procambarus_clarkii_native,upstream_only,10
Procambarus_clarkii_native__consensus__upstream_only__lowacc__L10,xgboost,0.24349,0.23908,-0.58571,0.4907,0.33466,0.32081,-0.05311,0.05159,0.28594,0.31004,-0.22458,0.27986,Procambarus_clarkii_native,upstream_only,10
Procambarus_clarkii_native__consensus__upstream_only__lowacc__L20,glm,0.16398,0.09138,0.01702,1.24601,0.23058,0.16949,-0.39818,0.59936,0.23168,0.17276,-0.47866,0.62669,Procambarus_clarkii_native,upstream_only,20
Procambarus_clarkii_native__consensus__upstream_only__lowacc__L20,gam,0.24822,0.21196,-0.28668,0.41899,0.33704,0.29362,0.01373,-0.05009,0.31912,0.30108,-0.06608,0.08123,Procambarus_clarkii_native,upstream_only,20
Procambarus_clarkii_native__consensus__upstream_only__lowacc__L20,random_forest,0.13286,0.1053,-0.00153,1.41898,0.14147,0.08464,-0.30111,1.07783,0.12416,0.05756,-0.16617,0.91381,Procambarus_clarkii_native,upstream_only,20
Procambarus_clarkii_native__consensus__upstream_only__lowacc__L20,xgboost,0.1585,0.1431,0.06717,0.51971,0.17043,0.13571,-0.1739,0.81747,0.16405,0.12654,-0.07048,0.51954,Procambarus_clarkii_native,upstream_only,20
Procambarus_clarkii_native__consensus__upstream_only__lowacc__L3,glm,0.2781,0.21086,-0.18695,0.25961,0.41877,0.4827,1.18103,-1.50781,0.411,0.46637,0.5918,-0.61639,Procambarus_clarkii_native,upstream_only,3
Procambarus_clarkii_native__consensus__upstream_only__lowacc__L3,gam,0.30999,0.2806,-0.27055,0.2237,0.43916,0.4865,0.79144,-0.87435,0.43424,0.48374,0.51563,-0.52884,Procambarus_clarkii_native,upstream_only,3
Procambarus_clarkii_native__consensus__upstream_only__lowacc__L3,random_forest,0.20873,0.1627,-0.83498,1.28826,0.32854,0.3579,-0.26148,0.24601,0.28971,0.29829,-0.32774,0.32693,Procambarus_clarkii_native,upstream_only,3
Procambarus_clarkii_native__consensus__upstream_only__lowacc__L3,xgboost,0.25884,0.25169,-0.6131,0.46948,0.35469,0.34118,0.0686,-0.09015,0.3225,0.3539,-0.2156,0.21244,Procambarus_clarkii_native,upstream_only,3
