model,auc,brier,sensitivity,specificity,tss,boyce,n_folds,entity,entity_dir,track,level,n_presence,n_contaminant
consensus_mean,0.8234,0.1426,0.8151,0.6832,0.4982,0.8909,5,Astacus astacus,Astacus_astacus,combined,0,2058,0
consensus_median,0.8221,0.141,0.8165,0.6821,0.4986,0.8715,5,Astacus astacus,Astacus_astacus,combined,0,2058,0
gam,0.7778,0.1651,0.7906,0.6517,0.4424,0.8618,5,Astacus astacus,Astacus_astacus,combined,0,2058,0
glm,0.7591,0.1677,0.8031,0.6247,0.4278,0.6776,5,Astacus astacus,Astacus_astacus,combined,0,2058,0
random_forest,0.8421,0.1423,0.7658,0.7415,0.5073,0.9903,5,Astacus astacus,Astacus_astacus,combined,0,2058,0
xgboost,0.8284,0.1774,0.7666,0.6897,0.4563,0.8369,5,Astacus astacus,Astacus_astacus,combined,0,2058,0
consensus_mean,0.8062,0.1455,0.7536,0.7171,0.4707,0.9563,5,Astacus astacus,Astacus_astacus,combined,10,2058,206
consensus_median,0.8065,0.1457,0.7584,0.7072,0.4656,0.8982,5,Astacus astacus,Astacus_astacus,combined,10,2058,206
gam,0.7677,0.1663,0.7637,0.6588,0.4225,0.8209,5,Astacus astacus,Astacus_astacus,combined,10,2058,206
glm,0.7227,0.1726,0.7701,0.6344,0.4045,0.7309,5,Astacus astacus,Astacus_astacus,combined,10,2058,206
random_forest,0.8283,0.1505,0.7172,0.7513,0.4686,0.8982,5,Astacus astacus,Astacus_astacus,combined,10,2058,206
xgboost,0.8092,0.1585,0.7125,0.7261,0.4385,0.8958,5,Astacus astacus,Astacus_astacus,combined,10,2058,206
consensus_mean,0.7209,0.1765,0.7215,0.5507,0.2722,0.8812,5,Astacus astacus,Astacus_astacus,combined,20,2058,412
consensus_median,0.7187,0.1762,0.7191,0.5444,0.2635,0.8545,5,Astacus astacus,Astacus_astacus,combined,20,2058,412
gam,0.688,0.1898,0.7356,0.5313,0.2669,0.8448,5,Astacus astacus,Astacus_astacus,combined,20,2058,412
glm,0.6865,0.1909,0.7303,0.5177,0.248,0.6921,5,Astacus astacus,Astacus_astacus,combined,20,2058,412
random_forest,0.7271,0.1842,0.6727,0.5344,0.207,0.7042,5,Astacus astacus,Astacus_astacus,combined,20,2058,412
xgboost,0.707,0.2053,0.6858,0.5478,0.2336,0.6814,5,Astacus astacus,Astacus_astacus,combined,20,2058,412
consensus_mean,0.7981,0.1536,0.7847,0.6525,0.4372,0.9241,5,Astacus astacus,Astacus_astacus,combined,3,2058,62
consensus_median,0.7987,0.1516,0.7861,0.6428,0.4289,0.9345,5,Astacus astacus,Astacus_astacus,combined,3,2058,62
gam,0.7546,0.1697,0.7736,0.5997,0.3732,0.8618,5,Astacus astacus,Astacus_astacus,combined,3,2058,62
glm,0.7352,0.1718,0.7899,0.5843,0.3741,0.7739,5,Astacus astacus,Astacus_astacus,combined,3,2058,62
random_forest,0.8228,0.1548,0.741,0.645,0.386,0.9089,5,Astacus astacus,Astacus_astacus,combined,3,2058,62
xgboost,0.7884,0.1926,0.7348,0.6092,0.344,0.8339,5,Astacus astacus,Astacus_astacus,combined,3,2058,62
consensus_mean,0.8201,0.145,0.813,0.6779,0.4909,0.9308,5,Astacus astacus,Astacus_astacus,local_only,0,2058,0
consensus_median,0.816,0.1444,0.8158,0.6714,0.4872,0.8539,5,Astacus astacus,Astacus_astacus,local_only,0,2058,0
gam,0.7713,0.1676,0.8074,0.6372,0.4446,0.7673,5,Astacus astacus,Astacus_astacus,local_only,0,2058,0
glm,0.7505,0.1695,0.8137,0.6385,0.4522,0.6315,5,Astacus astacus,Astacus_astacus,local_only,0,2058,0
random_forest,0.8409,0.143,0.7712,0.7335,0.5047,0.9564,5,Astacus astacus,Astacus_astacus,local_only,0,2058,0
xgboost,0.829,0.1789,0.7612,0.687,0.4483,0.7527,5,Astacus astacus,Astacus_astacus,local_only,0,2058,0
consensus_mean,0.8104,0.1488,0.7691,0.7174,0.4864,0.9388,5,Astacus astacus,Astacus_astacus,local_only,10,2058,206
consensus_median,0.8087,0.1489,0.7666,0.6973,0.4639,0.9321,5,Astacus astacus,Astacus_astacus,local_only,10,2058,206
gam,0.779,0.17,0.7823,0.6488,0.431,0.8806,5,Astacus astacus,Astacus_astacus,local_only,10,2058,206
glm,0.7326,0.1741,0.7791,0.652,0.4311,0.6643,5,Astacus astacus,Astacus_astacus,local_only,10,2058,206
random_forest,0.8218,0.1521,0.7223,0.7107,0.433,0.8878,5,Astacus astacus,Astacus_astacus,local_only,10,2058,206
xgboost,0.8006,0.1636,0.7197,0.7013,0.4211,0.9515,5,Astacus astacus,Astacus_astacus,local_only,10,2058,206
consensus_mean,0.7068,0.1785,0.733,0.5389,0.2718,0.844,5,Astacus astacus,Astacus_astacus,local_only,20,2058,412
consensus_median,0.7082,0.1782,0.7336,0.5347,0.2684,0.8982,5,Astacus astacus,Astacus_astacus,local_only,20,2058,412
gam,0.6702,0.1946,0.7492,0.497,0.2462,0.7745,5,Astacus astacus,Astacus_astacus,local_only,20,2058,412
glm,0.6608,0.1934,0.7442,0.5127,0.2569,0.7164,5,Astacus astacus,Astacus_astacus,local_only,20,2058,412
random_forest,0.7251,0.1826,0.6909,0.5483,0.2393,0.7818,5,Astacus astacus,Astacus_astacus,local_only,20,2058,412
xgboost,0.701,0.2029,0.693,0.5543,0.2473,0.7505,5,Astacus astacus,Astacus_astacus,local_only,20,2058,412
consensus_mean,0.7964,0.1559,0.7877,0.6454,0.4332,0.912,5,Astacus astacus,Astacus_astacus,local_only,3,2058,62
consensus_median,0.8,0.1542,0.7909,0.6383,0.4292,0.9345,5,Astacus astacus,Astacus_astacus,local_only,3,2058,62
gam,0.7524,0.1745,0.8017,0.5849,0.3866,0.7867,5,Astacus astacus,Astacus_astacus,local_only,3,2058,62
glm,0.74,0.1733,0.8031,0.6105,0.4136,0.7333,5,Astacus astacus,Astacus_astacus,local_only,3,2058,62
random_forest,0.8246,0.1554,0.7472,0.6323,0.3794,0.8139,5,Astacus astacus,Astacus_astacus,local_only,3,2058,62
xgboost,0.7869,0.1917,0.7386,0.6149,0.3535,0.8127,5,Astacus astacus,Astacus_astacus,local_only,3,2058,62
consensus_mean,0.7533,0.1853,0.6177,0.7729,0.3905,0.84,5,Astacus astacus,Astacus_astacus,upstream_only,0,2058,0
consensus_median,0.7572,0.1858,0.6281,0.7631,0.3912,0.8327,5,Astacus astacus,Astacus_astacus,upstream_only,0,2058,0
gam,0.7569,0.1941,0.6486,0.741,0.3895,0.8352,5,Astacus astacus,Astacus_astacus,upstream_only,0,2058,0
glm,0.7219,0.1996,0.6018,0.7515,0.3533,0.6848,5,Astacus astacus,Astacus_astacus,upstream_only,0,2058,0
random_forest,0.7405,0.1877,0.5745,0.7659,0.3404,0.8296,5,Astacus astacus,Astacus_astacus,upstream_only,0,2058,0
xgboost,0.7257,0.2274,0.5556,0.7708,0.3264,0.7188,5,Astacus astacus,Astacus_astacus,upstream_only,0,2058,0
consensus_mean,0.7472,0.1844,0.5617,0.7814,0.3431,0.8764,5,Astacus astacus,Astacus_astacus,upstream_only,10,2058,206
consensus_median,0.7486,0.1846,0.5634,0.7914,0.3548,0.8925,5,Astacus astacus,Astacus_astacus,upstream_only,10,2058,206
gam,0.7362,0.2006,0.5961,0.7592,0.3553,0.8545,5,Astacus astacus,Astacus_astacus,upstream_only,10,2058,206
glm,0.7092,0.1978,0.5438,0.7748,0.3185,0.8709,5,Astacus astacus,Astacus_astacus,upstream_only,10,2058,206
random_forest,0.7272,0.1866,0.5111,0.8139,0.3251,0.8023,5,Astacus astacus,Astacus_astacus,upstream_only,10,2058,206
xgboost,0.7083,0.2106,0.4922,0.8194,0.3117,0.7964,5,Astacus astacus,Astacus_astacus,upstream_only,10,2058,206
consensus_mean,0.6861,0.202,0.5185,0.6855,0.2041,0.84,5,Astacus astacus,Astacus_astacus,upstream_only,20,2058,412
consensus_median,0.69,0.2028,0.528,0.6809,0.2089,0.7891,5,Astacus astacus,Astacus_astacus,upstream_only,20,2058,412
gam,0.6784,0.2107,0.5555,0.6737,0.2292,0.8514,5,Astacus astacus,Astacus_astacus,upstream_only,20,2058,412
glm,0.6645,0.2083,0.5046,0.7001,0.2047,0.8594,5,Astacus astacus,Astacus_astacus,upstream_only,20,2058,412
random_forest,0.6644,0.205,0.4977,0.706,0.2037,0.8023,5,Astacus astacus,Astacus_astacus,upstream_only,20,2058,412
xgboost,0.6491,0.2365,0.4784,0.6924,0.1708,0.7154,5,Astacus astacus,Astacus_astacus,upstream_only,20,2058,412
consensus_mean,0.742,0.1904,0.5878,0.7501,0.3378,0.8909,5,Astacus astacus,Astacus_astacus,upstream_only,3,2058,62
consensus_median,0.7485,0.1899,0.5946,0.7539,0.3485,0.8618,5,Astacus astacus,Astacus_astacus,upstream_only,3,2058,62
gam,0.7471,0.1961,0.6287,0.7385,0.3672,0.8764,5,Astacus astacus,Astacus_astacus,upstream_only,3,2058,62
glm,0.7214,0.1976,0.5761,0.7399,0.316,0.8788,5,Astacus astacus,Astacus_astacus,upstream_only,3,2058,62
random_forest,0.7189,0.1935,0.5463,0.7727,0.319,0.84,5,Astacus astacus,Astacus_astacus,upstream_only,3,2058,62
xgboost,0.6922,0.2369,0.526,0.7618,0.2878,0.7664,5,Astacus astacus,Astacus_astacus,upstream_only,3,2058,62
consensus_mean,0.8403,0.1364,0.8372,0.6535,0.4907,0.9879,5,Austropotamobius fulcisianus (pooled),Austropotamobius_fulcisianus_pooled,combined,0,744,0
consensus_median,0.8411,0.1367,0.8303,0.6808,0.5111,0.9709,5,Austropotamobius fulcisianus (pooled),Austropotamobius_fulcisianus_pooled,combined,0,744,0
gam,0.7601,0.1822,0.7304,0.6713,0.4017,0.9562,5,Austropotamobius fulcisianus (pooled),Austropotamobius_fulcisianus_pooled,combined,0,744,0
glm,0.7732,0.1638,0.7508,0.6675,0.4183,0.9321,5,Austropotamobius fulcisianus (pooled),Austropotamobius_fulcisianus_pooled,combined,0,744,0
random_forest,0.8563,0.1426,0.8532,0.5845,0.4377,0.937,5,Austropotamobius fulcisianus (pooled),Austropotamobius_fulcisianus_pooled,combined,0,744,0
xgboost,0.842,0.1555,0.857,0.5698,0.4268,0.7408,5,Austropotamobius fulcisianus (pooled),Austropotamobius_fulcisianus_pooled,combined,0,744,0
consensus_mean,0.8157,0.15,0.8295,0.6231,0.4526,0.9509,5,Austropotamobius fulcisianus (pooled),Austropotamobius_fulcisianus_pooled,combined,10,744,74
consensus_median,0.8121,0.1521,0.8191,0.6172,0.4363,0.9411,5,Austropotamobius fulcisianus (pooled),Austropotamobius_fulcisianus_pooled,combined,10,744,74
gam,0.7505,0.1873,0.7288,0.6147,0.3435,0.9314,5,Austropotamobius fulcisianus (pooled),Austropotamobius_fulcisianus_pooled,combined,10,744,74
glm,0.7684,0.1691,0.7349,0.6415,0.3764,0.8526,5,Austropotamobius fulcisianus (pooled),Austropotamobius_fulcisianus_pooled,combined,10,744,74
random_forest,0.8063,0.1681,0.8476,0.5072,0.3548,0.9575,5,Austropotamobius fulcisianus (pooled),Austropotamobius_fulcisianus_pooled,combined,10,744,74
xgboost,0.8111,0.1765,0.854,0.5089,0.3628,0.6686,5,Austropotamobius fulcisianus (pooled),Austropotamobius_fulcisianus_pooled,combined,10,744,74
consensus_mean,0.772,0.2142,0.8675,0.4844,0.3518,0.8932,5,Austropotamobius fulcisianus (pooled),Austropotamobius_fulcisianus_pooled,combined,20,744,149
consensus_median,0.7527,0.2309,0.8568,0.4817,0.3385,0.9138,5,Austropotamobius fulcisianus (pooled),Austropotamobius_fulcisianus_pooled,combined,20,744,149
gam,0.6751,0.274,0.7522,0.4914,0.2435,0.8213,5,Austropotamobius fulcisianus (pooled),Austropotamobius_fulcisianus_pooled,combined,20,744,149
glm,0.7073,0.2166,0.7349,0.5633,0.2982,0.8992,5,Austropotamobius fulcisianus (pooled),Austropotamobius_fulcisianus_pooled,combined,20,744,149
random_forest,0.7892,0.2276,0.885,0.4544,0.3394,0.8764,5,Austropotamobius fulcisianus (pooled),Austropotamobius_fulcisianus_pooled,combined,20,744,149
xgboost,0.7871,0.2414,0.9136,0.4269,0.3405,0.6742,5,Austropotamobius fulcisianus (pooled),Austropotamobius_fulcisianus_pooled,combined,20,744,149
consensus_mean,0.7968,0.1917,0.8513,0.5399,0.3912,0.9345,5,Austropotamobius fulcisianus (pooled),Austropotamobius_fulcisianus_pooled,combined,3,744,22
consensus_median,0.789,0.2032,0.8464,0.5302,0.3766,0.9242,5,Austropotamobius fulcisianus (pooled),Austropotamobius_fulcisianus_pooled,combined,3,744,22
gam,0.7209,0.2504,0.7573,0.5676,0.3249,0.8958,5,Austropotamobius fulcisianus (pooled),Austropotamobius_fulcisianus_pooled,combined,3,744,22
glm,0.7507,0.1934,0.7181,0.6224,0.3405,0.7897,5,Austropotamobius fulcisianus (pooled),Austropotamobius_fulcisianus_pooled,combined,3,744,22
random_forest,0.8046,0.2071,0.8857,0.4441,0.3298,0.7769,5,Austropotamobius fulcisianus (pooled),Austropotamobius_fulcisianus_pooled,combined,3,744,22
xgboost,0.805,0.2205,0.8929,0.463,0.3559,0.545,5,Austropotamobius fulcisianus (pooled),Austropotamobius_fulcisianus_pooled,combined,3,744,22
consensus_mean,0.79,0.168,0.8419,0.5299,0.3718,0.8744,5,Austropotamobius fulcisianus (pooled),Austropotamobius_fulcisianus_pooled,local_only,0,744,0
consensus_median,0.7759,0.1717,0.8407,0.5187,0.3594,0.8715,5,Austropotamobius fulcisianus (pooled),Austropotamobius_fulcisianus_pooled,local_only,0,744,0
gam,0.7069,0.2167,0.7737,0.4522,0.2259,0.5274,5,Austropotamobius fulcisianus (pooled),Austropotamobius_fulcisianus_pooled,local_only,0,744,0
glm,0.6673,0.235,0.7295,0.5178,0.2473,0.5514,5,Austropotamobius fulcisianus (pooled),Austropotamobius_fulcisianus_pooled,local_only,0,744,0
random_forest,0.8505,0.1457,0.8609,0.5848,0.4457,0.9418,5,Austropotamobius fulcisianus (pooled),Austropotamobius_fulcisianus_pooled,local_only,0,744,0
xgboost,0.8442,0.1608,0.8604,0.5328,0.3932,0.7523,5,Austropotamobius fulcisianus (pooled),Austropotamobius_fulcisianus_pooled,local_only,0,744,0
consensus_mean,0.7767,0.1826,0.8262,0.5227,0.3489,0.9351,5,Austropotamobius fulcisianus (pooled),Austropotamobius_fulcisianus_pooled,local_only,10,744,74
consensus_median,0.7628,0.1888,0.8175,0.5242,0.3416,0.9152,5,Austropotamobius fulcisianus (pooled),Austropotamobius_fulcisianus_pooled,local_only,10,744,74
gam,0.6949,0.2341,0.7632,0.4862,0.2494,0.6568,5,Austropotamobius fulcisianus (pooled),Austropotamobius_fulcisianus_pooled,local_only,10,744,74
glm,0.6672,0.236,0.7178,0.5095,0.2273,0.6048,5,Austropotamobius fulcisianus (pooled),Austropotamobius_fulcisianus_pooled,local_only,10,744,74
random_forest,0.8007,0.1695,0.8612,0.5079,0.3691,0.9364,5,Austropotamobius fulcisianus (pooled),Austropotamobius_fulcisianus_pooled,local_only,10,744,74
xgboost,0.8115,0.176,0.8515,0.4905,0.342,0.5742,5,Austropotamobius fulcisianus (pooled),Austropotamobius_fulcisianus_pooled,local_only,10,744,74
consensus_mean,0.7683,0.2147,0.8852,0.4001,0.2852,0.8448,5,Austropotamobius fulcisianus (pooled),Austropotamobius_fulcisianus_pooled,local_only,20,744,149
consensus_median,0.7447,0.2346,0.8751,0.4306,0.3057,0.8454,5,Austropotamobius fulcisianus (pooled),Austropotamobius_fulcisianus_pooled,local_only,20,744,149
gam,0.6257,0.2908,0.7787,0.3313,0.11,0.3473,5,Austropotamobius fulcisianus (pooled),Austropotamobius_fulcisianus_pooled,local_only,20,744,149
glm,0.6726,0.2218,0.7547,0.492,0.2467,0.6809,5,Austropotamobius fulcisianus (pooled),Austropotamobius_fulcisianus_pooled,local_only,20,744,149
random_forest,0.7826,0.2303,0.8913,0.4489,0.3401,0.8061,5,Austropotamobius fulcisianus (pooled),Austropotamobius_fulcisianus_pooled,local_only,20,744,149
xgboost,0.8042,0.2378,0.9185,0.385,0.3035,0.711,5,Austropotamobius fulcisianus (pooled),Austropotamobius_fulcisianus_pooled,local_only,20,744,149
consensus_mean,0.7904,0.1983,0.8629,0.4448,0.3077,0.8986,5,Austropotamobius fulcisianus (pooled),Austropotamobius_fulcisianus_pooled,local_only,3,744,22
consensus_median,0.7779,0.2109,0.8603,0.4328,0.2931,0.8398,5,Austropotamobius fulcisianus (pooled),Austropotamobius_fulcisianus_pooled,local_only,3,744,22
gam,0.6964,0.2685,0.778,0.3564,0.1344,0.3853,5,Austropotamobius fulcisianus (pooled),Austropotamobius_fulcisianus_pooled,local_only,3,744,22
glm,0.6882,0.2199,0.7459,0.5008,0.2467,0.4527,5,Austropotamobius fulcisianus (pooled),Austropotamobius_fulcisianus_pooled,local_only,3,744,22
random_forest,0.7904,0.2117,0.8885,0.4577,0.3461,0.7745,5,Austropotamobius fulcisianus (pooled),Austropotamobius_fulcisianus_pooled,local_only,3,744,22
xgboost,0.809,0.2204,0.8856,0.4487,0.3343,0.4519,5,Austropotamobius fulcisianus (pooled),Austropotamobius_fulcisianus_pooled,local_only,3,744,22
consensus_mean,0.7136,0.2323,0.7807,0.4705,0.2512,0.8109,5,Austropotamobius fulcisianus (pooled),Austropotamobius_fulcisianus_pooled,upstream_only,0,744,0
consensus_median,0.7058,0.2341,0.777,0.4532,0.2302,0.9216,5,Austropotamobius fulcisianus (pooled),Austropotamobius_fulcisianus_pooled,upstream_only,0,744,0
gam,0.6355,0.2854,0.6996,0.4772,0.1768,0.8448,5,Austropotamobius fulcisianus (pooled),Austropotamobius_fulcisianus_pooled,upstream_only,0,744,0
glm,0.6055,0.2589,0.7831,0.3746,0.1576,0.6278,5,Austropotamobius fulcisianus (pooled),Austropotamobius_fulcisianus_pooled,upstream_only,0,744,0
random_forest,0.7115,0.2137,0.806,0.4313,0.2373,0.8495,5,Austropotamobius fulcisianus (pooled),Austropotamobius_fulcisianus_pooled,upstream_only,0,744,0
xgboost,0.6895,0.2475,0.6987,0.4908,0.1895,0.6708,5,Austropotamobius fulcisianus (pooled),Austropotamobius_fulcisianus_pooled,upstream_only,0,744,0
consensus_mean,0.6802,0.2358,0.7728,0.4226,0.1954,0.8942,5,Austropotamobius fulcisianus (pooled),Austropotamobius_fulcisianus_pooled,upstream_only,10,744,74
consensus_median,0.6773,0.2378,0.774,0.416,0.19,0.9234,5,Austropotamobius fulcisianus (pooled),Austropotamobius_fulcisianus_pooled,upstream_only,10,744,74
gam,0.6394,0.2802,0.6824,0.4601,0.1425,0.8341,5,Austropotamobius fulcisianus (pooled),Austropotamobius_fulcisianus_pooled,upstream_only,10,744,74
glm,0.632,0.2548,0.8004,0.3452,0.1455,0.7008,5,Austropotamobius fulcisianus (pooled),Austropotamobius_fulcisianus_pooled,upstream_only,10,744,74
random_forest,0.6567,0.2286,0.7829,0.3775,0.1604,0.8379,5,Austropotamobius fulcisianus (pooled),Austropotamobius_fulcisianus_pooled,upstream_only,10,744,74
xgboost,0.6645,0.257,0.5873,0.5647,0.1521,0.6364,5,Austropotamobius fulcisianus (pooled),Austropotamobius_fulcisianus_pooled,upstream_only,10,744,74
consensus_mean,0.6751,0.2641,0.789,0.3809,0.1699,0.8949,5,Austropotamobius fulcisianus (pooled),Austropotamobius_fulcisianus_pooled,upstream_only,20,744,149
consensus_median,0.6618,0.2712,0.786,0.3689,0.155,0.8916,5,Austropotamobius fulcisianus (pooled),Austropotamobius_fulcisianus_pooled,upstream_only,20,744,149
gam,0.5946,0.3207,0.7094,0.359,0.0684,0.7328,5,Austropotamobius fulcisianus (pooled),Austropotamobius_fulcisianus_pooled,upstream_only,20,744,149
glm,0.6021,0.2665,0.8227,0.2941,0.1168,0.6766,5,Austropotamobius fulcisianus (pooled),Austropotamobius_fulcisianus_pooled,upstream_only,20,744,149
random_forest,0.6643,0.2494,0.7889,0.381,0.17,0.7404,5,Austropotamobius fulcisianus (pooled),Austropotamobius_fulcisianus_pooled,upstream_only,20,744,149
xgboost,0.6716,0.2942,0.7014,0.4376,0.139,0.7976,5,Austropotamobius fulcisianus (pooled),Austropotamobius_fulcisianus_pooled,upstream_only,20,744,149
consensus_mean,0.6496,0.267,0.8086,0.363,0.1716,0.7392,5,Austropotamobius fulcisianus (pooled),Austropotamobius_fulcisianus_pooled,upstream_only,3,744,22
consensus_median,0.6563,0.2738,0.7936,0.3681,0.1617,0.8701,5,Austropotamobius fulcisianus (pooled),Austropotamobius_fulcisianus_pooled,upstream_only,3,744,22
gam,0.5787,0.3364,0.6802,0.3963,0.0764,0.5338,5,Austropotamobius fulcisianus (pooled),Austropotamobius_fulcisianus_pooled,upstream_only,3,744,22
glm,0.5696,0.2818,0.7599,0.3355,0.0955,0.3801,5,Austropotamobius fulcisianus (pooled),Austropotamobius_fulcisianus_pooled,upstream_only,3,744,22
random_forest,0.6659,0.2409,0.8068,0.3757,0.1825,0.7783,5,Austropotamobius fulcisianus (pooled),Austropotamobius_fulcisianus_pooled,upstream_only,3,744,22
xgboost,0.6725,0.2867,0.6335,0.509,0.1424,0.4756,5,Austropotamobius fulcisianus (pooled),Austropotamobius_fulcisianus_pooled,upstream_only,3,744,22
consensus_mean,0.8645,0.1706,0.7141,0.7705,0.4845,0.8493,5,Austropotamobius torrentium (pooled),Austropotamobius_torrentium_pooled,combined,0,1032,0
consensus_median,0.8631,0.1773,0.7047,0.7792,0.4839,0.8775,5,Austropotamobius torrentium (pooled),Austropotamobius_torrentium_pooled,combined,0,1032,0
gam,0.8114,0.2221,0.6554,0.7381,0.3935,0.7333,5,Austropotamobius torrentium (pooled),Austropotamobius_torrentium_pooled,combined,0,1032,0
glm,0.7919,0.1951,0.6873,0.7016,0.3889,0.8877,5,Austropotamobius torrentium (pooled),Austropotamobius_torrentium_pooled,combined,0,1032,0
random_forest,0.858,0.169,0.6849,0.8222,0.507,0.8409,5,Austropotamobius torrentium (pooled),Austropotamobius_torrentium_pooled,combined,0,1032,0
xgboost,0.8574,0.1881,0.7235,0.7587,0.4822,0.7646,5,Austropotamobius torrentium (pooled),Austropotamobius_torrentium_pooled,combined,0,1032,0
consensus_mean,0.7838,0.1798,0.7284,0.686,0.4144,0.7518,5,Austropotamobius torrentium (pooled),Austropotamobius_torrentium_pooled,combined,10,1032,103
consensus_median,0.7794,0.1851,0.7264,0.6948,0.4212,0.7888,5,Austropotamobius torrentium (pooled),Austropotamobius_torrentium_pooled,combined,10,1032,103
gam,0.7601,0.2139,0.6483,0.7252,0.3735,0.7382,5,Austropotamobius torrentium (pooled),Austropotamobius_torrentium_pooled,combined,10,1032,103
glm,0.7606,0.1894,0.6771,0.6899,0.367,0.9055,5,Austropotamobius torrentium (pooled),Austropotamobius_torrentium_pooled,combined,10,1032,103
random_forest,0.782,0.1914,0.7151,0.6909,0.4061,0.7403,5,Austropotamobius torrentium (pooled),Austropotamobius_torrentium_pooled,combined,10,1032,103
xgboost,0.7877,0.208,0.7416,0.6574,0.3989,0.3768,5,Austropotamobius torrentium (pooled),Austropotamobius_torrentium_pooled,combined,10,1032,103
consensus_mean,0.7703,0.1595,0.6512,0.6881,0.3392,0.6037,5,Austropotamobius torrentium (pooled),Austropotamobius_torrentium_pooled,combined,20,1032,206
consensus_median,0.7658,0.1645,0.639,0.7243,0.3633,0.7,5,Austropotamobius torrentium (pooled),Austropotamobius_torrentium_pooled,combined,20,1032,206
gam,0.7176,0.2031,0.6353,0.7018,0.3371,0.5652,5,Austropotamobius torrentium (pooled),Austropotamobius_torrentium_pooled,combined,20,1032,206
glm,0.7269,0.1886,0.6352,0.692,0.3272,0.8183,5,Austropotamobius torrentium (pooled),Austropotamobius_torrentium_pooled,combined,20,1032,206
random_forest,0.7692,0.1647,0.5907,0.7259,0.3166,0.7824,5,Austropotamobius torrentium (pooled),Austropotamobius_torrentium_pooled,combined,20,1032,206
xgboost,0.7996,0.1684,0.6665,0.6701,0.3366,0.0932,5,Austropotamobius torrentium (pooled),Austropotamobius_torrentium_pooled,combined,20,1032,206
consensus_mean,0.8599,0.1772,0.6901,0.7602,0.4502,0.9339,5,Austropotamobius torrentium (pooled),Austropotamobius_torrentium_pooled,combined,3,1032,31
consensus_median,0.8555,0.1812,0.683,0.7718,0.4547,0.8473,5,Austropotamobius torrentium (pooled),Austropotamobius_torrentium_pooled,combined,3,1032,31
gam,0.7928,0.22,0.6576,0.7371,0.3947,0.8667,5,Austropotamobius torrentium (pooled),Austropotamobius_torrentium_pooled,combined,3,1032,31
glm,0.7901,0.2011,0.6882,0.6938,0.3821,0.9345,5,Austropotamobius torrentium (pooled),Austropotamobius_torrentium_pooled,combined,3,1032,31
random_forest,0.8593,0.1757,0.6646,0.8106,0.4751,0.7982,5,Austropotamobius torrentium (pooled),Austropotamobius_torrentium_pooled,combined,3,1032,31
xgboost,0.851,0.2018,0.697,0.7589,0.4559,0.5011,5,Austropotamobius torrentium (pooled),Austropotamobius_torrentium_pooled,combined,3,1032,31
consensus_mean,0.8492,0.1792,0.724,0.7522,0.4762,0.8321,5,Austropotamobius torrentium (pooled),Austropotamobius_torrentium_pooled,local_only,0,1032,0
consensus_median,0.8489,0.1837,0.7153,0.7672,0.4825,0.8376,5,Austropotamobius torrentium (pooled),Austropotamobius_torrentium_pooled,local_only,0,1032,0
gam,0.801,0.2337,0.6676,0.7346,0.4023,0.638,5,Austropotamobius torrentium (pooled),Austropotamobius_torrentium_pooled,local_only,0,1032,0
glm,0.777,0.2113,0.7074,0.7043,0.4117,0.76,5,Austropotamobius torrentium (pooled),Austropotamobius_torrentium_pooled,local_only,0,1032,0
random_forest,0.856,0.1678,0.6871,0.8033,0.4904,0.8456,5,Austropotamobius torrentium (pooled),Austropotamobius_torrentium_pooled,local_only,0,1032,0
xgboost,0.8669,0.1922,0.7226,0.7346,0.4572,0.62,5,Austropotamobius torrentium (pooled),Austropotamobius_torrentium_pooled,local_only,0,1032,0
consensus_mean,0.7816,0.1819,0.741,0.6902,0.4311,0.7503,5,Austropotamobius torrentium (pooled),Austropotamobius_torrentium_pooled,local_only,10,1032,103
consensus_median,0.776,0.1866,0.7369,0.6935,0.4303,0.7768,5,Austropotamobius torrentium (pooled),Austropotamobius_torrentium_pooled,local_only,10,1032,103
gam,0.7468,0.219,0.6606,0.7206,0.3812,0.7047,5,Austropotamobius torrentium (pooled),Austropotamobius_torrentium_pooled,local_only,10,1032,103
glm,0.7332,0.1971,0.6742,0.7051,0.3793,0.8234,5,Austropotamobius torrentium (pooled),Austropotamobius_torrentium_pooled,local_only,10,1032,103
random_forest,0.7807,0.1897,0.7194,0.6991,0.4185,0.8004,5,Austropotamobius torrentium (pooled),Austropotamobius_torrentium_pooled,local_only,10,1032,103
xgboost,0.7924,0.2037,0.7379,0.6605,0.3983,0.46,5,Austropotamobius torrentium (pooled),Austropotamobius_torrentium_pooled,local_only,10,1032,103
consensus_mean,0.7586,0.1634,0.6461,0.6828,0.3289,0.5439,5,Austropotamobius torrentium (pooled),Austropotamobius_torrentium_pooled,local_only,20,1032,206
consensus_median,0.7528,0.1687,0.6385,0.6829,0.3214,0.5812,5,Austropotamobius torrentium (pooled),Austropotamobius_torrentium_pooled,local_only,20,1032,206
gam,0.6984,0.207,0.6351,0.662,0.297,0.4405,5,Austropotamobius torrentium (pooled),Austropotamobius_torrentium_pooled,local_only,20,1032,206
glm,0.6932,0.1976,0.6462,0.6231,0.2693,0.6163,5,Austropotamobius torrentium (pooled),Austropotamobius_torrentium_pooled,local_only,20,1032,206
random_forest,0.7707,0.1642,0.6147,0.7276,0.3423,0.7653,5,Austropotamobius torrentium (pooled),Austropotamobius_torrentium_pooled,local_only,20,1032,206
xgboost,0.7903,0.1719,0.6583,0.6665,0.3249,0.1318,5,Austropotamobius torrentium (pooled),Austropotamobius_torrentium_pooled,local_only,20,1032,206
consensus_mean,0.8472,0.1882,0.7006,0.7382,0.4388,0.8806,5,Austropotamobius torrentium (pooled),Austropotamobius_torrentium_pooled,local_only,3,1032,31
consensus_median,0.8396,0.1927,0.6961,0.7445,0.4406,0.866,5,Austropotamobius torrentium (pooled),Austropotamobius_torrentium_pooled,local_only,3,1032,31
gam,0.7736,0.2398,0.6583,0.7013,0.3596,0.7909,5,Austropotamobius torrentium (pooled),Austropotamobius_torrentium_pooled,local_only,3,1032,31
glm,0.761,0.2228,0.6935,0.656,0.3495,0.777,5,Austropotamobius torrentium (pooled),Austropotamobius_torrentium_pooled,local_only,3,1032,31
random_forest,0.8495,0.1768,0.6581,0.8023,0.4604,0.8327,5,Austropotamobius torrentium (pooled),Austropotamobius_torrentium_pooled,local_only,3,1032,31
xgboost,0.8516,0.2034,0.6997,0.7298,0.4295,0.496,5,Austropotamobius torrentium (pooled),Austropotamobius_torrentium_pooled,local_only,3,1032,31
consensus_mean,0.7425,0.2183,0.4709,0.9268,0.3978,0.7606,5,Austropotamobius torrentium (pooled),Austropotamobius_torrentium_pooled,upstream_only,0,1032,0
consensus_median,0.7338,0.2234,0.4641,0.9324,0.3965,0.7413,5,Austropotamobius torrentium (pooled),Austropotamobius_torrentium_pooled,upstream_only,0,1032,0
gam,0.6268,0.3162,0.4147,0.7843,0.199,0.808,5,Austropotamobius torrentium (pooled),Austropotamobius_torrentium_pooled,upstream_only,0,1032,0
glm,0.6026,0.269,0.3341,0.7393,0.0735,0.6636,5,Austropotamobius torrentium (pooled),Austropotamobius_torrentium_pooled,upstream_only,0,1032,0
random_forest,0.739,0.1994,0.532,0.8961,0.4281,0.8001,5,Austropotamobius torrentium (pooled),Austropotamobius_torrentium_pooled,upstream_only,0,1032,0
xgboost,0.7459,0.2113,0.5725,0.8713,0.4439,0.6236,5,Austropotamobius torrentium (pooled),Austropotamobius_torrentium_pooled,upstream_only,0,1032,0
consensus_mean,0.7068,0.2417,0.5641,0.7609,0.3251,0.7481,5,Austropotamobius torrentium (pooled),Austropotamobius_torrentium_pooled,upstream_only,10,1032,103
consensus_median,0.7045,0.2455,0.5496,0.766,0.3156,0.6905,5,Austropotamobius torrentium (pooled),Austropotamobius_torrentium_pooled,upstream_only,10,1032,103
gam,0.6053,0.3411,0.4078,0.7445,0.1523,0.6269,5,Austropotamobius torrentium (pooled),Austropotamobius_torrentium_pooled,upstream_only,10,1032,103
glm,0.5702,0.291,0.3748,0.646,0.0208,0.6085,5,Austropotamobius torrentium (pooled),Austropotamobius_torrentium_pooled,upstream_only,10,1032,103
random_forest,0.7057,0.2138,0.5453,0.8095,0.3548,0.7942,5,Austropotamobius torrentium (pooled),Austropotamobius_torrentium_pooled,upstream_only,10,1032,103
xgboost,0.706,0.2504,0.6445,0.6986,0.3431,0.5244,5,Austropotamobius torrentium (pooled),Austropotamobius_torrentium_pooled,upstream_only,10,1032,103
consensus_mean,0.6922,0.2076,0.5104,0.7805,0.2909,0.5101,5,Austropotamobius torrentium (pooled),Austropotamobius_torrentium_pooled,upstream_only,20,1032,206
consensus_median,0.687,0.2116,0.4896,0.7855,0.2751,0.4664,5,Austropotamobius torrentium (pooled),Austropotamobius_torrentium_pooled,upstream_only,20,1032,206
gam,0.5886,0.3046,0.3798,0.7003,0.0801,0.5068,5,Austropotamobius torrentium (pooled),Austropotamobius_torrentium_pooled,upstream_only,20,1032,206
glm,0.5737,0.2657,0.4011,0.6404,0.0414,0.5478,5,Austropotamobius torrentium (pooled),Austropotamobius_torrentium_pooled,upstream_only,20,1032,206
random_forest,0.7026,0.1864,0.4441,0.8419,0.286,0.6151,5,Austropotamobius torrentium (pooled),Austropotamobius_torrentium_pooled,upstream_only,20,1032,206
xgboost,0.7102,0.1971,0.5913,0.7257,0.317,0.18,5,Austropotamobius torrentium (pooled),Austropotamobius_torrentium_pooled,upstream_only,20,1032,206
consensus_mean,0.7376,0.2237,0.4577,0.9149,0.3725,0.6914,5,Austropotamobius torrentium (pooled),Austropotamobius_torrentium_pooled,upstream_only,3,1032,31
consensus_median,0.7295,0.2283,0.4535,0.9159,0.3695,0.6809,5,Austropotamobius torrentium (pooled),Austropotamobius_torrentium_pooled,upstream_only,3,1032,31
gam,0.589,0.3232,0.449,0.692,0.141,0.6491,5,Austropotamobius torrentium (pooled),Austropotamobius_torrentium_pooled,upstream_only,3,1032,31
glm,0.6132,0.2612,0.3555,0.7297,0.0852,0.8309,5,Austropotamobius torrentium (pooled),Austropotamobius_torrentium_pooled,upstream_only,3,1032,31
random_forest,0.73,0.2068,0.521,0.879,0.4,0.6525,5,Austropotamobius torrentium (pooled),Austropotamobius_torrentium_pooled,upstream_only,3,1032,31
xgboost,0.7337,0.2258,0.5495,0.8658,0.4153,0.4953,5,Austropotamobius torrentium (pooled),Austropotamobius_torrentium_pooled,upstream_only,3,1032,31
consensus_mean,0.7815,0.1909,0.7166,0.7207,0.4373,0.9903,5,Faxonius limosus (alien),Faxonius_limosus_alien,combined,0,3811,0
consensus_median,0.7771,0.1926,0.7171,0.7109,0.428,0.9709,5,Faxonius limosus (alien),Faxonius_limosus_alien,combined,0,3811,0
gam,0.6834,0.2317,0.6583,0.5912,0.2495,0.9661,5,Faxonius limosus (alien),Faxonius_limosus_alien,combined,0,3811,0
glm,0.6486,0.2345,0.7324,0.4695,0.2019,0.9442,5,Faxonius limosus (alien),Faxonius_limosus_alien,combined,0,3811,0
random_forest,0.8015,0.1856,0.7027,0.753,0.4557,0.9976,5,Faxonius limosus (alien),Faxonius_limosus_alien,combined,0,3811,0
xgboost,0.785,0.1936,0.7108,0.7265,0.4373,0.9636,5,Faxonius limosus (alien),Faxonius_limosus_alien,combined,0,3811,0
consensus_mean,0.7565,0.2026,0.7174,0.6467,0.364,0.983,5,Faxonius limosus (alien),Faxonius_limosus_alien,combined,10,3811,381
consensus_median,0.7545,0.2032,0.7208,0.6429,0.3637,0.9806,5,Faxonius limosus (alien),Faxonius_limosus_alien,combined,10,3811,381
gam,0.6758,0.2335,0.6423,0.5806,0.2229,0.9806,5,Faxonius limosus (alien),Faxonius_limosus_alien,combined,10,3811,381
glm,0.6382,0.2376,0.7243,0.4535,0.1778,0.9806,5,Faxonius limosus (alien),Faxonius_limosus_alien,combined,10,3811,381
random_forest,0.7725,0.1994,0.7098,0.6789,0.3887,0.9952,5,Faxonius limosus (alien),Faxonius_limosus_alien,combined,10,3811,381
xgboost,0.7563,0.2109,0.7158,0.6352,0.351,0.9903,5,Faxonius limosus (alien),Faxonius_limosus_alien,combined,10,3811,381
consensus_mean,0.7447,0.2056,0.6967,0.6661,0.3629,0.9927,5,Faxonius limosus (alien),Faxonius_limosus_alien,combined,20,3811,762
consensus_median,0.7418,0.2063,0.699,0.6605,0.3595,0.9952,5,Faxonius limosus (alien),Faxonius_limosus_alien,combined,20,3811,762
gam,0.6728,0.2407,0.6511,0.5708,0.2219,0.9588,5,Faxonius limosus (alien),Faxonius_limosus_alien,combined,20,3811,762
glm,0.5827,0.2493,0.7145,0.4043,0.1188,0.7479,5,Faxonius limosus (alien),Faxonius_limosus_alien,combined,20,3811,762
random_forest,0.748,0.2042,0.6741,0.6947,0.3688,0.9879,5,Faxonius limosus (alien),Faxonius_limosus_alien,combined,20,3811,762
xgboost,0.7442,0.2104,0.6943,0.6703,0.3646,0.9539,5,Faxonius limosus (alien),Faxonius_limosus_alien,combined,20,3811,762
consensus_mean,0.785,0.1918,0.7087,0.7161,0.4249,0.9879,5,Faxonius limosus (alien),Faxonius_limosus_alien,combined,3,3811,114
consensus_median,0.7857,0.1913,0.7339,0.7097,0.4436,0.9903,5,Faxonius limosus (alien),Faxonius_limosus_alien,combined,3,3811,114
gam,0.6788,0.2343,0.6368,0.6006,0.2374,0.9758,5,Faxonius limosus (alien),Faxonius_limosus_alien,combined,3,3811,114
glm,0.6558,0.2327,0.7159,0.4823,0.1982,0.9564,5,Faxonius limosus (alien),Faxonius_limosus_alien,combined,3,3811,114
random_forest,0.7967,0.188,0.7129,0.7391,0.452,0.9976,5,Faxonius limosus (alien),Faxonius_limosus_alien,combined,3,3811,114
xgboost,0.7974,0.1876,0.7284,0.7291,0.4576,1.0,5,Faxonius limosus (alien),Faxonius_limosus_alien,combined,3,3811,114
consensus_mean,0.796,0.1892,0.7058,0.7345,0.4404,0.9976,5,Faxonius limosus (alien),Faxonius_limosus_alien,local_only,0,3811,0
consensus_median,0.7923,0.1926,0.7305,0.712,0.4425,0.9952,5,Faxonius limosus (alien),Faxonius_limosus_alien,local_only,0,3811,0
gam,0.7154,0.2185,0.7101,0.6043,0.3144,0.9976,5,Faxonius limosus (alien),Faxonius_limosus_alien,local_only,0,3811,0
glm,0.6981,0.2241,0.6988,0.5834,0.2822,0.983,5,Faxonius limosus (alien),Faxonius_limosus_alien,local_only,0,3811,0
random_forest,0.7957,0.1876,0.6901,0.7549,0.445,0.9976,5,Faxonius limosus (alien),Faxonius_limosus_alien,local_only,0,3811,0
xgboost,0.7886,0.1919,0.7158,0.734,0.4498,0.9636,5,Faxonius limosus (alien),Faxonius_limosus_alien,local_only,0,3811,0
consensus_mean,0.7692,0.2015,0.7158,0.6653,0.3811,1.0,5,Faxonius limosus (alien),Faxonius_limosus_alien,local_only,10,3811,381
consensus_median,0.7669,0.2036,0.7381,0.6457,0.3838,0.9952,5,Faxonius limosus (alien),Faxonius_limosus_alien,local_only,10,3811,381
gam,0.7062,0.2239,0.6915,0.6014,0.2929,1.0,5,Faxonius limosus (alien),Faxonius_limosus_alien,local_only,10,3811,381
glm,0.6936,0.2272,0.6977,0.5792,0.277,0.9418,5,Faxonius limosus (alien),Faxonius_limosus_alien,local_only,10,3811,381
random_forest,0.7664,0.201,0.7043,0.681,0.3853,0.9976,5,Faxonius limosus (alien),Faxonius_limosus_alien,local_only,10,3811,381
xgboost,0.7538,0.2115,0.714,0.6478,0.3618,0.9758,5,Faxonius limosus (alien),Faxonius_limosus_alien,local_only,10,3811,381
consensus_mean,0.7479,0.2031,0.6915,0.6824,0.374,1.0,5,Faxonius limosus (alien),Faxonius_limosus_alien,local_only,20,3811,762
consensus_median,0.7451,0.2053,0.7098,0.6679,0.3777,0.983,5,Faxonius limosus (alien),Faxonius_limosus_alien,local_only,20,3811,762
gam,0.6816,0.2264,0.6853,0.5867,0.272,0.9976,5,Faxonius limosus (alien),Faxonius_limosus_alien,local_only,20,3811,762
glm,0.6734,0.2267,0.706,0.5468,0.2529,0.9612,5,Faxonius limosus (alien),Faxonius_limosus_alien,local_only,20,3811,762
random_forest,0.7472,0.2047,0.6688,0.6941,0.3629,0.9952,5,Faxonius limosus (alien),Faxonius_limosus_alien,local_only,20,3811,762
xgboost,0.7412,0.213,0.6878,0.6689,0.3567,0.9879,5,Faxonius limosus (alien),Faxonius_limosus_alien,local_only,20,3811,762
consensus_mean,0.7866,0.1927,0.7253,0.7136,0.4389,0.9976,5,Faxonius limosus (alien),Faxonius_limosus_alien,local_only,3,3811,114
consensus_median,0.7799,0.1958,0.7263,0.7019,0.4282,0.9903,5,Faxonius limosus (alien),Faxonius_limosus_alien,local_only,3,3811,114
gam,0.6995,0.2213,0.6972,0.6023,0.2995,0.9952,5,Faxonius limosus (alien),Faxonius_limosus_alien,local_only,3,3811,114
glm,0.6826,0.2263,0.6959,0.5666,0.2625,0.9855,5,Faxonius limosus (alien),Faxonius_limosus_alien,local_only,3,3811,114
random_forest,0.7951,0.1887,0.7158,0.7352,0.451,0.9927,5,Faxonius limosus (alien),Faxonius_limosus_alien,local_only,3,3811,114
xgboost,0.7937,0.1904,0.7197,0.7262,0.4459,0.9976,5,Faxonius limosus (alien),Faxonius_limosus_alien,local_only,3,3811,114
consensus_mean,0.7295,0.2106,0.5471,0.8102,0.3573,0.9976,5,Faxonius limosus (alien),Faxonius_limosus_alien,upstream_only,0,3811,0
consensus_median,0.7246,0.2125,0.5377,0.8117,0.3493,0.983,5,Faxonius limosus (alien),Faxonius_limosus_alien,upstream_only,0,3811,0
gam,0.6411,0.2406,0.4825,0.7479,0.2304,0.8618,5,Faxonius limosus (alien),Faxonius_limosus_alien,upstream_only,0,3811,0
glm,0.6131,0.2414,0.4143,0.7862,0.2005,0.7773,5,Faxonius limosus (alien),Faxonius_limosus_alien,upstream_only,0,3811,0
random_forest,0.7373,0.2051,0.5466,0.817,0.3636,0.9952,5,Faxonius limosus (alien),Faxonius_limosus_alien,upstream_only,0,3811,0
xgboost,0.7338,0.2111,0.5555,0.8121,0.3676,0.9612,5,Faxonius limosus (alien),Faxonius_limosus_alien,upstream_only,0,3811,0
consensus_mean,0.7065,0.2176,0.5188,0.788,0.3067,0.9782,5,Faxonius limosus (alien),Faxonius_limosus_alien,upstream_only,10,3811,381
consensus_median,0.7038,0.2189,0.5096,0.7924,0.302,0.9733,5,Faxonius limosus (alien),Faxonius_limosus_alien,upstream_only,10,3811,381
gam,0.6253,0.2431,0.4432,0.755,0.1982,0.9127,5,Faxonius limosus (alien),Faxonius_limosus_alien,upstream_only,10,3811,381
glm,0.5993,0.2431,0.3889,0.779,0.1679,0.7697,5,Faxonius limosus (alien),Faxonius_limosus_alien,upstream_only,10,3811,381
random_forest,0.7194,0.2119,0.53,0.7877,0.3177,0.9976,5,Faxonius limosus (alien),Faxonius_limosus_alien,upstream_only,10,3811,381
xgboost,0.7098,0.2198,0.5332,0.7785,0.3117,0.9733,5,Faxonius limosus (alien),Faxonius_limosus_alien,upstream_only,10,3811,381
consensus_mean,0.6888,0.2208,0.4756,0.8,0.2756,0.9927,5,Faxonius limosus (alien),Faxonius_limosus_alien,upstream_only,20,3811,762
consensus_median,0.6865,0.2222,0.4699,0.805,0.275,0.9903,5,Faxonius limosus (alien),Faxonius_limosus_alien,upstream_only,20,3811,762
gam,0.6124,0.2452,0.3949,0.779,0.1739,0.84,5,Faxonius limosus (alien),Faxonius_limosus_alien,upstream_only,20,3811,762
glm,0.5983,0.2434,0.4467,0.6893,0.136,0.6485,5,Faxonius limosus (alien),Faxonius_limosus_alien,upstream_only,20,3811,762
random_forest,0.6965,0.2163,0.4857,0.805,0.2906,0.9733,5,Faxonius limosus (alien),Faxonius_limosus_alien,upstream_only,20,3811,762
xgboost,0.687,0.2228,0.4777,0.7905,0.2682,0.9636,5,Faxonius limosus (alien),Faxonius_limosus_alien,upstream_only,20,3811,762
consensus_mean,0.7334,0.2108,0.5644,0.8001,0.3645,0.9976,5,Faxonius limosus (alien),Faxonius_limosus_alien,upstream_only,3,3811,114
consensus_median,0.7275,0.2131,0.555,0.8042,0.3592,0.9903,5,Faxonius limosus (alien),Faxonius_limosus_alien,upstream_only,3,3811,114
gam,0.6401,0.2395,0.4815,0.7438,0.2253,0.9127,5,Faxonius limosus (alien),Faxonius_limosus_alien,upstream_only,3,3811,114
glm,0.616,0.2415,0.4193,0.7824,0.2018,0.9145,5,Faxonius limosus (alien),Faxonius_limosus_alien,upstream_only,3,3811,114
random_forest,0.7436,0.2049,0.5699,0.798,0.368,0.9903,5,Faxonius limosus (alien),Faxonius_limosus_alien,upstream_only,3,3811,114
xgboost,0.7391,0.2075,0.572,0.7966,0.3686,0.9806,5,Faxonius limosus (alien),Faxonius_limosus_alien,upstream_only,3,3811,114
consensus_mean,0.8731,0.1411,0.8387,0.7252,0.564,0.9976,5,Pacifastacus leniusculus (alien),Pacifastacus_leniusculus_alien,combined,0,4171,0
consensus_median,0.8673,0.1433,0.8351,0.7133,0.5484,0.9976,5,Pacifastacus leniusculus (alien),Pacifastacus_leniusculus_alien,combined,0,4171,0
gam,0.7812,0.1832,0.7995,0.6137,0.4132,0.9903,5,Pacifastacus leniusculus (alien),Pacifastacus_leniusculus_alien,combined,0,4171,0
glm,0.7318,0.1949,0.7953,0.5853,0.3806,0.9345,5,Pacifastacus leniusculus (alien),Pacifastacus_leniusculus_alien,combined,0,4171,0
random_forest,0.8829,0.1435,0.8121,0.7844,0.5965,0.9903,5,Pacifastacus leniusculus (alien),Pacifastacus_leniusculus_alien,combined,0,4171,0
xgboost,0.891,0.123,0.839,0.7867,0.6257,0.9976,5,Pacifastacus leniusculus (alien),Pacifastacus_leniusculus_alien,combined,0,4171,0
consensus_mean,0.8388,0.1576,0.8072,0.6883,0.4954,0.9733,5,Pacifastacus leniusculus (alien),Pacifastacus_leniusculus_alien,combined,10,4171,417
consensus_median,0.8341,0.159,0.8005,0.6878,0.4883,0.9515,5,Pacifastacus leniusculus (alien),Pacifastacus_leniusculus_alien,combined,10,4171,417
gam,0.7529,0.1939,0.7484,0.6086,0.357,0.9224,5,Pacifastacus leniusculus (alien),Pacifastacus_leniusculus_alien,combined,10,4171,417
glm,0.7085,0.206,0.7685,0.5891,0.3576,0.903,5,Pacifastacus leniusculus (alien),Pacifastacus_leniusculus_alien,combined,10,4171,417
random_forest,0.8486,0.1568,0.7932,0.7218,0.515,0.9976,5,Pacifastacus leniusculus (alien),Pacifastacus_leniusculus_alien,combined,10,4171,417
xgboost,0.8562,0.1475,0.8158,0.6941,0.5099,1.0,5,Pacifastacus leniusculus (alien),Pacifastacus_leniusculus_alien,combined,10,4171,417
consensus_mean,0.8168,0.1694,0.7861,0.6782,0.4643,0.9442,5,Pacifastacus leniusculus (alien),Pacifastacus_leniusculus_alien,combined,20,4171,834
consensus_median,0.8133,0.1705,0.7833,0.6755,0.4588,0.9224,5,Pacifastacus leniusculus (alien),Pacifastacus_leniusculus_alien,combined,20,4171,834
gam,0.7383,0.2039,0.7378,0.5925,0.3303,0.8109,5,Pacifastacus leniusculus (alien),Pacifastacus_leniusculus_alien,combined,20,4171,834
glm,0.7128,0.2094,0.7312,0.5944,0.3256,0.9103,5,Pacifastacus leniusculus (alien),Pacifastacus_leniusculus_alien,combined,20,4171,834
random_forest,0.8331,0.1683,0.7906,0.6888,0.4794,0.9903,5,Pacifastacus leniusculus (alien),Pacifastacus_leniusculus_alien,combined,20,4171,834
xgboost,0.8262,0.1677,0.7946,0.6916,0.4861,0.9345,5,Pacifastacus leniusculus (alien),Pacifastacus_leniusculus_alien,combined,20,4171,834
consensus_mean,0.8651,0.1427,0.8377,0.716,0.5537,0.9903,5,Pacifastacus leniusculus (alien),Pacifastacus_leniusculus_alien,combined,3,4171,125
consensus_median,0.8599,0.1442,0.8317,0.7047,0.5364,0.9758,5,Pacifastacus leniusculus (alien),Pacifastacus_leniusculus_alien,combined,3,4171,125
gam,0.778,0.1813,0.7779,0.6062,0.3841,0.8812,5,Pacifastacus leniusculus (alien),Pacifastacus_leniusculus_alien,combined,3,4171,125
glm,0.7442,0.1906,0.7988,0.599,0.3979,0.9127,5,Pacifastacus leniusculus (alien),Pacifastacus_leniusculus_alien,combined,3,4171,125
random_forest,0.8781,0.1443,0.8208,0.7586,0.5795,0.9927,5,Pacifastacus leniusculus (alien),Pacifastacus_leniusculus_alien,combined,3,4171,125
xgboost,0.8835,0.1256,0.843,0.7535,0.5965,0.9952,5,Pacifastacus leniusculus (alien),Pacifastacus_leniusculus_alien,combined,3,4171,125
consensus_mean,0.8776,0.1428,0.8708,0.7167,0.5875,0.9927,5,Pacifastacus leniusculus (alien),Pacifastacus_leniusculus_alien,local_only,0,4171,0
consensus_median,0.8753,0.1421,0.8636,0.7227,0.5863,0.9927,5,Pacifastacus leniusculus (alien),Pacifastacus_leniusculus_alien,local_only,0,4171,0
gam,0.7718,0.1771,0.8703,0.5432,0.4135,0.9752,5,Pacifastacus leniusculus (alien),Pacifastacus_leniusculus_alien,local_only,0,4171,0
glm,0.698,0.2081,0.7761,0.4849,0.261,0.7309,5,Pacifastacus leniusculus (alien),Pacifastacus_leniusculus_alien,local_only,0,4171,0
random_forest,0.8792,0.147,0.8133,0.7868,0.6001,0.9879,5,Pacifastacus leniusculus (alien),Pacifastacus_leniusculus_alien,local_only,0,4171,0
xgboost,0.8867,0.1269,0.8384,0.7732,0.6116,0.9952,5,Pacifastacus leniusculus (alien),Pacifastacus_leniusculus_alien,local_only,0,4171,0
consensus_mean,0.8422,0.1619,0.8417,0.6361,0.4778,0.9782,5,Pacifastacus leniusculus (alien),Pacifastacus_leniusculus_alien,local_only,10,4171,417
consensus_median,0.8375,0.1633,0.8345,0.6454,0.48,0.983,5,Pacifastacus leniusculus (alien),Pacifastacus_leniusculus_alien,local_only,10,4171,417
gam,0.7325,0.1981,0.832,0.5216,0.3536,0.9661,5,Pacifastacus leniusculus (alien),Pacifastacus_leniusculus_alien,local_only,10,4171,417
glm,0.6717,0.2212,0.7489,0.4506,0.1995,0.6727,5,Pacifastacus leniusculus (alien),Pacifastacus_leniusculus_alien,local_only,10,4171,417
random_forest,0.8476,0.158,0.7936,0.7119,0.5055,0.9976,5,Pacifastacus leniusculus (alien),Pacifastacus_leniusculus_alien,local_only,10,4171,417
xgboost,0.8511,0.1497,0.8073,0.6972,0.5045,0.9879,5,Pacifastacus leniusculus (alien),Pacifastacus_leniusculus_alien,local_only,10,4171,417
consensus_mean,0.8158,0.1787,0.8216,0.631,0.4526,0.9345,5,Pacifastacus leniusculus (alien),Pacifastacus_leniusculus_alien,local_only,20,4171,834
consensus_median,0.8073,0.1822,0.8175,0.6364,0.4539,0.9321,5,Pacifastacus leniusculus (alien),Pacifastacus_leniusculus_alien,local_only,20,4171,834
gam,0.7209,0.2139,0.7918,0.5553,0.3471,0.9006,5,Pacifastacus leniusculus (alien),Pacifastacus_leniusculus_alien,local_only,20,4171,834
glm,0.6322,0.2409,0.7354,0.4251,0.1605,0.76,5,Pacifastacus leniusculus (alien),Pacifastacus_leniusculus_alien,local_only,20,4171,834
random_forest,0.8311,0.1687,0.8047,0.676,0.4807,0.9903,5,Pacifastacus leniusculus (alien),Pacifastacus_leniusculus_alien,local_only,20,4171,834
xgboost,0.8225,0.1715,0.7819,0.6932,0.4751,0.9539,5,Pacifastacus leniusculus (alien),Pacifastacus_leniusculus_alien,local_only,20,4171,834
consensus_mean,0.8681,0.1457,0.8675,0.6617,0.5292,0.9782,5,Pacifastacus leniusculus (alien),Pacifastacus_leniusculus_alien,local_only,3,4171,125
consensus_median,0.8632,0.1451,0.858,0.6652,0.5232,0.9855,5,Pacifastacus leniusculus (alien),Pacifastacus_leniusculus_alien,local_only,3,4171,125
gam,0.7522,0.1789,0.8554,0.4918,0.3472,0.9436,5,Pacifastacus leniusculus (alien),Pacifastacus_leniusculus_alien,local_only,3,4171,125
glm,0.6847,0.2072,0.7733,0.4554,0.2287,0.8133,5,Pacifastacus leniusculus (alien),Pacifastacus_leniusculus_alien,local_only,3,4171,125
random_forest,0.8723,0.147,0.818,0.7579,0.5759,0.9879,5,Pacifastacus leniusculus (alien),Pacifastacus_leniusculus_alien,local_only,3,4171,125
xgboost,0.8767,0.1305,0.8345,0.7431,0.5776,0.9952,5,Pacifastacus leniusculus (alien),Pacifastacus_leniusculus_alien,local_only,3,4171,125
consensus_mean,0.8024,0.1821,0.6475,0.8296,0.4772,0.9903,5,Pacifastacus leniusculus (alien),Pacifastacus_leniusculus_alien,upstream_only,0,4171,0
consensus_median,0.7978,0.1852,0.6366,0.8274,0.464,0.9855,5,Pacifastacus leniusculus (alien),Pacifastacus_leniusculus_alien,upstream_only,0,4171,0
gam,0.6731,0.2423,0.6182,0.6634,0.2815,0.8909,5,Pacifastacus leniusculus (alien),Pacifastacus_leniusculus_alien,upstream_only,0,4171,0
glm,0.6537,0.2356,0.5363,0.7491,0.2854,0.8133,5,Pacifastacus leniusculus (alien),Pacifastacus_leniusculus_alien,upstream_only,0,4171,0
random_forest,0.8145,0.1715,0.6477,0.8576,0.5053,0.9903,5,Pacifastacus leniusculus (alien),Pacifastacus_leniusculus_alien,upstream_only,0,4171,0
xgboost,0.8239,0.1648,0.6673,0.8457,0.5131,0.9588,5,Pacifastacus leniusculus (alien),Pacifastacus_leniusculus_alien,upstream_only,0,4171,0
consensus_mean,0.7791,0.1866,0.6022,0.8208,0.423,0.9806,5,Pacifastacus leniusculus (alien),Pacifastacus_leniusculus_alien,upstream_only,10,4171,417
consensus_median,0.7764,0.1886,0.6366,0.7619,0.3986,0.9879,5,Pacifastacus leniusculus (alien),Pacifastacus_leniusculus_alien,upstream_only,10,4171,417
gam,0.657,0.2376,0.5843,0.6573,0.2416,0.8836,5,Pacifastacus leniusculus (alien),Pacifastacus_leniusculus_alien,upstream_only,10,4171,417
glm,0.6331,0.2315,0.601,0.5503,0.1513,0.823,5,Pacifastacus leniusculus (alien),Pacifastacus_leniusculus_alien,upstream_only,10,4171,417
random_forest,0.7938,0.1782,0.6106,0.8484,0.459,0.9927,5,Pacifastacus leniusculus (alien),Pacifastacus_leniusculus_alien,upstream_only,10,4171,417
xgboost,0.7981,0.1766,0.6546,0.7833,0.4379,0.9418,5,Pacifastacus leniusculus (alien),Pacifastacus_leniusculus_alien,upstream_only,10,4171,417
consensus_mean,0.758,0.1959,0.6255,0.7402,0.3657,0.9588,5,Pacifastacus leniusculus (alien),Pacifastacus_leniusculus_alien,upstream_only,20,4171,834
consensus_median,0.7532,0.1974,0.6226,0.7412,0.3638,0.9661,5,Pacifastacus leniusculus (alien),Pacifastacus_leniusculus_alien,upstream_only,20,4171,834
gam,0.6413,0.2408,0.5788,0.6381,0.217,0.9442,5,Pacifastacus leniusculus (alien),Pacifastacus_leniusculus_alien,upstream_only,20,4171,834
glm,0.6162,0.2352,0.724,0.3847,0.1087,0.8327,5,Pacifastacus leniusculus (alien),Pacifastacus_leniusculus_alien,upstream_only,20,4171,834
random_forest,0.769,0.1889,0.5827,0.8199,0.4026,0.963,5,Pacifastacus leniusculus (alien),Pacifastacus_leniusculus_alien,upstream_only,20,4171,834
xgboost,0.7711,0.1928,0.6356,0.7621,0.3977,0.9297,5,Pacifastacus leniusculus (alien),Pacifastacus_leniusculus_alien,upstream_only,20,4171,834
consensus_mean,0.7942,0.1798,0.6378,0.8126,0.4504,0.9927,5,Pacifastacus leniusculus (alien),Pacifastacus_leniusculus_alien,upstream_only,3,4171,125
consensus_median,0.7868,0.183,0.6282,0.8085,0.4367,0.9952,5,Pacifastacus leniusculus (alien),Pacifastacus_leniusculus_alien,upstream_only,3,4171,125
gam,0.6598,0.2378,0.6183,0.6395,0.2577,0.8303,5,Pacifastacus leniusculus (alien),Pacifastacus_leniusculus_alien,upstream_only,3,4171,125
glm,0.6504,0.229,0.5864,0.6572,0.2436,0.8133,5,Pacifastacus leniusculus (alien),Pacifastacus_leniusculus_alien,upstream_only,3,4171,125
random_forest,0.8133,0.17,0.6414,0.8536,0.4951,0.9903,5,Pacifastacus leniusculus (alien),Pacifastacus_leniusculus_alien,upstream_only,3,4171,125
xgboost,0.8171,0.1645,0.6876,0.784,0.4715,0.937,5,Pacifastacus leniusculus (alien),Pacifastacus_leniusculus_alien,upstream_only,3,4171,125
consensus_mean,0.8067,0.1723,0.7119,0.7473,0.4592,0.9903,5,Pontastacus leptodactylus (pooled),Pontastacus_leptodactylus_pooled,combined,0,1496,0
consensus_median,0.7972,0.176,0.6992,0.7495,0.4487,0.9903,5,Pontastacus leptodactylus (pooled),Pontastacus_leptodactylus_pooled,combined,0,1496,0
gam,0.6849,0.2215,0.607,0.6623,0.2693,0.9685,5,Pontastacus leptodactylus (pooled),Pontastacus_leptodactylus_pooled,combined,0,1496,0
glm,0.6953,0.2121,0.6157,0.6683,0.2839,0.9685,5,Pontastacus leptodactylus (pooled),Pontastacus_leptodactylus_pooled,combined,0,1496,0
random_forest,0.8088,0.1673,0.7393,0.7487,0.488,0.9806,5,Pontastacus leptodactylus (pooled),Pontastacus_leptodactylus_pooled,combined,0,1496,0
xgboost,0.8196,0.1692,0.7494,0.7438,0.4931,0.9952,5,Pontastacus leptodactylus (pooled),Pontastacus_leptodactylus_pooled,combined,0,1496,0
consensus_mean,0.8037,0.1799,0.6698,0.7986,0.4684,0.9903,5,Pontastacus leptodactylus (pooled),Pontastacus_leptodactylus_pooled,combined,10,1496,150
consensus_median,0.797,0.1832,0.6678,0.7916,0.4593,0.9897,5,Pontastacus leptodactylus (pooled),Pontastacus_leptodactylus_pooled,combined,10,1496,150
gam,0.7063,0.2179,0.6064,0.6962,0.3025,0.9733,5,Pontastacus leptodactylus (pooled),Pontastacus_leptodactylus_pooled,combined,10,1496,150
glm,0.7065,0.2156,0.6103,0.6788,0.2891,0.9418,5,Pontastacus leptodactylus (pooled),Pontastacus_leptodactylus_pooled,combined,10,1496,150
random_forest,0.8076,0.1787,0.7018,0.763,0.4648,0.9806,5,Pontastacus leptodactylus (pooled),Pontastacus_leptodactylus_pooled,combined,10,1496,150
xgboost,0.81,0.1812,0.6898,0.7823,0.4721,0.9709,5,Pontastacus leptodactylus (pooled),Pontastacus_leptodactylus_pooled,combined,10,1496,150
consensus_mean,0.7878,0.1872,0.6932,0.7372,0.4304,0.9952,5,Pontastacus leptodactylus (pooled),Pontastacus_leptodactylus_pooled,combined,20,1496,299
consensus_median,0.7822,0.1901,0.6845,0.7317,0.4162,0.9903,5,Pontastacus leptodactylus (pooled),Pontastacus_leptodactylus_pooled,combined,20,1496,299
gam,0.7052,0.2223,0.6251,0.6736,0.2987,0.9588,5,Pontastacus leptodactylus (pooled),Pontastacus_leptodactylus_pooled,combined,20,1496,299
glm,0.7003,0.2198,0.621,0.6697,0.2907,0.9539,5,Pontastacus leptodactylus (pooled),Pontastacus_leptodactylus_pooled,combined,20,1496,299
random_forest,0.776,0.1892,0.6952,0.7095,0.4047,0.9927,5,Pontastacus leptodactylus (pooled),Pontastacus_leptodactylus_pooled,combined,20,1496,299
xgboost,0.7907,0.1909,0.7179,0.7143,0.4322,0.983,5,Pontastacus leptodactylus (pooled),Pontastacus_leptodactylus_pooled,combined,20,1496,299
consensus_mean,0.8019,0.1719,0.6905,0.7655,0.456,0.9903,5,Pontastacus leptodactylus (pooled),Pontastacus_leptodactylus_pooled,combined,3,1496,45
consensus_median,0.7927,0.1761,0.6858,0.7587,0.4445,0.9927,5,Pontastacus leptodactylus (pooled),Pontastacus_leptodactylus_pooled,combined,3,1496,45
gam,0.6838,0.2182,0.6057,0.6707,0.2764,0.9539,5,Pontastacus leptodactylus (pooled),Pontastacus_leptodactylus_pooled,combined,3,1496,45
glm,0.6869,0.2151,0.627,0.6456,0.2726,0.9709,5,Pontastacus leptodactylus (pooled),Pontastacus_leptodactylus_pooled,combined,3,1496,45
random_forest,0.8058,0.1669,0.7192,0.7741,0.4934,0.9758,5,Pontastacus leptodactylus (pooled),Pontastacus_leptodactylus_pooled,combined,3,1496,45
xgboost,0.8182,0.166,0.7139,0.7666,0.4805,0.98,5,Pontastacus leptodactylus (pooled),Pontastacus_leptodactylus_pooled,combined,3,1496,45
consensus_mean,0.7957,0.1756,0.7119,0.7474,0.4593,0.9952,5,Pontastacus leptodactylus (pooled),Pontastacus_leptodactylus_pooled,local_only,0,1496,0
consensus_median,0.7868,0.1804,0.7066,0.7328,0.4393,0.9903,5,Pontastacus leptodactylus (pooled),Pontastacus_leptodactylus_pooled,local_only,0,1496,0
gam,0.6917,0.223,0.6458,0.6426,0.2884,0.9661,5,Pontastacus leptodactylus (pooled),Pontastacus_leptodactylus_pooled,local_only,0,1496,0
glm,0.6831,0.2173,0.6243,0.637,0.2614,0.9758,5,Pontastacus leptodactylus (pooled),Pontastacus_leptodactylus_pooled,local_only,0,1496,0
random_forest,0.804,0.1693,0.7252,0.752,0.4773,0.983,5,Pontastacus leptodactylus (pooled),Pontastacus_leptodactylus_pooled,local_only,0,1496,0
xgboost,0.8092,0.1723,0.734,0.7448,0.4788,0.9394,5,Pontastacus leptodactylus (pooled),Pontastacus_leptodactylus_pooled,local_only,0,1496,0
consensus_mean,0.8033,0.181,0.6979,0.7736,0.4715,0.983,5,Pontastacus leptodactylus (pooled),Pontastacus_leptodactylus_pooled,local_only,10,1496,150
consensus_median,0.7952,0.1851,0.6905,0.7594,0.4499,0.983,5,Pontastacus leptodactylus (pooled),Pontastacus_leptodactylus_pooled,local_only,10,1496,150
gam,0.6973,0.2225,0.6064,0.671,0.2774,0.9564,5,Pontastacus leptodactylus (pooled),Pontastacus_leptodactylus_pooled,local_only,10,1496,150
glm,0.6993,0.2187,0.6123,0.6563,0.2687,0.9879,5,Pontastacus leptodactylus (pooled),Pontastacus_leptodactylus_pooled,local_only,10,1496,150
random_forest,0.8097,0.1781,0.6865,0.774,0.4605,0.9782,5,Pontastacus leptodactylus (pooled),Pontastacus_leptodactylus_pooled,local_only,10,1496,150
xgboost,0.814,0.18,0.7159,0.756,0.4719,0.983,5,Pontastacus leptodactylus (pooled),Pontastacus_leptodactylus_pooled,local_only,10,1496,150
consensus_mean,0.7862,0.1897,0.7033,0.7251,0.4284,0.9952,5,Pontastacus leptodactylus (pooled),Pontastacus_leptodactylus_pooled,local_only,20,1496,299
consensus_median,0.7795,0.1937,0.6992,0.7054,0.4047,0.9879,5,Pontastacus leptodactylus (pooled),Pontastacus_leptodactylus_pooled,local_only,20,1496,299
gam,0.6967,0.2284,0.6265,0.6322,0.2587,0.9418,5,Pontastacus leptodactylus (pooled),Pontastacus_leptodactylus_pooled,local_only,20,1496,299
glm,0.6961,0.222,0.6404,0.6409,0.2813,0.9491,5,Pontastacus leptodactylus (pooled),Pontastacus_leptodactylus_pooled,local_only,20,1496,299
random_forest,0.7756,0.1888,0.6858,0.7109,0.3967,0.9879,5,Pontastacus leptodactylus (pooled),Pontastacus_leptodactylus_pooled,local_only,20,1496,299
xgboost,0.7903,0.1926,0.7099,0.7211,0.4311,0.983,5,Pontastacus leptodactylus (pooled),Pontastacus_leptodactylus_pooled,local_only,20,1496,299
consensus_mean,0.7974,0.1728,0.7012,0.7623,0.4635,1.0,5,Pontastacus leptodactylus (pooled),Pontastacus_leptodactylus_pooled,local_only,3,1496,45
consensus_median,0.7881,0.1778,0.7012,0.7384,0.4396,0.9952,5,Pontastacus leptodactylus (pooled),Pontastacus_leptodactylus_pooled,local_only,3,1496,45
gam,0.6955,0.2174,0.6398,0.6431,0.2829,0.9418,5,Pontastacus leptodactylus (pooled),Pontastacus_leptodactylus_pooled,local_only,3,1496,45
glm,0.693,0.2159,0.6491,0.6279,0.277,0.9248,5,Pontastacus leptodactylus (pooled),Pontastacus_leptodactylus_pooled,local_only,3,1496,45
random_forest,0.806,0.1672,0.7119,0.7634,0.4752,0.9733,5,Pontastacus leptodactylus (pooled),Pontastacus_leptodactylus_pooled,local_only,3,1496,45
xgboost,0.8139,0.1681,0.7179,0.755,0.4729,0.9685,5,Pontastacus leptodactylus (pooled),Pontastacus_leptodactylus_pooled,local_only,3,1496,45
consensus_mean,0.7316,0.2003,0.5416,0.7733,0.3148,0.9879,5,Pontastacus leptodactylus (pooled),Pontastacus_leptodactylus_pooled,upstream_only,0,1496,0
consensus_median,0.731,0.2015,0.5416,0.7716,0.3132,0.9782,5,Pontastacus leptodactylus (pooled),Pontastacus_leptodactylus_pooled,upstream_only,0,1496,0
gam,0.6342,0.2357,0.4815,0.7018,0.1833,0.9055,5,Pontastacus leptodactylus (pooled),Pontastacus_leptodactylus_pooled,upstream_only,0,1496,0
glm,0.6468,0.2245,0.3731,0.7983,0.1714,0.8812,5,Pontastacus leptodactylus (pooled),Pontastacus_leptodactylus_pooled,upstream_only,0,1496,0
random_forest,0.7452,0.196,0.4572,0.8599,0.3171,0.9661,5,Pontastacus leptodactylus (pooled),Pontastacus_leptodactylus_pooled,upstream_only,0,1496,0
xgboost,0.7494,0.2005,0.5596,0.7942,0.3538,0.9588,5,Pontastacus leptodactylus (pooled),Pontastacus_leptodactylus_pooled,upstream_only,0,1496,0
consensus_mean,0.7332,0.204,0.4345,0.8711,0.3057,0.9879,5,Pontastacus leptodactylus (pooled),Pontastacus_leptodactylus_pooled,upstream_only,10,1496,150
consensus_median,0.7305,0.2051,0.4312,0.8743,0.3055,0.9733,5,Pontastacus leptodactylus (pooled),Pontastacus_leptodactylus_pooled,upstream_only,10,1496,150
gam,0.639,0.2303,0.4567,0.7285,0.1852,0.8836,5,Pontastacus leptodactylus (pooled),Pontastacus_leptodactylus_pooled,upstream_only,10,1496,150
glm,0.6519,0.225,0.3718,0.8089,0.1806,0.8473,5,Pontastacus leptodactylus (pooled),Pontastacus_leptodactylus_pooled,upstream_only,10,1496,150
random_forest,0.7467,0.2011,0.7513,0.5655,0.3168,0.9709,5,Pontastacus leptodactylus (pooled),Pontastacus_leptodactylus_pooled,upstream_only,10,1496,150
xgboost,0.7337,0.2102,0.6784,0.6161,0.2945,0.9152,5,Pontastacus leptodactylus (pooled),Pontastacus_leptodactylus_pooled,upstream_only,10,1496,150
consensus_mean,0.7222,0.2108,0.6787,0.6133,0.2921,0.9903,5,Pontastacus leptodactylus (pooled),Pontastacus_leptodactylus_pooled,upstream_only,20,1496,299
consensus_median,0.7154,0.2119,0.676,0.6073,0.2834,0.9758,5,Pontastacus leptodactylus (pooled),Pontastacus_leptodactylus_pooled,upstream_only,20,1496,299
gam,0.6425,0.2376,0.5444,0.6403,0.1846,0.9436,5,Pontastacus leptodactylus (pooled),Pontastacus_leptodactylus_pooled,upstream_only,20,1496,299
glm,0.6529,0.2315,0.442,0.7219,0.1639,0.8885,5,Pontastacus leptodactylus (pooled),Pontastacus_leptodactylus_pooled,upstream_only,20,1496,299
random_forest,0.7182,0.2085,0.6864,0.5684,0.2549,0.9588,5,Pontastacus leptodactylus (pooled),Pontastacus_leptodactylus_pooled,upstream_only,20,1496,299
xgboost,0.722,0.2147,0.69,0.6034,0.2935,0.9145,5,Pontastacus leptodactylus (pooled),Pontastacus_leptodactylus_pooled,upstream_only,20,1496,299
consensus_mean,0.7265,0.2012,0.4459,0.8533,0.2993,0.9564,5,Pontastacus leptodactylus (pooled),Pontastacus_leptodactylus_pooled,upstream_only,3,1496,45
consensus_median,0.7256,0.2023,0.4439,0.8563,0.3002,0.9855,5,Pontastacus leptodactylus (pooled),Pontastacus_leptodactylus_pooled,upstream_only,3,1496,45
gam,0.6242,0.2337,0.3878,0.776,0.1638,0.804,5,Pontastacus leptodactylus (pooled),Pontastacus_leptodactylus_pooled,upstream_only,3,1496,45
glm,0.6399,0.2264,0.3825,0.7925,0.175,0.8255,5,Pontastacus leptodactylus (pooled),Pontastacus_leptodactylus_pooled,upstream_only,3,1496,45
random_forest,0.7437,0.1969,0.4606,0.8765,0.3371,0.9588,5,Pontastacus leptodactylus (pooled),Pontastacus_leptodactylus_pooled,upstream_only,3,1496,45
xgboost,0.742,0.2001,0.6137,0.7249,0.3387,0.9477,5,Pontastacus leptodactylus (pooled),Pontastacus_leptodactylus_pooled,upstream_only,3,1496,45
consensus_mean,0.8923,0.1295,0.8354,0.7982,0.6337,1.0,5,Procambarus clarkii (alien),Procambarus_clarkii_alien,combined,0,7711,0
consensus_median,0.889,0.1304,0.8337,0.7905,0.6243,1.0,5,Procambarus clarkii (alien),Procambarus_clarkii_alien,combined,0,7711,0
gam,0.7781,0.1917,0.7471,0.6704,0.4175,0.9806,5,Procambarus clarkii (alien),Procambarus_clarkii_alien,combined,0,7711,0
glm,0.7663,0.1885,0.7637,0.6437,0.4074,1.0,5,Procambarus clarkii (alien),Procambarus_clarkii_alien,combined,0,7711,0
random_forest,0.9072,0.1155,0.858,0.8048,0.6628,0.9976,5,Procambarus clarkii (alien),Procambarus_clarkii_alien,combined,0,7711,0
xgboost,0.9082,0.1121,0.8554,0.8001,0.6555,0.9782,5,Procambarus clarkii (alien),Procambarus_clarkii_alien,combined,0,7711,0
consensus_mean,0.8719,0.135,0.8497,0.7433,0.593,1.0,5,Procambarus clarkii (alien),Procambarus_clarkii_alien,combined,10,7711,771
consensus_median,0.8698,0.136,0.8481,0.7401,0.5882,1.0,5,Procambarus clarkii (alien),Procambarus_clarkii_alien,combined,10,7711,771
gam,0.7473,0.1931,0.7548,0.5997,0.3545,1.0,5,Procambarus clarkii (alien),Procambarus_clarkii_alien,combined,10,7711,771
glm,0.7274,0.1925,0.7575,0.5854,0.3429,1.0,5,Procambarus clarkii (alien),Procambarus_clarkii_alien,combined,10,7711,771
random_forest,0.8877,0.1236,0.8586,0.7626,0.6213,0.9976,5,Procambarus clarkii (alien),Procambarus_clarkii_alien,combined,10,7711,771
xgboost,0.8869,0.1195,0.8549,0.7674,0.6222,0.9976,5,Procambarus clarkii (alien),Procambarus_clarkii_alien,combined,10,7711,771
consensus_mean,0.8828,0.1382,0.8426,0.7835,0.6261,1.0,5,Procambarus clarkii (alien),Procambarus_clarkii_alien,combined,20,7711,1542
consensus_median,0.881,0.1393,0.8405,0.7792,0.6197,1.0,5,Procambarus clarkii (alien),Procambarus_clarkii_alien,combined,20,7711,1542
gam,0.762,0.1975,0.7403,0.6382,0.3785,1.0,5,Procambarus clarkii (alien),Procambarus_clarkii_alien,combined,20,7711,1542
glm,0.7446,0.1983,0.75,0.6247,0.3747,0.9976,5,Procambarus clarkii (alien),Procambarus_clarkii_alien,combined,20,7711,1542
random_forest,0.8991,0.1248,0.8612,0.8025,0.6637,1.0,5,Procambarus clarkii (alien),Procambarus_clarkii_alien,combined,20,7711,1542
xgboost,0.8989,0.1193,0.8564,0.8004,0.6568,1.0,5,Procambarus clarkii (alien),Procambarus_clarkii_alien,combined,20,7711,1542
consensus_mean,0.891,0.1322,0.8441,0.7975,0.6417,1.0,5,Procambarus clarkii (alien),Procambarus_clarkii_alien,combined,3,7711,231
consensus_median,0.8888,0.1331,0.8423,0.7891,0.6314,0.9976,5,Procambarus clarkii (alien),Procambarus_clarkii_alien,combined,3,7711,231
gam,0.7758,0.1874,0.7488,0.6558,0.4047,1.0,5,Procambarus clarkii (alien),Procambarus_clarkii_alien,combined,3,7711,231
glm,0.7655,0.189,0.7636,0.6337,0.3973,1.0,5,Procambarus clarkii (alien),Procambarus_clarkii_alien,combined,3,7711,231
random_forest,0.9019,0.1212,0.8532,0.8116,0.6648,1.0,5,Procambarus clarkii (alien),Procambarus_clarkii_alien,combined,3,7711,231
xgboost,0.9014,0.1181,0.8465,0.8064,0.6529,0.9976,5,Procambarus clarkii (alien),Procambarus_clarkii_alien,combined,3,7711,231
consensus_mean,0.8982,0.1199,0.8694,0.7701,0.6395,1.0,5,Procambarus clarkii (alien),Procambarus_clarkii_alien,local_only,0,7711,0
consensus_median,0.8972,0.1194,0.8687,0.7663,0.635,0.9976,5,Procambarus clarkii (alien),Procambarus_clarkii_alien,local_only,0,7711,0
gam,0.8457,0.1549,0.8082,0.7032,0.5114,0.9612,5,Procambarus clarkii (alien),Procambarus_clarkii_alien,local_only,0,7711,0
glm,0.8217,0.1626,0.8153,0.6209,0.4363,0.9879,5,Procambarus clarkii (alien),Procambarus_clarkii_alien,local_only,0,7711,0
random_forest,0.9069,0.1152,0.8608,0.8006,0.6615,1.0,5,Procambarus clarkii (alien),Procambarus_clarkii_alien,local_only,0,7711,0
xgboost,0.9083,0.1114,0.8588,0.7962,0.655,0.9782,5,Procambarus clarkii (alien),Procambarus_clarkii_alien,local_only,0,7711,0
consensus_mean,0.8804,0.1247,0.8637,0.7435,0.6072,0.9952,5,Procambarus clarkii (alien),Procambarus_clarkii_alien,local_only,10,7711,771
consensus_median,0.8798,0.1243,0.8654,0.7386,0.604,0.9952,5,Procambarus clarkii (alien),Procambarus_clarkii_alien,local_only,10,7711,771
gam,0.824,0.1524,0.8104,0.6585,0.4689,0.9903,5,Procambarus clarkii (alien),Procambarus_clarkii_alien,local_only,10,7711,771
glm,0.8041,0.1615,0.809,0.5928,0.4018,1.0,5,Procambarus clarkii (alien),Procambarus_clarkii_alien,local_only,10,7711,771
random_forest,0.8889,0.1229,0.8606,0.7672,0.6278,0.9976,5,Procambarus clarkii (alien),Procambarus_clarkii_alien,local_only,10,7711,771
xgboost,0.8867,0.1196,0.8507,0.7714,0.6221,0.9927,5,Procambarus clarkii (alien),Procambarus_clarkii_alien,local_only,10,7711,771
consensus_mean,0.8901,0.1258,0.8595,0.7862,0.6457,0.9976,5,Procambarus clarkii (alien),Procambarus_clarkii_alien,local_only,20,7711,1542
consensus_median,0.8897,0.1248,0.865,0.7815,0.6465,1.0,5,Procambarus clarkii (alien),Procambarus_clarkii_alien,local_only,20,7711,1542
gam,0.8373,0.1557,0.8132,0.7174,0.5307,0.9903,5,Procambarus clarkii (alien),Procambarus_clarkii_alien,local_only,20,7711,1542
glm,0.825,0.1623,0.8245,0.6378,0.4624,0.983,5,Procambarus clarkii (alien),Procambarus_clarkii_alien,local_only,20,7711,1542
random_forest,0.8991,0.1244,0.8612,0.8039,0.6652,1.0,5,Procambarus clarkii (alien),Procambarus_clarkii_alien,local_only,20,7711,1542
xgboost,0.8964,0.1208,0.8577,0.7983,0.656,1.0,5,Procambarus clarkii (alien),Procambarus_clarkii_alien,local_only,20,7711,1542
consensus_mean,0.8931,0.1234,0.8712,0.7818,0.6531,1.0,5,Procambarus clarkii (alien),Procambarus_clarkii_alien,local_only,3,7711,231
consensus_median,0.8927,0.1228,0.8769,0.777,0.654,0.9952,5,Procambarus clarkii (alien),Procambarus_clarkii_alien,local_only,3,7711,231
gam,0.845,0.1528,0.8171,0.7231,0.5402,0.9927,5,Procambarus clarkii (alien),Procambarus_clarkii_alien,local_only,3,7711,231
glm,0.8239,0.1619,0.8186,0.6381,0.4567,0.9976,5,Procambarus clarkii (alien),Procambarus_clarkii_alien,local_only,3,7711,231
random_forest,0.9023,0.1208,0.8542,0.8093,0.6635,1.0,5,Procambarus clarkii (alien),Procambarus_clarkii_alien,local_only,3,7711,231
xgboost,0.8998,0.1198,0.8511,0.8035,0.6546,0.9927,5,Procambarus clarkii (alien),Procambarus_clarkii_alien,local_only,3,7711,231
consensus_mean,0.8126,0.1707,0.9025,0.5293,0.4317,1.0,5,Procambarus clarkii (alien),Procambarus_clarkii_alien,upstream_only,0,7711,0
consensus_median,0.8111,0.171,0.8965,0.5298,0.4263,1.0,5,Procambarus clarkii (alien),Procambarus_clarkii_alien,upstream_only,0,7711,0
gam,0.7068,0.2146,0.8217,0.4576,0.2793,0.9976,5,Procambarus clarkii (alien),Procambarus_clarkii_alien,upstream_only,0,7711,0
glm,0.6913,0.2127,0.8031,0.4576,0.2608,0.9782,5,Procambarus clarkii (alien),Procambarus_clarkii_alien,upstream_only,0,7711,0
random_forest,0.8266,0.1598,0.8431,0.5886,0.4317,1.0,5,Procambarus clarkii (alien),Procambarus_clarkii_alien,upstream_only,0,7711,0
xgboost,0.8255,0.1612,0.6842,0.7539,0.4381,0.9976,5,Procambarus clarkii (alien),Procambarus_clarkii_alien,upstream_only,0,7711,0
consensus_mean,0.7962,0.1756,0.9039,0.5049,0.4088,1.0,5,Procambarus clarkii (alien),Procambarus_clarkii_alien,upstream_only,10,7711,771
consensus_median,0.7958,0.176,0.8978,0.5043,0.4021,1.0,5,Procambarus clarkii (alien),Procambarus_clarkii_alien,upstream_only,10,7711,771
gam,0.6827,0.2215,0.8113,0.4332,0.2445,0.9758,5,Procambarus clarkii (alien),Procambarus_clarkii_alien,upstream_only,10,7711,771
glm,0.6563,0.2165,0.8047,0.4207,0.2254,0.9564,5,Procambarus clarkii (alien),Procambarus_clarkii_alien,upstream_only,10,7711,771
random_forest,0.8126,0.1654,0.9099,0.5145,0.4244,0.9976,5,Procambarus clarkii (alien),Procambarus_clarkii_alien,upstream_only,10,7711,771
xgboost,0.8078,0.1683,0.6803,0.7297,0.41,0.9782,5,Procambarus clarkii (alien),Procambarus_clarkii_alien,upstream_only,10,7711,771
consensus_mean,0.8064,0.1757,0.9065,0.5296,0.4361,1.0,5,Procambarus clarkii (alien),Procambarus_clarkii_alien,upstream_only,20,7711,1542
consensus_median,0.8049,0.1763,0.9021,0.5291,0.4312,0.9976,5,Procambarus clarkii (alien),Procambarus_clarkii_alien,upstream_only,20,7711,1542
gam,0.6912,0.216,0.8191,0.446,0.2651,0.9806,5,Procambarus clarkii (alien),Procambarus_clarkii_alien,upstream_only,20,7711,1542
glm,0.6796,0.2155,0.8043,0.4532,0.2575,0.9636,5,Procambarus clarkii (alien),Procambarus_clarkii_alien,upstream_only,20,7711,1542
random_forest,0.8212,0.1671,0.9144,0.5371,0.4515,1.0,5,Procambarus clarkii (alien),Procambarus_clarkii_alien,upstream_only,20,7711,1542
xgboost,0.8187,0.1653,0.8413,0.5895,0.4308,0.9782,5,Procambarus clarkii (alien),Procambarus_clarkii_alien,upstream_only,20,7711,1542
consensus_mean,0.809,0.1731,0.9057,0.5171,0.4228,0.9903,5,Procambarus clarkii (alien),Procambarus_clarkii_alien,upstream_only,3,7711,231
consensus_median,0.8073,0.1736,0.8981,0.5183,0.4164,1.0,5,Procambarus clarkii (alien),Procambarus_clarkii_alien,upstream_only,3,7711,231
gam,0.7026,0.2151,0.8124,0.4528,0.2652,0.9879,5,Procambarus clarkii (alien),Procambarus_clarkii_alien,upstream_only,3,7711,231
glm,0.6897,0.2145,0.8064,0.4532,0.2596,0.9709,5,Procambarus clarkii (alien),Procambarus_clarkii_alien,upstream_only,3,7711,231
random_forest,0.8169,0.1646,0.8239,0.577,0.4009,1.0,5,Procambarus clarkii (alien),Procambarus_clarkii_alien,upstream_only,3,7711,231
xgboost,0.8199,0.1634,0.7586,0.678,0.4367,0.9806,5,Procambarus clarkii (alien),Procambarus_clarkii_alien,upstream_only,3,7711,231
consensus_mean,0.8042,0.0894,0.8768,0.593,0.4697,0.9433,5,Procambarus clarkii (native),Procambarus_clarkii_native,combined,0,1915,0
consensus_median,0.807,0.0881,0.8809,0.6037,0.4847,0.8286,5,Procambarus clarkii (native),Procambarus_clarkii_native,combined,0,1915,0
gam,0.735,0.1159,0.8789,0.4753,0.3541,0.723,5,Procambarus clarkii (native),Procambarus_clarkii_native,combined,0,1915,0
glm,0.6504,0.1698,0.7723,0.5004,0.2727,0.5867,5,Procambarus clarkii (native),Procambarus_clarkii_native,combined,0,1915,0
random_forest,0.8718,0.0815,0.8883,0.6037,0.4919,0.9484,5,Procambarus clarkii (native),Procambarus_clarkii_native,combined,0,1915,0
xgboost,0.8741,0.0788,0.8893,0.6136,0.5029,0.8322,5,Procambarus clarkii (native),Procambarus_clarkii_native,combined,0,1915,0
consensus_mean,0.7019,0.1317,0.93,0.2957,0.2257,0.7551,5,Procambarus clarkii (native),Procambarus_clarkii_native,combined,10,1915,192
consensus_median,0.7183,0.1268,0.9185,0.3143,0.2328,0.6412,5,Procambarus clarkii (native),Procambarus_clarkii_native,combined,10,1915,192
gam,0.54,0.2179,0.93,0.1921,0.1222,0.4027,5,Procambarus clarkii (native),Procambarus_clarkii_native,combined,10,1915,192
glm,0.5771,0.1708,0.7671,0.4151,0.1822,0.4119,5,Procambarus clarkii (native),Procambarus_clarkii_native,combined,10,1915,192
random_forest,0.8107,0.1225,0.9525,0.3534,0.3059,0.9055,5,Procambarus clarkii (native),Procambarus_clarkii_native,combined,10,1915,192
xgboost,0.8131,0.1147,0.9138,0.4529,0.3667,0.7583,5,Procambarus clarkii (native),Procambarus_clarkii_native,combined,10,1915,192
consensus_mean,0.7937,0.0958,0.8418,0.5401,0.3818,0.7992,5,Procambarus clarkii (native),Procambarus_clarkii_native,combined,20,1915,383
consensus_median,0.8103,0.0946,0.8439,0.5446,0.3885,0.9186,5,Procambarus clarkii (native),Procambarus_clarkii_native,combined,20,1915,383
gam,0.702,0.126,0.8418,0.436,0.2778,0.4262,5,Procambarus clarkii (native),Procambarus_clarkii_native,combined,20,1915,383
glm,0.5967,0.1757,0.7462,0.4672,0.2134,0.3849,5,Procambarus clarkii (native),Procambarus_clarkii_native,combined,20,1915,383
random_forest,0.862,0.0875,0.8642,0.6353,0.4995,0.9248,5,Procambarus clarkii (native),Procambarus_clarkii_native,combined,20,1915,383
xgboost,0.8605,0.0865,0.8559,0.6079,0.4637,0.7871,5,Procambarus clarkii (native),Procambarus_clarkii_native,combined,20,1915,383
consensus_mean,0.6819,0.1337,0.9399,0.2034,0.1433,0.6289,5,Procambarus clarkii (native),Procambarus_clarkii_native,combined,3,1915,57
consensus_median,0.7004,0.1301,0.9337,0.2178,0.1515,0.6765,5,Procambarus clarkii (native),Procambarus_clarkii_native,combined,3,1915,57
gam,0.5139,0.2119,0.9373,0.1389,0.0762,0.0451,5,Procambarus clarkii (native),Procambarus_clarkii_native,combined,3,1915,57
glm,0.5347,0.1717,0.7728,0.3419,0.1147,0.1389,5,Procambarus clarkii (native),Procambarus_clarkii_native,combined,3,1915,57
random_forest,0.7919,0.123,0.9572,0.2655,0.2227,0.6447,5,Procambarus clarkii (native),Procambarus_clarkii_native,combined,3,1915,57
xgboost,0.7841,0.1227,0.9326,0.3145,0.2471,0.6484,5,Procambarus clarkii (native),Procambarus_clarkii_native,combined,3,1915,57
consensus_mean,0.8051,0.0824,0.8794,0.5544,0.4338,0.9073,5,Procambarus clarkii (native),Procambarus_clarkii_native,local_only,0,1915,0
consensus_median,0.7917,0.0831,0.8825,0.5548,0.4373,0.7885,5,Procambarus clarkii (native),Procambarus_clarkii_native,local_only,0,1915,0
gam,0.7318,0.1057,0.8783,0.4565,0.3349,0.6115,5,Procambarus clarkii (native),Procambarus_clarkii_native,local_only,0,1915,0
glm,0.6635,0.1213,0.7974,0.5495,0.3469,0.7745,5,Procambarus clarkii (native),Procambarus_clarkii_native,local_only,0,1915,0
random_forest,0.871,0.082,0.8977,0.5832,0.4808,0.9599,5,Procambarus clarkii (native),Procambarus_clarkii_native,local_only,0,1915,0
xgboost,0.88,0.079,0.8883,0.6123,0.5005,0.725,5,Procambarus clarkii (native),Procambarus_clarkii_native,local_only,0,1915,0
consensus_mean,0.7119,0.1208,0.9138,0.2796,0.1935,0.6679,5,Procambarus clarkii (native),Procambarus_clarkii_native,local_only,10,1915,192
consensus_median,0.7098,0.1193,0.917,0.2932,0.2102,0.7669,5,Procambarus clarkii (native),Procambarus_clarkii_native,local_only,10,1915,192
gam,0.5509,0.2042,0.9347,0.1534,0.0881,0.2507,5,Procambarus clarkii (native),Procambarus_clarkii_native,local_only,10,1915,192
glm,0.581,0.127,0.7869,0.4224,0.2094,0.6016,5,Procambarus clarkii (native),Procambarus_clarkii_native,local_only,10,1915,192
random_forest,0.8081,0.1218,0.9619,0.3399,0.3018,0.7703,5,Procambarus clarkii (native),Procambarus_clarkii_native,local_only,10,1915,192
xgboost,0.8033,0.1169,0.9164,0.4559,0.3723,0.6552,5,Procambarus clarkii (native),Procambarus_clarkii_native,local_only,10,1915,192
consensus_mean,0.8048,0.0919,0.846,0.5116,0.3576,0.8422,5,Procambarus clarkii (native),Procambarus_clarkii_native,local_only,20,1915,383
consensus_median,0.8021,0.092,0.8491,0.5063,0.3554,0.7681,5,Procambarus clarkii (native),Procambarus_clarkii_native,local_only,20,1915,383
gam,0.6974,0.1235,0.8392,0.4272,0.2663,0.5451,5,Procambarus clarkii (native),Procambarus_clarkii_native,local_only,20,1915,383
glm,0.626,0.1358,0.764,0.5112,0.2752,0.5692,5,Procambarus clarkii (native),Procambarus_clarkii_native,local_only,20,1915,383
random_forest,0.8713,0.0864,0.8731,0.5973,0.4705,0.916,5,Procambarus clarkii (native),Procambarus_clarkii_native,local_only,20,1915,383
xgboost,0.864,0.0866,0.8574,0.5826,0.44,0.7601,5,Procambarus clarkii (native),Procambarus_clarkii_native,local_only,20,1915,383
consensus_mean,0.6758,0.1217,0.9326,0.176,0.1087,0.5284,5,Procambarus clarkii (native),Procambarus_clarkii_native,local_only,3,1915,57
consensus_median,0.6811,0.1223,0.9394,0.1859,0.1254,0.5818,5,Procambarus clarkii (native),Procambarus_clarkii_native,local_only,3,1915,57
gam,0.5086,0.1972,0.9415,0.1104,0.052,-0.1259,5,Procambarus clarkii (native),Procambarus_clarkii_native,local_only,3,1915,57
glm,0.5109,0.1244,0.7953,0.3316,0.1269,-0.055,5,Procambarus clarkii (native),Procambarus_clarkii_native,local_only,3,1915,57
random_forest,0.8041,0.1235,0.9629,0.2434,0.2063,0.6707,5,Procambarus clarkii (native),Procambarus_clarkii_native,local_only,3,1915,57
xgboost,0.7957,0.123,0.9352,0.3383,0.2735,0.7195,5,Procambarus clarkii (native),Procambarus_clarkii_native,local_only,3,1915,57
consensus_mean,0.7772,0.1384,0.9431,0.3906,0.3337,0.7456,5,Procambarus clarkii (native),Procambarus_clarkii_native,upstream_only,0,1915,0
consensus_median,0.7827,0.1344,0.9436,0.393,0.3366,0.7383,5,Procambarus clarkii (native),Procambarus_clarkii_native,upstream_only,0,1915,0
gam,0.7041,0.2086,0.9452,0.3168,0.262,0.8855,5,Procambarus clarkii (native),Procambarus_clarkii_native,upstream_only,0,1915,0
glm,0.6975,0.1632,0.7567,0.4148,0.1715,0.3906,5,Procambarus clarkii (native),Procambarus_clarkii_native,upstream_only,0,1915,0
random_forest,0.7869,0.1239,0.8381,0.4487,0.2868,0.8346,5,Procambarus clarkii (native),Procambarus_clarkii_native,upstream_only,0,1915,0
xgboost,0.7824,0.1386,0.9279,0.4201,0.348,0.5942,5,Procambarus clarkii (native),Procambarus_clarkii_native,upstream_only,0,1915,0
consensus_mean,0.6994,0.1694,0.965,0.1779,0.1429,0.7794,5,Procambarus clarkii (native),Procambarus_clarkii_native,upstream_only,10,1915,192
consensus_median,0.7231,0.168,0.9645,0.1788,0.1432,0.8182,5,Procambarus clarkii (native),Procambarus_clarkii_native,upstream_only,10,1915,192
gam,0.6804,0.2181,0.9342,0.2175,0.1517,0.7455,5,Procambarus clarkii (native),Procambarus_clarkii_native,upstream_only,10,1915,192
glm,0.5901,0.2086,0.752,0.2143,-0.0337,0.0229,5,Procambarus clarkii (native),Procambarus_clarkii_native,upstream_only,10,1915,192
random_forest,0.6968,0.1513,0.8768,0.2117,0.0884,0.8197,5,Procambarus clarkii (native),Procambarus_clarkii_native,upstream_only,10,1915,192
xgboost,0.7046,0.171,0.9347,0.239,0.1737,0.6122,5,Procambarus clarkii (native),Procambarus_clarkii_native,upstream_only,10,1915,192
consensus_mean,0.8032,0.1364,0.9342,0.3864,0.3206,0.9176,5,Procambarus clarkii (native),Procambarus_clarkii_native,upstream_only,20,1915,383
consensus_median,0.7994,0.1339,0.9342,0.3719,0.3061,0.9103,5,Procambarus clarkii (native),Procambarus_clarkii_native,upstream_only,20,1915,383
gam,0.7388,0.1932,0.9441,0.3376,0.2818,0.8563,5,Procambarus clarkii (native),Procambarus_clarkii_native,upstream_only,20,1915,383
glm,0.7049,0.1647,0.7708,0.4092,0.1799,0.4642,5,Procambarus clarkii (native),Procambarus_clarkii_native,upstream_only,20,1915,383
random_forest,0.8027,0.1255,0.8308,0.4849,0.3157,0.8563,5,Procambarus clarkii (native),Procambarus_clarkii_native,upstream_only,20,1915,383
xgboost,0.7982,0.1387,0.9175,0.4298,0.3472,0.6579,5,Procambarus clarkii (native),Procambarus_clarkii_native,upstream_only,20,1915,383
consensus_mean,0.6713,0.1689,0.964,0.1248,0.0888,0.6753,5,Procambarus clarkii (native),Procambarus_clarkii_native,upstream_only,3,1915,57
consensus_median,0.6723,0.1668,0.9603,0.1258,0.0861,0.7699,5,Procambarus clarkii (native),Procambarus_clarkii_native,upstream_only,3,1915,57
gam,0.6484,0.2117,0.9389,0.174,0.1129,0.3789,5,Procambarus clarkii (native),Procambarus_clarkii_native,upstream_only,3,1915,57
glm,0.5396,0.2059,0.7572,0.1994,-0.0434,-0.0785,5,Procambarus clarkii (native),Procambarus_clarkii_native,upstream_only,3,1915,57
random_forest,0.6773,0.1512,0.883,0.1915,0.0745,0.6398,5,Procambarus clarkii (native),Procambarus_clarkii_native,upstream_only,3,1915,57
xgboost,0.6999,0.1767,0.9399,0.2082,0.1481,0.3671,5,Procambarus clarkii (native),Procambarus_clarkii_native,upstream_only,3,1915,57
