entity_dir,track,level,method,coverage,coverage_never_trained,median_width,mean_diff,gradient
Astacus_astacus,combined,10,uncalibrated,0.82097,0.81522,0.22492,0.04359,0.58393
Astacus_astacus,combined,10,platt,0.86163,0.84955,0.21747,0.02626,0.4528
Astacus_astacus,combined,10,isotonic,0.79872,0.78478,0.21611,0.03289,0.64065
Astacus_astacus,combined,20,uncalibrated,0.69345,0.68748,0.23725,0.07421,0.62993
Astacus_astacus,combined,20,platt,0.62684,0.60402,0.20934,0.06731,0.80536
Astacus_astacus,combined,20,isotonic,0.67127,0.65039,0.22766,0.06654,0.86581
Astacus_astacus,combined,3,uncalibrated,0.96697,0.96702,0.21978,0.01624,0.50772
Astacus_astacus,combined,3,platt,0.96209,0.95916,0.20481,0.01061,0.75146
Astacus_astacus,combined,3,isotonic,0.94712,0.94182,0.22187,0.00848,0.52358
Astacus_astacus,local_only,10,uncalibrated,0.83807,0.83328,0.23398,0.04186,0.5932
Astacus_astacus,local_only,10,platt,0.87804,0.86915,0.22441,0.01991,0.5091
Astacus_astacus,local_only,10,isotonic,0.84549,0.83328,0.22187,0.02369,0.55431
Astacus_astacus,local_only,20,uncalibrated,0.71707,0.71096,0.24633,0.07238,0.63646
Astacus_astacus,local_only,20,platt,0.66976,0.64579,0.22008,0.06047,0.81428
Astacus_astacus,local_only,20,isotonic,0.71343,0.69298,0.23826,0.05727,0.79377
Astacus_astacus,local_only,3,uncalibrated,0.9748,0.97537,0.23228,0.01546,0.50738
Astacus_astacus,local_only,3,platt,0.96717,0.96533,0.22028,0.00573,0.78579
Astacus_astacus,local_only,3,isotonic,0.96106,0.95803,0.21174,0.00203,0.32736
Astacus_astacus,upstream_only,10,uncalibrated,0.54738,0.54769,0.09851,0.02521,0.56124
Astacus_astacus,upstream_only,10,platt,0.94932,0.94543,0.12451,0.02271,0.66399
Astacus_astacus,upstream_only,10,isotonic,0.53186,0.52818,0.11924,0.02992,0.4762
Astacus_astacus,upstream_only,20,uncalibrated,0.49526,0.49643,0.1167,0.0449,0.62605
Astacus_astacus,upstream_only,20,platt,0.45955,0.45244,0.12039,0.0385,0.73119
Astacus_astacus,upstream_only,20,isotonic,0.48819,0.48535,0.1724,0.06482,0.73567
Astacus_astacus,upstream_only,3,uncalibrated,0.99629,0.99663,0.08727,0.00867,0.4737
Astacus_astacus,upstream_only,3,platt,0.9965,0.99671,0.12869,0.00504,0.73039
Astacus_astacus,upstream_only,3,isotonic,0.98963,0.98885,0.12507,0.00436,0.23872
Austropotamobius_fulcisianus_pooled,combined,10,uncalibrated,0.98872,0.99016,0.22122,0.01746,0.42982
Austropotamobius_fulcisianus_pooled,combined,10,platt,0.97571,0.9762,0.23674,0.01426,0.47713
Austropotamobius_fulcisianus_pooled,combined,10,isotonic,0.94882,0.94953,0.24687,0.01282,0.14306
Austropotamobius_fulcisianus_pooled,combined,20,uncalibrated,0.97177,0.97491,0.22396,0.02295,0.46334
Austropotamobius_fulcisianus_pooled,combined,20,platt,0.05189,0.05019,0.18812,0.24673,0.43651
Austropotamobius_fulcisianus_pooled,combined,20,isotonic,0.70097,0.695,0.29242,0.0618,0.47492
Austropotamobius_fulcisianus_pooled,combined,3,uncalibrated,0.99748,0.99774,0.20289,0.00313,0.17441
Austropotamobius_fulcisianus_pooled,combined,3,platt,0.56155,0.55614,0.26076,0.06286,0.64748
Austropotamobius_fulcisianus_pooled,combined,3,isotonic,0.88069,0.87514,0.27648,0.02128,0.73427
Austropotamobius_fulcisianus_pooled,local_only,10,uncalibrated,0.98786,0.98881,0.27401,0.02092,0.45347
Austropotamobius_fulcisianus_pooled,local_only,10,platt,0.97611,0.97662,0.37507,0.03487,0.55836
Austropotamobius_fulcisianus_pooled,local_only,10,isotonic,0.96562,0.96543,0.28737,0.02078,0.51255
Austropotamobius_fulcisianus_pooled,local_only,20,uncalibrated,0.97059,0.9733,0.28343,0.02729,0.54417
Austropotamobius_fulcisianus_pooled,local_only,20,platt,0.06025,0.05973,0.33211,0.24103,0.36396
Austropotamobius_fulcisianus_pooled,local_only,20,isotonic,0.77652,0.77205,0.46964,0.08961,0.36601
Austropotamobius_fulcisianus_pooled,local_only,3,uncalibrated,0.99558,0.99581,0.26228,0.00862,0.30999
Austropotamobius_fulcisianus_pooled,local_only,3,platt,0.88818,0.88386,0.32394,0.07785,0.44834
Austropotamobius_fulcisianus_pooled,local_only,3,isotonic,0.92832,0.92453,0.34524,0.03156,0.37976
Austropotamobius_fulcisianus_pooled,upstream_only,10,uncalibrated,0.98462,0.98461,0.12169,0.00335,0.2483
Austropotamobius_fulcisianus_pooled,upstream_only,10,platt,0.98336,0.98301,0.16481,0.0052,0.28045
Austropotamobius_fulcisianus_pooled,upstream_only,10,isotonic,0.97406,0.973,0.22851,0.00168,-0.17692
Austropotamobius_fulcisianus_pooled,upstream_only,20,uncalibrated,0.97579,0.97592,0.12539,0.00529,0.26204
Austropotamobius_fulcisianus_pooled,upstream_only,20,platt,0.02279,0.02366,0.0596,0.16522,0.83758
Austropotamobius_fulcisianus_pooled,upstream_only,20,isotonic,0.83629,0.83195,0.02126,0.02223,0.76357
Austropotamobius_fulcisianus_pooled,upstream_only,3,uncalibrated,0.99716,0.99732,0.11144,-0.0009,-0.30656
Austropotamobius_fulcisianus_pooled,upstream_only,3,platt,0.47055,0.46868,0.06327,0.11202,0.89212
Austropotamobius_fulcisianus_pooled,upstream_only,3,isotonic,0.49886,0.49753,0.15421,-0.0048,0.68711
Austropotamobius_torrentium_pooled,combined,10,uncalibrated,0.92621,0.92668,0.32199,0.03166,0.32968
Austropotamobius_torrentium_pooled,combined,10,platt,0.88022,0.8769,0.30482,0.02759,0.77895
Austropotamobius_torrentium_pooled,combined,10,isotonic,0.87744,0.87317,0.27609,0.00922,0.60945
Austropotamobius_torrentium_pooled,combined,20,uncalibrated,0.85184,0.85202,0.32681,0.05348,0.34779
Austropotamobius_torrentium_pooled,combined,20,platt,0.83625,0.83315,0.3184,0.03882,0.45474
Austropotamobius_torrentium_pooled,combined,20,isotonic,0.81292,0.8077,0.27945,0.03908,0.41474
Austropotamobius_torrentium_pooled,combined,3,uncalibrated,0.98408,0.98502,0.33398,0.01071,0.37011
Austropotamobius_torrentium_pooled,combined,3,platt,0.98484,0.98576,0.32092,0.00404,-0.25347
Austropotamobius_torrentium_pooled,combined,3,isotonic,0.96353,0.96329,0.27718,0.00315,-0.10895
Austropotamobius_torrentium_pooled,local_only,10,uncalibrated,0.92268,0.92277,0.33286,0.03362,0.41221
Austropotamobius_torrentium_pooled,local_only,10,platt,0.86456,0.86024,0.30634,0.03003,0.82653
Austropotamobius_torrentium_pooled,local_only,10,isotonic,0.8563,0.85084,0.3327,0.01053,0.4696
Austropotamobius_torrentium_pooled,local_only,20,uncalibrated,0.85049,0.85033,0.34125,0.05582,0.46863
Austropotamobius_torrentium_pooled,local_only,20,platt,0.8392,0.83606,0.33787,0.04302,0.54105
Austropotamobius_torrentium_pooled,local_only,20,isotonic,0.80551,0.79962,0.31929,0.04352,0.30043
Austropotamobius_torrentium_pooled,local_only,3,uncalibrated,0.984,0.98493,0.33956,0.01263,0.45768
Austropotamobius_torrentium_pooled,local_only,3,platt,0.98602,0.98696,0.33173,0.00915,0.45137
Austropotamobius_torrentium_pooled,local_only,3,isotonic,0.95418,0.95228,0.30648,0.01116,0.44514
Austropotamobius_torrentium_pooled,upstream_only,10,uncalibrated,0.97583,0.97702,0.16396,0.02013,0.27034
Austropotamobius_torrentium_pooled,upstream_only,10,platt,0.93952,0.9357,0.09943,0.00519,0.9488
Austropotamobius_torrentium_pooled,upstream_only,10,isotonic,0.90499,0.90118,0.13942,-0.00358,0.52495
Austropotamobius_torrentium_pooled,upstream_only,20,uncalibrated,0.52005,0.5262,0.17188,0.03635,0.27245
Austropotamobius_torrentium_pooled,upstream_only,20,platt,0.96707,0.96817,0.16089,-0.00366,-0.15634
Austropotamobius_torrentium_pooled,upstream_only,20,isotonic,0.95856,0.95897,0.13212,0.00032,0.30935
Austropotamobius_torrentium_pooled,upstream_only,3,uncalibrated,0.99444,0.99491,0.16397,0.00684,0.28217
Austropotamobius_torrentium_pooled,upstream_only,3,platt,0.99436,0.99473,0.17042,0.00341,0.19244
Austropotamobius_torrentium_pooled,upstream_only,3,isotonic,0.99242,0.99288,0.1665,0.00775,-0.25741
Faxonius_limosus_alien,combined,10,uncalibrated,0.90904,0.90548,0.29119,0.02379,0.58439
Faxonius_limosus_alien,combined,10,platt,0.91727,0.9135,0.30733,0.01657,0.63052
Faxonius_limosus_alien,combined,10,isotonic,0.90565,0.90016,0.2948,0.01823,0.4791
Faxonius_limosus_alien,combined,20,uncalibrated,0.83463,0.83431,0.29778,0.0361,0.66417
Faxonius_limosus_alien,combined,20,platt,0.82097,0.81155,0.29546,0.0394,0.76714
Faxonius_limosus_alien,combined,20,isotonic,0.8281,0.82041,0.27986,0.04032,0.66497
Faxonius_limosus_alien,combined,3,uncalibrated,0.97432,0.97407,0.2949,0.01038,0.51957
Faxonius_limosus_alien,combined,3,platt,0.9823,0.98317,0.34107,0.00254,0.20793
Faxonius_limosus_alien,combined,3,isotonic,0.97631,0.97599,0.31729,0.00066,-0.03839
Faxonius_limosus_alien,local_only,10,uncalibrated,0.90754,0.90348,0.27924,0.02064,0.47818
Faxonius_limosus_alien,local_only,10,platt,0.89742,0.88982,0.25229,0.01983,0.7472
Faxonius_limosus_alien,local_only,10,isotonic,0.89542,0.88813,0.24017,0.01931,0.54737
Faxonius_limosus_alien,local_only,20,uncalibrated,0.84206,0.84228,0.27513,0.03151,0.57741
Faxonius_limosus_alien,local_only,20,platt,0.80635,0.79396,0.24215,0.03564,0.70656
Faxonius_limosus_alien,local_only,20,isotonic,0.80002,0.7858,0.22993,0.03451,0.50024
Faxonius_limosus_alien,local_only,3,uncalibrated,0.97407,0.9737,0.29444,0.00876,0.36001
Faxonius_limosus_alien,local_only,3,platt,0.97511,0.97481,0.28494,0.00024,0.24732
Faxonius_limosus_alien,local_only,3,isotonic,0.97113,0.97011,0.27079,-0.0016,-0.12736
Faxonius_limosus_alien,upstream_only,10,uncalibrated,0.54583,0.54438,0.16837,0.01191,0.10031
Faxonius_limosus_alien,upstream_only,10,platt,0.97093,0.96899,0.15034,0.00963,0.4788
Faxonius_limosus_alien,upstream_only,10,isotonic,0.54443,0.54206,0.14968,0.00872,0.16694
Faxonius_limosus_alien,upstream_only,20,uncalibrated,0.51396,0.51607,0.15831,0.02024,0.13789
Faxonius_limosus_alien,upstream_only,20,platt,0.51471,0.51562,0.13124,0.01769,0.26054
Faxonius_limosus_alien,upstream_only,20,isotonic,0.5177,0.51887,0.15439,0.02505,0.01218
Faxonius_limosus_alien,upstream_only,3,uncalibrated,0.98255,0.98051,0.16971,0.00444,0.01959
Faxonius_limosus_alien,upstream_only,3,platt,0.98299,0.98075,0.15192,-0.00706,-0.28956
Faxonius_limosus_alien,upstream_only,3,isotonic,0.9814,0.9789,0.17982,-0.00415,-0.23967
Pacifastacus_leniusculus_alien,combined,10,uncalibrated,0.9043,0.90627,0.21152,0.0289,0.42897
Pacifastacus_leniusculus_alien,combined,10,platt,0.8989,0.89935,0.22824,0.00157,-0.58184
Pacifastacus_leniusculus_alien,combined,10,isotonic,0.84878,0.84842,0.17888,0.02877,0.48834
Pacifastacus_leniusculus_alien,combined,20,uncalibrated,0.85879,0.86624,0.22797,0.04582,0.48398
Pacifastacus_leniusculus_alien,combined,20,platt,0.82141,0.82269,0.22753,0.01855,-0.56956
Pacifastacus_leniusculus_alien,combined,20,isotonic,0.78184,0.7837,0.213,0.05325,0.62662
Pacifastacus_leniusculus_alien,combined,3,uncalibrated,0.96967,0.96964,0.20094,0.01052,0.35073
Pacifastacus_leniusculus_alien,combined,3,platt,0.90889,0.90893,0.22656,-0.01408,-0.7008
Pacifastacus_leniusculus_alien,combined,3,isotonic,0.96366,0.96437,0.169,0.00981,0.24933
Pacifastacus_leniusculus_alien,local_only,10,uncalibrated,0.90854,0.91107,0.25789,0.02854,0.52243
Pacifastacus_leniusculus_alien,local_only,10,platt,0.90171,0.89972,0.33973,0.04569,0.76595
Pacifastacus_leniusculus_alien,local_only,10,isotonic,0.85006,0.84691,0.22297,0.0289,0.68114
Pacifastacus_leniusculus_alien,local_only,20,uncalibrated,0.86381,0.87069,0.27332,0.04419,0.55154
Pacifastacus_leniusculus_alien,local_only,20,platt,0.83495,0.83286,0.37607,0.07275,0.78411
Pacifastacus_leniusculus_alien,local_only,20,isotonic,0.78443,0.78336,0.21756,0.05958,0.72692
Pacifastacus_leniusculus_alien,local_only,3,uncalibrated,0.97375,0.97495,0.24327,0.0105,0.4741
Pacifastacus_leniusculus_alien,local_only,3,platt,0.96774,0.96678,0.28083,0.0119,0.63645
Pacifastacus_leniusculus_alien,local_only,3,isotonic,0.95874,0.96006,0.20345,0.01096,0.48799
Pacifastacus_leniusculus_alien,upstream_only,10,uncalibrated,0.62792,0.63117,0.17807,0.01722,0.10517
Pacifastacus_leniusculus_alien,upstream_only,10,platt,0.97818,0.97833,0.23086,0.01445,-0.50846
Pacifastacus_leniusculus_alien,upstream_only,10,isotonic,0.63158,0.63548,0.19176,0.0192,-0.38965
Pacifastacus_leniusculus_alien,upstream_only,20,uncalibrated,0.61187,0.61865,0.17867,0.02844,0.12207
Pacifastacus_leniusculus_alien,upstream_only,20,platt,0.60584,0.61123,0.21213,0.02291,-0.23878
Pacifastacus_leniusculus_alien,upstream_only,20,isotonic,0.57532,0.58125,0.11104,0.04198,0.44714
Pacifastacus_leniusculus_alien,upstream_only,3,uncalibrated,0.99426,0.99427,0.17745,0.00558,0.11397
Pacifastacus_leniusculus_alien,upstream_only,3,platt,0.99421,0.99418,0.24425,0.00316,-0.63537
Pacifastacus_leniusculus_alien,upstream_only,3,isotonic,0.99316,0.99331,0.20954,0.00591,0.04154
Pontastacus_leptodactylus_pooled,combined,10,uncalibrated,0.96309,0.96363,0.28638,0.01098,0.12552
Pontastacus_leptodactylus_pooled,combined,10,platt,0.95058,0.95004,0.27038,0.02014,-0.01918
Pontastacus_leptodactylus_pooled,combined,10,isotonic,0.94478,0.94391,0.24975,0.01962,-0.03147
Pontastacus_leptodactylus_pooled,combined,20,uncalibrated,0.91732,0.91699,0.27781,0.02062,0.25801
Pontastacus_leptodactylus_pooled,combined,20,platt,0.89601,0.89383,0.23662,0.01922,0.49531
Pontastacus_leptodactylus_pooled,combined,20,isotonic,0.84611,0.84213,0.19996,0.02175,0.49467
Pontastacus_leptodactylus_pooled,combined,3,uncalibrated,0.98823,0.98814,0.29695,0.00286,0.09087
Pontastacus_leptodactylus_pooled,combined,3,platt,0.97856,0.97763,0.27447,0.01541,0.02397
Pontastacus_leptodactylus_pooled,combined,3,isotonic,0.97607,0.97535,0.25061,0.01469,0.15115
Pontastacus_leptodactylus_pooled,local_only,10,uncalibrated,0.9613,0.96157,0.28652,0.0114,0.2835
Pontastacus_leptodactylus_pooled,local_only,10,platt,0.95829,0.95843,0.28017,0.01764,0.0024
Pontastacus_leptodactylus_pooled,local_only,10,isotonic,0.95093,0.9507,0.26693,0.02034,0.1267
Pontastacus_leptodactylus_pooled,local_only,20,uncalibrated,0.92338,0.92401,0.27956,0.02123,0.33755
Pontastacus_leptodactylus_pooled,local_only,20,platt,0.90586,0.9047,0.23985,0.01756,0.46088
Pontastacus_leptodactylus_pooled,local_only,20,isotonic,0.85134,0.84604,0.22645,0.02346,0.69335
Pontastacus_leptodactylus_pooled,local_only,3,uncalibrated,0.9891,0.98907,0.29717,0.00194,0.08716
Pontastacus_leptodactylus_pooled,local_only,3,platt,0.98553,0.98524,0.27519,0.0091,-0.43604
Pontastacus_leptodactylus_pooled,local_only,3,isotonic,0.98113,0.98058,0.26367,0.0103,0.03095
Pontastacus_leptodactylus_pooled,upstream_only,10,uncalibrated,0.9844,0.98454,0.18415,0.00639,0.02829
Pontastacus_leptodactylus_pooled,upstream_only,10,platt,0.59246,0.59347,0.17662,0.00973,-0.32333
Pontastacus_leptodactylus_pooled,upstream_only,10,isotonic,0.58801,0.58916,0.16752,0.01121,-0.25109
Pontastacus_leptodactylus_pooled,upstream_only,20,uncalibrated,0.57978,0.58162,0.18605,0.01118,0.25951
Pontastacus_leptodactylus_pooled,upstream_only,20,platt,0.95969,0.95899,0.167,0.00395,0.684
Pontastacus_leptodactylus_pooled,upstream_only,20,isotonic,0.57751,0.57908,0.14747,0.00595,0.41041
Pontastacus_leptodactylus_pooled,upstream_only,3,uncalibrated,0.9949,0.99482,0.19017,0.00128,0.14076
Pontastacus_leptodactylus_pooled,upstream_only,3,platt,0.60261,0.60277,0.1778,0.01256,0.16239
Pontastacus_leptodactylus_pooled,upstream_only,3,isotonic,0.60323,0.60347,0.16735,0.02023,0.11995
Procambarus_clarkii_alien,combined,10,uncalibrated,0.98191,0.98323,0.25986,0.00848,0.26
Procambarus_clarkii_alien,combined,10,platt,0.9862,0.98736,0.2631,-0.00232,-0.15993
Procambarus_clarkii_alien,combined,10,isotonic,0.98202,0.98268,0.24835,-0.0007,-0.10421
Procambarus_clarkii_alien,combined,20,uncalibrated,0.96126,0.96364,0.26554,0.0163,0.35136
Procambarus_clarkii_alien,combined,20,platt,0.97307,0.97562,0.2765,0.00511,0.43951
Procambarus_clarkii_alien,combined,20,isotonic,0.97203,0.97398,0.25527,0.00816,0.50987
Procambarus_clarkii_alien,combined,3,uncalibrated,0.99378,0.99402,0.25919,0.00312,0.25533
Procambarus_clarkii_alien,combined,3,platt,0.99468,0.99496,0.26197,-0.00191,-0.36482
Procambarus_clarkii_alien,combined,3,isotonic,0.98747,0.9867,0.24483,-0.00053,-0.03744
Procambarus_clarkii_alien,local_only,10,uncalibrated,0.9775,0.97907,0.1663,0.00756,0.16149
Procambarus_clarkii_alien,local_only,10,platt,0.97729,0.97813,0.21177,0.01253,0.45898
Procambarus_clarkii_alien,local_only,10,isotonic,0.96296,0.96148,0.15183,0.01025,-0.31406
Procambarus_clarkii_alien,local_only,20,uncalibrated,0.95094,0.95317,0.16536,0.01323,0.12637
Procambarus_clarkii_alien,local_only,20,platt,0.95705,0.95879,0.18222,0.00685,-0.10172
Procambarus_clarkii_alien,local_only,20,isotonic,0.95343,0.95445,0.1381,0.00894,-0.1919
Procambarus_clarkii_alien,local_only,3,uncalibrated,0.99246,0.99303,0.16795,0.00294,0.18169
Procambarus_clarkii_alien,local_only,3,platt,0.99333,0.9936,0.18755,0.00119,0.57209
Procambarus_clarkii_alien,local_only,3,isotonic,0.98564,0.98475,0.14753,0.00125,-0.14494
Procambarus_clarkii_alien,upstream_only,10,uncalibrated,0.99215,0.99296,0.11685,0.00493,0.33521
Procambarus_clarkii_alien,upstream_only,10,platt,0.99271,0.99336,0.13093,-0.00298,0.6451
Procambarus_clarkii_alien,upstream_only,10,isotonic,0.98925,0.98923,0.1043,0.00189,0.12909
Procambarus_clarkii_alien,upstream_only,20,uncalibrated,0.98448,0.98604,0.12197,0.00966,0.41775
Procambarus_clarkii_alien,upstream_only,20,platt,0.98575,0.98682,0.13299,-0.00174,0.35147
Procambarus_clarkii_alien,upstream_only,20,isotonic,0.98009,0.98034,0.09806,0.00226,0.0592
Procambarus_clarkii_alien,upstream_only,3,uncalibrated,0.99644,0.99647,0.11355,0.00199,0.24142
Procambarus_clarkii_alien,upstream_only,3,platt,0.99629,0.99634,0.12383,-0.00333,0.17525
Procambarus_clarkii_alien,upstream_only,3,isotonic,0.99279,0.99236,0.10957,-0.00209,0.42846
Procambarus_clarkii_native,combined,10,uncalibrated,0.99534,0.99585,0.34002,0.00442,0.08256
Procambarus_clarkii_native,combined,10,platt,0.98571,0.98471,0.53631,0.0739,0.72024
Procambarus_clarkii_native,combined,10,isotonic,0.98696,0.98633,0.30385,0.01232,0.41343
Procambarus_clarkii_native,combined,20,uncalibrated,0.99161,0.99264,0.35215,0.0072,0.12629
Procambarus_clarkii_native,combined,20,platt,0.97702,0.97687,0.36802,0.02359,0.18297
Procambarus_clarkii_native,combined,20,isotonic,0.98064,0.98046,0.26295,0.01903,0.13713
Procambarus_clarkii_native,combined,3,uncalibrated,0.99876,0.99891,0.33445,0.00221,0.09964
Procambarus_clarkii_native,combined,3,platt,0.98287,0.98119,0.5231,0.06827,0.76527
Procambarus_clarkii_native,combined,3,isotonic,0.98199,0.98021,0.29222,-0.00011,0.4521
Procambarus_clarkii_native,local_only,10,uncalibrated,0.99524,0.99562,0.24285,0.0055,0.18323
Procambarus_clarkii_native,local_only,10,platt,0.98416,0.98269,0.38046,0.03165,0.82609
Procambarus_clarkii_native,local_only,10,isotonic,0.96755,0.96556,0.19892,-0.00276,0.41222
Procambarus_clarkii_native,local_only,20,uncalibrated,0.99105,0.99177,0.2565,0.00856,0.23551
Procambarus_clarkii_native,local_only,20,platt,0.96837,0.968,0.29681,0.02666,0.25414
Procambarus_clarkii_native,local_only,20,isotonic,0.9603,0.95872,0.19797,0.02034,0.34198
Procambarus_clarkii_native,local_only,3,uncalibrated,0.9986,0.99862,0.23424,0.00279,0.1457
Procambarus_clarkii_native,local_only,3,platt,0.981,0.97895,0.35423,0.01988,0.8574
Procambarus_clarkii_native,local_only,3,isotonic,0.96542,0.96215,0.19248,-0.01326,0.37696
Procambarus_clarkii_native,upstream_only,10,uncalibrated,0.99612,0.99625,0.05928,0.00131,0.28531
Procambarus_clarkii_native,upstream_only,10,platt,0.68866,0.6873,0.26897,-0.01774,0.96429
Procambarus_clarkii_native,upstream_only,10,isotonic,0.68064,0.67859,0.05533,-0.05543,0.83235
Procambarus_clarkii_native,upstream_only,20,uncalibrated,0.99488,0.99548,0.05879,0.00285,0.23758
Procambarus_clarkii_native,upstream_only,20,platt,0.99348,0.9938,0.13894,-0.00565,-0.52796
Procambarus_clarkii_native,upstream_only,20,isotonic,0.98131,0.98186,0.20748,0.00246,0.41779
Procambarus_clarkii_native,upstream_only,3,uncalibrated,0.99896,0.99908,0.05782,0.00072,0.23924
Procambarus_clarkii_native,upstream_only,3,platt,0.68794,0.68588,0.27133,-0.0195,0.9812
Procambarus_clarkii_native,upstream_only,3,isotonic,0.68018,0.67754,0.12296,-0.05229,0.99417
