entity_dir,track,level,method,source,coverage,gradient,mean_diff
Astacus_astacus,combined,3,uncalibrated,contaminated,0.96697,0.50772,0.01624
Astacus_astacus,combined,3,uncalibrated,null,0.99705,0.07484,-0.00023
Astacus_astacus,combined,10,uncalibrated,contaminated,0.82097,0.58393,0.04359
Astacus_astacus,combined,10,uncalibrated,null,0.99636,0.16787,-0.0026
Astacus_astacus,combined,20,uncalibrated,contaminated,0.69345,0.62993,0.07421
Astacus_astacus,combined,20,uncalibrated,null,0.99506,0.26468,-0.00408
Astacus_astacus,combined,3,platt,contaminated,0.96477,0.49056,0.02039
Astacus_astacus,combined,3,platt,null,0.99835,0.09578,-6e-05
Astacus_astacus,combined,10,platt,contaminated,0.7979,0.59492,0.05003
Astacus_astacus,combined,10,platt,null,0.9978,0.15173,-0.00243
Astacus_astacus,combined,20,platt,contaminated,0.66625,0.63577,0.07939
Astacus_astacus,combined,20,platt,null,0.99643,0.19773,-0.00395
Astacus_astacus,combined,3,isotonic,contaminated,0.94046,0.49454,0.02531
Astacus_astacus,combined,3,isotonic,null,0.99636,0.01294,4e-05
Astacus_astacus,combined,10,isotonic,contaminated,0.77585,0.64575,0.06073
Astacus_astacus,combined,10,isotonic,null,0.99423,0.0637,-0.0027
Astacus_astacus,combined,20,isotonic,contaminated,0.65527,0.68487,0.09268
Astacus_astacus,combined,20,isotonic,null,0.9908,0.10492,-0.0038
Astacus_astacus,local_only,3,uncalibrated,contaminated,0.9748,0.50738,0.01546
Astacus_astacus,local_only,3,uncalibrated,null,0.99794,0.07003,-0.00058
Astacus_astacus,local_only,10,uncalibrated,contaminated,0.83807,0.5932,0.04186
Astacus_astacus,local_only,10,uncalibrated,null,0.99664,0.1174,-0.0022
Astacus_astacus,local_only,20,uncalibrated,contaminated,0.71707,0.63646,0.07238
Astacus_astacus,local_only,20,uncalibrated,null,0.99581,0.30827,-0.00358
Astacus_astacus,local_only,3,platt,contaminated,0.96862,0.49983,0.01953
Astacus_astacus,local_only,3,platt,null,0.99842,0.11569,-0.00057
Astacus_astacus,local_only,10,platt,contaminated,0.81843,0.59458,0.04852
Astacus_astacus,local_only,10,platt,null,0.99835,0.12873,-0.00229
Astacus_astacus,local_only,20,platt,contaminated,0.68638,0.63955,0.07713
Astacus_astacus,local_only,20,platt,null,0.99643,0.22691,-0.00373
Astacus_astacus,local_only,3,isotonic,contaminated,0.95955,0.57787,0.0219
Astacus_astacus,local_only,3,isotonic,null,0.99684,0.11479,-0.00054
Astacus_astacus,local_only,10,isotonic,contaminated,0.81678,0.62893,0.05369
Astacus_astacus,local_only,10,isotonic,null,0.9954,0.12438,-0.00234
Astacus_astacus,local_only,20,isotonic,contaminated,0.69757,0.65707,0.08264
Astacus_astacus,local_only,20,isotonic,null,0.99361,0.17212,-0.00381
Astacus_astacus,upstream_only,3,uncalibrated,contaminated,0.99629,0.4737,0.00867
Astacus_astacus,upstream_only,3,uncalibrated,null,0.99815,0.11304,-0.0002
Astacus_astacus,upstream_only,10,uncalibrated,contaminated,0.54738,0.56124,0.02521
Astacus_astacus,upstream_only,10,uncalibrated,null,0.99787,0.01756,-0.00138
Astacus_astacus,upstream_only,20,uncalibrated,contaminated,0.49526,0.62605,0.0449
Astacus_astacus,upstream_only,20,uncalibrated,null,0.99341,0.02746,-0.00276
Astacus_astacus,upstream_only,3,platt,contaminated,0.99712,0.4331,0.00809
Astacus_astacus,upstream_only,3,platt,null,0.99876,0.09606,-0.00032
Astacus_astacus,upstream_only,10,platt,contaminated,0.54038,0.56109,0.02265
Astacus_astacus,upstream_only,10,platt,null,0.99863,-0.02561,-0.00155
Astacus_astacus,upstream_only,20,platt,contaminated,0.48194,0.63533,0.03883
Astacus_astacus,upstream_only,20,platt,null,0.99574,0.02893,-0.00295
Astacus_astacus,upstream_only,3,isotonic,contaminated,0.99348,0.37224,0.00553
Astacus_astacus,upstream_only,3,isotonic,null,0.99643,0.11797,-0.00113
Astacus_astacus,upstream_only,10,isotonic,contaminated,0.96257,0.48239,0.04697
Astacus_astacus,upstream_only,10,isotonic,null,0.99451,0.01227,-0.00286
Astacus_astacus,upstream_only,20,isotonic,contaminated,0.92151,0.56063,0.06243
Astacus_astacus,upstream_only,20,isotonic,null,0.99045,0.02257,-0.00459
Austropotamobius_fulcisianus_pooled,combined,3,uncalibrated,contaminated,0.99748,0.17441,0.00313
Austropotamobius_fulcisianus_pooled,combined,3,uncalibrated,null,0.99763,0.10468,-0.00063
Austropotamobius_fulcisianus_pooled,combined,10,uncalibrated,contaminated,0.98872,0.42982,0.01746
Austropotamobius_fulcisianus_pooled,combined,10,uncalibrated,null,0.99732,0.18826,-0.00032
Austropotamobius_fulcisianus_pooled,combined,20,uncalibrated,contaminated,0.97177,0.46334,0.02295
Austropotamobius_fulcisianus_pooled,combined,20,uncalibrated,null,0.99282,0.20328,-0.00459
Austropotamobius_fulcisianus_pooled,combined,3,platt,contaminated,0.99629,0.38805,0.00301
Austropotamobius_fulcisianus_pooled,combined,3,platt,null,0.99827,0.10074,-0.00045
Austropotamobius_fulcisianus_pooled,combined,10,platt,contaminated,0.98352,0.44559,0.0161
Austropotamobius_fulcisianus_pooled,combined,10,platt,null,0.9985,0.31203,0.0
Austropotamobius_fulcisianus_pooled,combined,20,platt,contaminated,0.96846,0.47162,0.02144
Austropotamobius_fulcisianus_pooled,combined,20,platt,null,0.99535,0.24743,-0.00367
Austropotamobius_fulcisianus_pooled,combined,3,isotonic,contaminated,0.99472,-0.01213,0.00309
Austropotamobius_fulcisianus_pooled,combined,3,isotonic,null,0.99598,-0.14838,-0.00037
Austropotamobius_fulcisianus_pooled,combined,10,isotonic,contaminated,0.98005,0.35264,0.01533
Austropotamobius_fulcisianus_pooled,combined,10,isotonic,null,0.99519,-0.01166,3e-05
Austropotamobius_fulcisianus_pooled,combined,20,isotonic,contaminated,0.96341,0.35539,0.02098
Austropotamobius_fulcisianus_pooled,combined,20,isotonic,null,0.99006,0.03962,-0.00383
Austropotamobius_fulcisianus_pooled,local_only,3,uncalibrated,contaminated,0.99558,0.30999,0.00862
Austropotamobius_fulcisianus_pooled,local_only,3,uncalibrated,null,0.9974,0.30295,-0.00046
Austropotamobius_fulcisianus_pooled,local_only,10,uncalibrated,contaminated,0.98786,0.45347,0.02092
Austropotamobius_fulcisianus_pooled,local_only,10,uncalibrated,null,0.9974,0.37667,0.00018
Austropotamobius_fulcisianus_pooled,local_only,20,uncalibrated,contaminated,0.97059,0.54417,0.02729
Austropotamobius_fulcisianus_pooled,local_only,20,uncalibrated,null,0.99535,0.31994,-0.00256
Austropotamobius_fulcisianus_pooled,local_only,3,platt,contaminated,0.9959,0.36282,0.00731
Austropotamobius_fulcisianus_pooled,local_only,3,platt,null,0.99882,0.50201,-0.0005
Austropotamobius_fulcisianus_pooled,local_only,10,platt,contaminated,0.98754,0.42548,0.01577
Austropotamobius_fulcisianus_pooled,local_only,10,platt,null,0.99842,0.53749,7e-05
Austropotamobius_fulcisianus_pooled,local_only,20,platt,contaminated,0.97524,0.50119,0.02073
Austropotamobius_fulcisianus_pooled,local_only,20,platt,null,0.99614,0.48668,-0.00241
Austropotamobius_fulcisianus_pooled,local_only,3,isotonic,contaminated,0.99464,-0.12795,0.00714
Austropotamobius_fulcisianus_pooled,local_only,3,isotonic,null,0.99756,-0.15699,-0.00046
Austropotamobius_fulcisianus_pooled,local_only,10,isotonic,contaminated,0.97879,0.20644,0.01838
Austropotamobius_fulcisianus_pooled,local_only,10,isotonic,null,0.99716,-0.09448,0.00026
Austropotamobius_fulcisianus_pooled,local_only,20,isotonic,contaminated,0.96546,0.31595,0.02415
Austropotamobius_fulcisianus_pooled,local_only,20,isotonic,null,0.99551,-0.03666,-0.00187
Austropotamobius_fulcisianus_pooled,upstream_only,3,uncalibrated,contaminated,0.99716,-0.30656,-0.0009
Austropotamobius_fulcisianus_pooled,upstream_only,3,uncalibrated,null,0.99827,-0.22881,-0.00127
Austropotamobius_fulcisianus_pooled,upstream_only,10,uncalibrated,contaminated,0.98462,0.2483,0.00335
Austropotamobius_fulcisianus_pooled,upstream_only,10,uncalibrated,null,0.9933,-0.23147,-0.00378
Austropotamobius_fulcisianus_pooled,upstream_only,20,uncalibrated,contaminated,0.97579,0.26204,0.00529
Austropotamobius_fulcisianus_pooled,upstream_only,20,uncalibrated,null,0.98912,0.14226,-0.00407
Austropotamobius_fulcisianus_pooled,upstream_only,3,platt,contaminated,0.99756,-0.18613,-0.0
Austropotamobius_fulcisianus_pooled,upstream_only,3,platt,null,0.99874,-0.02287,-0.00086
Austropotamobius_fulcisianus_pooled,upstream_only,10,platt,contaminated,0.98715,0.15053,0.00355
Austropotamobius_fulcisianus_pooled,upstream_only,10,platt,null,0.99551,-0.15232,-0.00232
Austropotamobius_fulcisianus_pooled,upstream_only,20,platt,contaminated,0.97816,0.12146,0.00519
Austropotamobius_fulcisianus_pooled,upstream_only,20,platt,null,0.99196,0.06573,-0.00357
Austropotamobius_fulcisianus_pooled,upstream_only,3,isotonic,contaminated,0.99669,-0.22224,-0.00053
Austropotamobius_fulcisianus_pooled,upstream_only,3,isotonic,null,0.99637,-0.19267,-0.00123
Austropotamobius_fulcisianus_pooled,upstream_only,10,isotonic,contaminated,0.98289,-0.11043,0.00412
Austropotamobius_fulcisianus_pooled,upstream_only,10,isotonic,null,0.99211,-0.18318,-0.00301
Austropotamobius_fulcisianus_pooled,upstream_only,20,isotonic,contaminated,0.97626,-0.1276,0.00572
Austropotamobius_fulcisianus_pooled,upstream_only,20,isotonic,null,0.98738,-0.07841,-0.00462
Austropotamobius_torrentium_pooled,combined,3,uncalibrated,contaminated,0.98408,0.37011,0.01071
Austropotamobius_torrentium_pooled,combined,3,uncalibrated,null,0.99823,0.07158,-0.00109
Austropotamobius_torrentium_pooled,combined,10,uncalibrated,contaminated,0.92621,0.32968,0.03166
Austropotamobius_torrentium_pooled,combined,10,uncalibrated,null,0.99714,0.10274,-0.00162
Austropotamobius_torrentium_pooled,combined,20,uncalibrated,contaminated,0.85184,0.34779,0.05348
Austropotamobius_torrentium_pooled,combined,20,uncalibrated,null,0.99377,-0.04126,-0.00439
Austropotamobius_torrentium_pooled,combined,3,platt,contaminated,0.98155,0.34316,0.01242
Austropotamobius_torrentium_pooled,combined,3,platt,null,0.99823,0.08421,-0.00075
Austropotamobius_torrentium_pooled,combined,10,platt,contaminated,0.90355,0.29642,0.03235
Austropotamobius_torrentium_pooled,combined,10,platt,null,0.99773,0.08842,-0.00224
Austropotamobius_torrentium_pooled,combined,20,platt,contaminated,0.81612,0.31368,0.05034
Austropotamobius_torrentium_pooled,combined,20,platt,null,0.99478,-0.03789,-0.00601
Austropotamobius_torrentium_pooled,combined,3,isotonic,contaminated,0.95342,0.26677,0.01482
Austropotamobius_torrentium_pooled,combined,3,isotonic,null,0.99528,-0.04104,-0.00123
Austropotamobius_torrentium_pooled,combined,10,isotonic,contaminated,0.8894,0.18392,0.03388
Austropotamobius_torrentium_pooled,combined,10,isotonic,null,0.99335,-0.04854,-0.00335
Austropotamobius_torrentium_pooled,combined,20,isotonic,contaminated,0.81393,0.27125,0.05377
Austropotamobius_torrentium_pooled,combined,20,isotonic,null,0.98854,-0.00033,-0.00527
Austropotamobius_torrentium_pooled,local_only,3,uncalibrated,contaminated,0.984,0.45768,0.01263
Austropotamobius_torrentium_pooled,local_only,3,uncalibrated,null,0.99773,0.09895,-0.00016
Austropotamobius_torrentium_pooled,local_only,10,uncalibrated,contaminated,0.92268,0.41221,0.03362
Austropotamobius_torrentium_pooled,local_only,10,uncalibrated,null,0.99545,0.09137,-0.00245
Austropotamobius_torrentium_pooled,local_only,20,uncalibrated,contaminated,0.85049,0.46863,0.05582
Austropotamobius_torrentium_pooled,local_only,20,uncalibrated,null,0.99335,-0.024,-0.00489
Austropotamobius_torrentium_pooled,local_only,3,platt,contaminated,0.98433,0.40758,0.0137
Austropotamobius_torrentium_pooled,local_only,3,platt,null,0.9984,0.16421,0.00013
Austropotamobius_torrentium_pooled,local_only,10,platt,contaminated,0.9065,0.34863,0.03364
Austropotamobius_torrentium_pooled,local_only,10,platt,null,0.99671,0.03579,-0.00291
Austropotamobius_torrentium_pooled,local_only,20,platt,contaminated,0.81461,0.40589,0.05214
Austropotamobius_torrentium_pooled,local_only,20,platt,null,0.99444,-0.02105,-0.00633
Austropotamobius_torrentium_pooled,local_only,3,isotonic,contaminated,0.95788,0.22113,0.01682
Austropotamobius_torrentium_pooled,local_only,3,isotonic,null,0.99596,-0.0074,0.00048
Austropotamobius_torrentium_pooled,local_only,10,isotonic,contaminated,0.88064,0.28214,0.03614
Austropotamobius_torrentium_pooled,local_only,10,isotonic,null,0.99503,-0.09906,-0.00254
Austropotamobius_torrentium_pooled,local_only,20,isotonic,contaminated,0.81376,0.37314,0.05571
Austropotamobius_torrentium_pooled,local_only,20,isotonic,null,0.99107,-0.02712,-0.006
Austropotamobius_torrentium_pooled,upstream_only,3,uncalibrated,contaminated,0.99444,0.28217,0.00684
Austropotamobius_torrentium_pooled,upstream_only,3,uncalibrated,null,0.99857,-0.20204,0.00052
Austropotamobius_torrentium_pooled,upstream_only,10,uncalibrated,contaminated,0.97583,0.27034,0.02013
Austropotamobius_torrentium_pooled,upstream_only,10,uncalibrated,null,0.99789,-0.05548,0.00031
Austropotamobius_torrentium_pooled,upstream_only,20,uncalibrated,contaminated,0.52005,0.27245,0.03635
Austropotamobius_torrentium_pooled,upstream_only,20,uncalibrated,null,0.99655,-0.05389,-0.00065
Austropotamobius_torrentium_pooled,upstream_only,3,platt,contaminated,0.99309,0.14396,0.00545
Austropotamobius_torrentium_pooled,upstream_only,3,platt,null,0.99899,0.04705,0.00049
Austropotamobius_torrentium_pooled,upstream_only,10,platt,contaminated,0.97086,0.15582,0.01434
Austropotamobius_torrentium_pooled,upstream_only,10,platt,null,0.99781,-0.21192,-0.00129
Austropotamobius_torrentium_pooled,upstream_only,20,platt,contaminated,0.51735,0.16497,0.023
Austropotamobius_torrentium_pooled,upstream_only,20,platt,null,0.99655,-0.13847,-0.00197
Austropotamobius_torrentium_pooled,upstream_only,3,isotonic,contaminated,0.99343,0.09498,0.00501
Austropotamobius_torrentium_pooled,upstream_only,3,isotonic,null,0.99806,-0.02314,-0.00037
Austropotamobius_torrentium_pooled,upstream_only,10,isotonic,contaminated,0.98138,0.06695,0.01146
Austropotamobius_torrentium_pooled,upstream_only,10,isotonic,null,0.99764,-0.09172,-0.0036
Austropotamobius_torrentium_pooled,upstream_only,20,isotonic,contaminated,0.96496,0.09916,0.0408
Austropotamobius_torrentium_pooled,upstream_only,20,isotonic,null,0.99604,-0.09264,-0.00514
Faxonius_limosus_alien,combined,3,uncalibrated,contaminated,0.97432,0.51957,0.01038
Faxonius_limosus_alien,combined,3,uncalibrated,null,0.99496,0.0895,-0.00092
Faxonius_limosus_alien,combined,10,uncalibrated,contaminated,0.90904,0.58439,0.02379
Faxonius_limosus_alien,combined,10,uncalibrated,null,0.99247,0.00573,-0.00348
Faxonius_limosus_alien,combined,20,uncalibrated,contaminated,0.83463,0.66417,0.0361
Faxonius_limosus_alien,combined,20,uncalibrated,null,0.98728,-0.04213,-0.00929
Faxonius_limosus_alien,combined,3,platt,contaminated,0.97611,0.51808,0.01191
Faxonius_limosus_alien,combined,3,platt,null,0.99691,0.12316,-0.00078
Faxonius_limosus_alien,combined,10,platt,contaminated,0.91986,0.59013,0.02364
Faxonius_limosus_alien,combined,10,platt,null,0.99531,0.07405,-0.00339
Faxonius_limosus_alien,combined,20,platt,contaminated,0.85134,0.69409,0.03434
Faxonius_limosus_alien,combined,20,platt,null,0.99162,0.0005,-0.00884
Faxonius_limosus_alien,combined,3,isotonic,contaminated,0.96943,0.26239,0.00929
Faxonius_limosus_alien,combined,3,isotonic,null,0.99506,-0.13988,-0.00075
Faxonius_limosus_alien,combined,10,isotonic,contaminated,0.91278,0.40223,0.01911
Faxonius_limosus_alien,combined,10,isotonic,null,0.99237,-0.12034,-0.00317
Faxonius_limosus_alien,combined,20,isotonic,contaminated,0.85208,0.60699,0.02838
Faxonius_limosus_alien,combined,20,isotonic,null,0.98644,-0.07962,-0.00776
Faxonius_limosus_alien,local_only,3,uncalibrated,contaminated,0.97407,0.36001,0.00876
Faxonius_limosus_alien,local_only,3,uncalibrated,null,0.99217,-0.00798,-0.00175
Faxonius_limosus_alien,local_only,10,uncalibrated,contaminated,0.90754,0.47818,0.02064
Faxonius_limosus_alien,local_only,10,uncalibrated,null,0.98943,-0.02069,-0.00464
Faxonius_limosus_alien,local_only,20,uncalibrated,contaminated,0.84206,0.57741,0.03151
Faxonius_limosus_alien,local_only,20,uncalibrated,null,0.9799,-0.07006,-0.01033
Faxonius_limosus_alien,local_only,3,platt,contaminated,0.96993,0.38594,0.0095
Faxonius_limosus_alien,local_only,3,platt,null,0.99317,-0.04936,-0.00195
Faxonius_limosus_alien,local_only,10,platt,contaminated,0.90639,0.52132,0.02075
Faxonius_limosus_alien,local_only,10,platt,null,0.99057,0.00424,-0.00458
Faxonius_limosus_alien,local_only,20,platt,contaminated,0.83333,0.6016,0.03102
Faxonius_limosus_alien,local_only,20,platt,null,0.97811,-0.04014,-0.01026
Faxonius_limosus_alien,local_only,3,isotonic,contaminated,0.97132,0.16309,0.00729
Faxonius_limosus_alien,local_only,3,isotonic,null,0.99117,-0.19316,-0.00194
Faxonius_limosus_alien,local_only,10,isotonic,contaminated,0.91003,0.38127,0.01759
Faxonius_limosus_alien,local_only,10,isotonic,null,0.98873,-0.10587,-0.004
Faxonius_limosus_alien,local_only,20,isotonic,contaminated,0.84864,0.52016,0.02733
Faxonius_limosus_alien,local_only,20,isotonic,null,0.97781,-0.05946,-0.0086
Faxonius_limosus_alien,upstream_only,3,uncalibrated,contaminated,0.98255,0.01959,0.00444
Faxonius_limosus_alien,upstream_only,3,uncalibrated,null,0.98973,-0.04038,-0.00106
Faxonius_limosus_alien,upstream_only,10,uncalibrated,contaminated,0.54583,0.10031,0.01191
Faxonius_limosus_alien,upstream_only,10,uncalibrated,null,0.98868,-0.01754,-0.00308
Faxonius_limosus_alien,upstream_only,20,uncalibrated,contaminated,0.51396,0.13789,0.02024
Faxonius_limosus_alien,upstream_only,20,uncalibrated,null,0.97955,0.023,-0.00696
Faxonius_limosus_alien,upstream_only,3,platt,contaminated,0.98274,0.03483,0.00321
Faxonius_limosus_alien,upstream_only,3,platt,null,0.99332,-0.02866,-0.00159
Faxonius_limosus_alien,upstream_only,10,platt,contaminated,0.96913,0.1086,0.00899
Faxonius_limosus_alien,upstream_only,10,platt,null,0.99132,-0.0072,-0.00341
Faxonius_limosus_alien,upstream_only,20,platt,contaminated,0.51676,0.19233,0.01586
Faxonius_limosus_alien,upstream_only,20,platt,null,0.98145,0.02407,-0.00702
Faxonius_limosus_alien,upstream_only,3,isotonic,contaminated,0.98025,-0.05341,0.00113
Faxonius_limosus_alien,upstream_only,3,isotonic,null,0.98868,-0.08452,-0.00107
Faxonius_limosus_alien,upstream_only,10,isotonic,contaminated,0.96778,0.0266,0.01414
Faxonius_limosus_alien,upstream_only,10,isotonic,null,0.98668,-0.0526,-0.00238
Faxonius_limosus_alien,upstream_only,20,isotonic,contaminated,0.51775,0.12678,0.0473
Faxonius_limosus_alien,upstream_only,20,isotonic,null,0.97925,-0.0528,-0.00513
Pacifastacus_leniusculus_alien,combined,3,uncalibrated,contaminated,0.96967,0.35073,0.01052
Pacifastacus_leniusculus_alien,combined,3,uncalibrated,null,0.9965,-0.01482,-0.0006
Pacifastacus_leniusculus_alien,combined,10,uncalibrated,contaminated,0.9043,0.42897,0.0289
Pacifastacus_leniusculus_alien,combined,10,uncalibrated,null,0.99613,-0.0287,-0.00243
Pacifastacus_leniusculus_alien,combined,20,uncalibrated,contaminated,0.85879,0.48398,0.04582
Pacifastacus_leniusculus_alien,combined,20,uncalibrated,null,0.99474,0.2008,-0.00372
Pacifastacus_leniusculus_alien,combined,3,platt,contaminated,0.97717,0.35915,0.00982
Pacifastacus_leniusculus_alien,combined,3,platt,null,0.99672,-0.14272,-0.00078
Pacifastacus_leniusculus_alien,combined,10,platt,contaminated,0.92243,0.42897,0.02629
Pacifastacus_leniusculus_alien,combined,10,platt,null,0.99578,-0.1004,-0.00239
Pacifastacus_leniusculus_alien,combined,20,platt,contaminated,0.87794,0.46796,0.04118
Pacifastacus_leniusculus_alien,combined,20,platt,null,0.99445,0.18892,-0.00391
Pacifastacus_leniusculus_alien,combined,3,isotonic,contaminated,0.96841,-0.14134,0.00876
Pacifastacus_leniusculus_alien,combined,3,isotonic,null,0.99386,-0.25549,-0.0012
Pacifastacus_leniusculus_alien,combined,10,isotonic,contaminated,0.91273,0.05424,0.02604
Pacifastacus_leniusculus_alien,combined,10,isotonic,null,0.99236,-0.19085,-0.0026
Pacifastacus_leniusculus_alien,combined,20,isotonic,contaminated,0.86985,0.27987,0.04482
Pacifastacus_leniusculus_alien,combined,20,isotonic,null,0.99052,-0.1422,-0.00414
Pacifastacus_leniusculus_alien,local_only,3,uncalibrated,contaminated,0.97375,0.4741,0.0105
Pacifastacus_leniusculus_alien,local_only,3,uncalibrated,null,0.99832,0.12857,-0.0005
Pacifastacus_leniusculus_alien,local_only,10,uncalibrated,contaminated,0.90854,0.52243,0.02854
Pacifastacus_leniusculus_alien,local_only,10,uncalibrated,null,0.99677,0.03872,-0.00243
Pacifastacus_leniusculus_alien,local_only,20,uncalibrated,contaminated,0.86381,0.55154,0.04419
Pacifastacus_leniusculus_alien,local_only,20,uncalibrated,null,0.99565,0.14112,-0.00373
Pacifastacus_leniusculus_alien,local_only,3,platt,contaminated,0.96817,0.48344,0.01243
Pacifastacus_leniusculus_alien,local_only,3,platt,null,0.99797,0.2757,-0.00048
Pacifastacus_leniusculus_alien,local_only,10,platt,contaminated,0.90873,0.51656,0.03141
Pacifastacus_leniusculus_alien,local_only,10,platt,null,0.99623,0.18344,-0.0025
Pacifastacus_leniusculus_alien,local_only,20,platt,contaminated,0.85957,0.54619,0.04703
Pacifastacus_leniusculus_alien,local_only,20,platt,null,0.99495,0.11295,-0.00412
Pacifastacus_leniusculus_alien,local_only,3,isotonic,contaminated,0.9694,-0.28603,0.0072
Pacifastacus_leniusculus_alien,local_only,3,isotonic,null,0.98702,-0.3223,-0.00081
Pacifastacus_leniusculus_alien,local_only,10,isotonic,contaminated,0.92235,-0.09969,0.02231
Pacifastacus_leniusculus_alien,local_only,10,isotonic,null,0.98563,-0.28065,-0.00223
Pacifastacus_leniusculus_alien,local_only,20,isotonic,contaminated,0.86555,0.08082,0.03813
Pacifastacus_leniusculus_alien,local_only,20,isotonic,null,0.98406,-0.23632,-0.00381
Pacifastacus_leniusculus_alien,upstream_only,3,uncalibrated,contaminated,0.99426,0.11397,0.00558
Pacifastacus_leniusculus_alien,upstream_only,3,uncalibrated,null,0.99813,0.233,-0.0002
Pacifastacus_leniusculus_alien,upstream_only,10,uncalibrated,contaminated,0.62792,0.10517,0.01722
Pacifastacus_leniusculus_alien,upstream_only,10,uncalibrated,null,0.99746,0.36456,-0.00015
Pacifastacus_leniusculus_alien,upstream_only,20,uncalibrated,contaminated,0.61187,0.12207,0.02844
Pacifastacus_leniusculus_alien,upstream_only,20,uncalibrated,null,0.99605,0.24325,-0.00173
Pacifastacus_leniusculus_alien,upstream_only,3,platt,contaminated,0.99455,0.13251,0.00488
Pacifastacus_leniusculus_alien,upstream_only,3,platt,null,0.99733,0.25983,-0.00028
Pacifastacus_leniusculus_alien,upstream_only,10,platt,contaminated,0.97784,0.10046,0.01528
Pacifastacus_leniusculus_alien,upstream_only,10,platt,null,0.99682,0.38276,-0.00052
Pacifastacus_leniusculus_alien,upstream_only,20,platt,contaminated,0.61107,0.11197,0.02496
Pacifastacus_leniusculus_alien,upstream_only,20,platt,null,0.99541,0.21825,-0.00231
Pacifastacus_leniusculus_alien,upstream_only,3,isotonic,contaminated,0.99383,-0.16184,0.00093
Pacifastacus_leniusculus_alien,upstream_only,3,isotonic,null,0.99674,-0.14314,-0.00047
Pacifastacus_leniusculus_alien,upstream_only,10,isotonic,contaminated,0.98192,-0.0695,0.0153
Pacifastacus_leniusculus_alien,upstream_only,10,isotonic,null,0.99549,-0.13327,-0.00087
Pacifastacus_leniusculus_alien,upstream_only,20,isotonic,contaminated,0.96675,0.06897,0.01882
Pacifastacus_leniusculus_alien,upstream_only,20,isotonic,null,0.99474,-0.1027,-0.00163
Pontastacus_leptodactylus_pooled,combined,3,uncalibrated,contaminated,0.98823,0.09087,0.00286
Pontastacus_leptodactylus_pooled,combined,3,uncalibrated,null,0.99063,0.03029,-0.00118
Pontastacus_leptodactylus_pooled,combined,10,uncalibrated,contaminated,0.96309,0.12552,0.01098
Pontastacus_leptodactylus_pooled,combined,10,uncalibrated,null,0.98435,0.01373,-0.00502
Pontastacus_leptodactylus_pooled,combined,20,uncalibrated,contaminated,0.91732,0.25801,0.02062
Pontastacus_leptodactylus_pooled,combined,20,uncalibrated,null,0.97742,0.14208,-0.00981
Pontastacus_leptodactylus_pooled,combined,3,platt,contaminated,0.99011,0.05796,0.00269
Pontastacus_leptodactylus_pooled,combined,3,platt,null,0.99176,0.04162,-0.00117
Pontastacus_leptodactylus_pooled,combined,10,platt,contaminated,0.96051,0.11724,0.01084
Pontastacus_leptodactylus_pooled,combined,10,platt,null,0.9861,0.02637,-0.00509
Pontastacus_leptodactylus_pooled,combined,20,platt,contaminated,0.91436,0.25387,0.01965
Pontastacus_leptodactylus_pooled,combined,20,platt,null,0.97821,0.13467,-0.00999
Pontastacus_leptodactylus_pooled,combined,3,isotonic,contaminated,0.9861,-0.08343,0.00212
Pontastacus_leptodactylus_pooled,combined,3,isotonic,null,0.98897,-0.07883,-0.00089
Pontastacus_leptodactylus_pooled,combined,10,isotonic,contaminated,0.96483,0.04842,0.0082
Pontastacus_leptodactylus_pooled,combined,10,isotonic,null,0.9847,-0.03792,-0.00405
Pontastacus_leptodactylus_pooled,combined,20,isotonic,contaminated,0.9297,0.17169,0.01555
Pontastacus_leptodactylus_pooled,combined,20,isotonic,null,0.97795,0.04793,-0.0083
Pontastacus_leptodactylus_pooled,local_only,3,uncalibrated,contaminated,0.9891,0.08716,0.00194
Pontastacus_leptodactylus_pooled,local_only,3,uncalibrated,null,0.99128,0.01656,-0.00177
Pontastacus_leptodactylus_pooled,local_only,10,uncalibrated,contaminated,0.9613,0.2835,0.0114
Pontastacus_leptodactylus_pooled,local_only,10,uncalibrated,null,0.98727,0.00893,-0.00508
Pontastacus_leptodactylus_pooled,local_only,20,uncalibrated,contaminated,0.92338,0.33755,0.02123
Pontastacus_leptodactylus_pooled,local_only,20,uncalibrated,null,0.98048,0.07453,-0.01117
Pontastacus_leptodactylus_pooled,local_only,3,platt,contaminated,0.9922,0.09218,0.00197
Pontastacus_leptodactylus_pooled,local_only,3,platt,null,0.99168,0.04228,-0.00147
Pontastacus_leptodactylus_pooled,local_only,10,platt,contaminated,0.96343,0.29375,0.01165
Pontastacus_leptodactylus_pooled,local_only,10,platt,null,0.98627,0.03051,-0.00466
Pontastacus_leptodactylus_pooled,local_only,20,platt,contaminated,0.9175,0.34452,0.02038
Pontastacus_leptodactylus_pooled,local_only,20,platt,null,0.98021,0.07562,-0.0111
Pontastacus_leptodactylus_pooled,local_only,3,isotonic,contaminated,0.98924,-0.0086,0.00182
Pontastacus_leptodactylus_pooled,local_only,3,isotonic,null,0.99141,-0.00359,-0.00144
Pontastacus_leptodactylus_pooled,local_only,10,isotonic,contaminated,0.96609,0.21225,0.0094
Pontastacus_leptodactylus_pooled,local_only,10,isotonic,null,0.98579,0.00084,-0.00417
Pontastacus_leptodactylus_pooled,local_only,20,isotonic,contaminated,0.92744,0.29024,0.01706
Pontastacus_leptodactylus_pooled,local_only,20,isotonic,null,0.98004,0.03147,-0.00976
Pontastacus_leptodactylus_pooled,upstream_only,3,uncalibrated,contaminated,0.9949,0.14076,0.00128
Pontastacus_leptodactylus_pooled,upstream_only,3,uncalibrated,null,0.99664,0.10784,-0.00079
Pontastacus_leptodactylus_pooled,upstream_only,10,uncalibrated,contaminated,0.9844,0.02829,0.00639
Pontastacus_leptodactylus_pooled,upstream_only,10,uncalibrated,null,0.99263,0.07565,-0.00346
Pontastacus_leptodactylus_pooled,upstream_only,20,uncalibrated,contaminated,0.57978,0.25951,0.01118
Pontastacus_leptodactylus_pooled,upstream_only,20,uncalibrated,null,0.99107,0.28172,-0.00389
Pontastacus_leptodactylus_pooled,upstream_only,3,platt,contaminated,0.99412,0.12238,0.00114
Pontastacus_leptodactylus_pooled,upstream_only,3,platt,null,0.9976,0.0838,-0.00061
Pontastacus_leptodactylus_pooled,upstream_only,10,platt,contaminated,0.98204,0.01102,0.00574
Pontastacus_leptodactylus_pooled,upstream_only,10,platt,null,0.99202,0.03782,-0.00342
Pontastacus_leptodactylus_pooled,upstream_only,20,platt,contaminated,0.57612,0.22555,0.01008
Pontastacus_leptodactylus_pooled,upstream_only,20,platt,null,0.98976,0.21081,-0.00433
Pontastacus_leptodactylus_pooled,upstream_only,3,isotonic,contaminated,0.99451,-0.11586,0.00028
Pontastacus_leptodactylus_pooled,upstream_only,3,isotonic,null,0.99669,-0.19513,-0.00032
Pontastacus_leptodactylus_pooled,upstream_only,10,isotonic,contaminated,0.98501,-0.15975,0.01759
Pontastacus_leptodactylus_pooled,upstream_only,10,isotonic,null,0.99263,-0.1644,-0.00156
Pontastacus_leptodactylus_pooled,upstream_only,20,isotonic,contaminated,0.97337,0.02087,0.02741
Pontastacus_leptodactylus_pooled,upstream_only,20,isotonic,null,0.99085,-0.02937,-0.00317
Procambarus_clarkii_alien,combined,3,uncalibrated,contaminated,0.99378,0.25533,0.00312
Procambarus_clarkii_alien,combined,3,uncalibrated,null,0.9966,0.16428,-0.00036
Procambarus_clarkii_alien,combined,10,uncalibrated,contaminated,0.98191,0.26,0.00848
Procambarus_clarkii_alien,combined,10,uncalibrated,null,0.99571,0.05594,-0.00236
Procambarus_clarkii_alien,combined,20,uncalibrated,contaminated,0.96126,0.35136,0.0163
Procambarus_clarkii_alien,combined,20,uncalibrated,null,0.99436,0.14398,-0.0042
Procambarus_clarkii_alien,combined,3,platt,contaminated,0.99451,0.28423,0.00318
Procambarus_clarkii_alien,combined,3,platt,null,0.99702,0.17557,-0.00037
Procambarus_clarkii_alien,combined,10,platt,contaminated,0.9826,0.25979,0.00864
Procambarus_clarkii_alien,combined,10,platt,null,0.99629,0.04982,-0.00234
Procambarus_clarkii_alien,combined,20,platt,contaminated,0.96376,0.35105,0.01646
Procambarus_clarkii_alien,combined,20,platt,null,0.99407,0.15424,-0.00431
Procambarus_clarkii_alien,combined,3,isotonic,contaminated,0.99407,0.03406,0.00314
Procambarus_clarkii_alien,combined,3,isotonic,null,0.99635,-0.02892,-0.00046
Procambarus_clarkii_alien,combined,10,isotonic,contaminated,0.98316,0.0981,0.00849
Procambarus_clarkii_alien,combined,10,isotonic,null,0.99515,-0.00974,-0.00229
Procambarus_clarkii_alien,combined,20,isotonic,contaminated,0.96497,0.27345,0.01631
Procambarus_clarkii_alien,combined,20,isotonic,null,0.9932,0.00282,-0.00431
Procambarus_clarkii_alien,local_only,3,uncalibrated,contaminated,0.99246,0.18169,0.00294
Procambarus_clarkii_alien,local_only,3,uncalibrated,null,0.99573,0.05531,-0.00074
Procambarus_clarkii_alien,local_only,10,uncalibrated,contaminated,0.9775,0.16149,0.00756
Procambarus_clarkii_alien,local_only,10,uncalibrated,null,0.99445,0.15734,-0.00235
Procambarus_clarkii_alien,local_only,20,uncalibrated,contaminated,0.95094,0.12637,0.01323
Procambarus_clarkii_alien,local_only,20,uncalibrated,null,0.9925,0.1214,-0.00424
Procambarus_clarkii_alien,local_only,3,platt,contaminated,0.99302,0.23648,0.00304
Procambarus_clarkii_alien,local_only,3,platt,null,0.9961,0.09996,-0.0007
Procambarus_clarkii_alien,local_only,10,platt,contaminated,0.97593,0.16439,0.00772
Procambarus_clarkii_alien,local_only,10,platt,null,0.99439,0.21929,-0.00229
Procambarus_clarkii_alien,local_only,20,platt,contaminated,0.9509,0.12554,0.01341
Procambarus_clarkii_alien,local_only,20,platt,null,0.99175,0.15403,-0.00425
Procambarus_clarkii_alien,local_only,3,isotonic,contaminated,0.99045,0.04877,0.00321
Procambarus_clarkii_alien,local_only,3,isotonic,null,0.99424,-0.04309,-0.00053
Procambarus_clarkii_alien,local_only,10,isotonic,contaminated,0.97508,0.01927,0.00812
Procambarus_clarkii_alien,local_only,10,isotonic,null,0.99287,0.02862,-0.00238
Procambarus_clarkii_alien,local_only,20,isotonic,contaminated,0.94883,0.07598,0.01449
Procambarus_clarkii_alien,local_only,20,isotonic,null,0.98956,-0.00187,-0.00431
Procambarus_clarkii_alien,upstream_only,3,uncalibrated,contaminated,0.99644,0.24142,0.00199
Procambarus_clarkii_alien,upstream_only,3,uncalibrated,null,0.99851,-0.03343,-0.00027
Procambarus_clarkii_alien,upstream_only,10,uncalibrated,contaminated,0.99215,0.33521,0.00493
Procambarus_clarkii_alien,upstream_only,10,uncalibrated,null,0.99772,0.01544,-0.00137
Procambarus_clarkii_alien,upstream_only,20,uncalibrated,contaminated,0.98448,0.41775,0.00966
Procambarus_clarkii_alien,upstream_only,20,uncalibrated,null,0.99596,0.18751,-0.00274
Procambarus_clarkii_alien,upstream_only,3,platt,contaminated,0.99669,0.2861,0.00207
Procambarus_clarkii_alien,upstream_only,3,platt,null,0.99855,-0.01435,-0.00024
Procambarus_clarkii_alien,upstream_only,10,platt,contaminated,0.99236,0.35188,0.00504
Procambarus_clarkii_alien,upstream_only,10,platt,null,0.99778,-0.0035,-0.00143
Procambarus_clarkii_alien,upstream_only,20,platt,contaminated,0.98457,0.42388,0.00986
Procambarus_clarkii_alien,upstream_only,20,platt,null,0.99588,0.19355,-0.00275
Procambarus_clarkii_alien,upstream_only,3,isotonic,contaminated,0.99635,-0.00868,0.00164
Procambarus_clarkii_alien,upstream_only,3,isotonic,null,0.99834,-0.13651,-0.00025
Procambarus_clarkii_alien,upstream_only,10,isotonic,contaminated,0.9924,0.0793,0.00342
Procambarus_clarkii_alien,upstream_only,10,isotonic,null,0.99681,-0.09216,-0.00122
Procambarus_clarkii_alien,upstream_only,20,isotonic,contaminated,0.98436,0.25198,0.00655
Procambarus_clarkii_alien,upstream_only,20,isotonic,null,0.9954,0.02189,-0.00275
Procambarus_clarkii_native,combined,3,uncalibrated,contaminated,0.99876,0.09964,0.00221
Procambarus_clarkii_native,combined,3,uncalibrated,null,0.99891,0.18194,0.00031
Procambarus_clarkii_native,combined,10,uncalibrated,contaminated,0.99534,0.08256,0.00442
Procambarus_clarkii_native,combined,10,uncalibrated,null,0.99798,0.09084,-0.00092
Procambarus_clarkii_native,combined,20,uncalibrated,contaminated,0.99161,0.12629,0.0072
Procambarus_clarkii_native,combined,20,uncalibrated,null,0.9957,0.29037,-0.00408
Procambarus_clarkii_native,combined,3,platt,contaminated,0.99871,0.20316,0.0021
Procambarus_clarkii_native,combined,3,platt,null,0.99938,0.23602,0.00026
Procambarus_clarkii_native,combined,10,platt,contaminated,0.99581,0.14363,0.00403
Procambarus_clarkii_native,combined,10,platt,null,0.99772,0.07195,-0.00102
Procambarus_clarkii_native,combined,20,platt,contaminated,0.99042,0.16822,0.00636
Procambarus_clarkii_native,combined,20,platt,null,0.99291,0.27459,-0.00404
Procambarus_clarkii_native,combined,3,isotonic,contaminated,0.99808,-0.21847,0.00171
Procambarus_clarkii_native,combined,3,isotonic,null,0.99762,-0.18414,-6e-05
Procambarus_clarkii_native,combined,10,isotonic,contaminated,0.99415,-0.15507,0.00312
Procambarus_clarkii_native,combined,10,isotonic,null,0.99695,-0.14724,-0.00153
Procambarus_clarkii_native,combined,20,isotonic,contaminated,0.98944,-0.13606,0.00416
Procambarus_clarkii_native,combined,20,isotonic,null,0.99255,-0.0418,-0.00574
Procambarus_clarkii_native,local_only,3,uncalibrated,contaminated,0.9986,0.1457,0.00279
Procambarus_clarkii_native,local_only,3,uncalibrated,null,0.99896,0.11749,0.00067
Procambarus_clarkii_native,local_only,10,uncalibrated,contaminated,0.99524,0.18323,0.0055
Procambarus_clarkii_native,local_only,10,uncalibrated,null,0.99845,0.15347,-0.00106
Procambarus_clarkii_native,local_only,20,uncalibrated,contaminated,0.99105,0.23551,0.00856
Procambarus_clarkii_native,local_only,20,uncalibrated,null,0.99545,0.25466,-0.00434
Procambarus_clarkii_native,local_only,3,platt,contaminated,0.9985,0.19203,0.00281
Procambarus_clarkii_native,local_only,3,platt,null,0.99881,0.17987,0.00072
Procambarus_clarkii_native,local_only,10,platt,contaminated,0.99363,0.22179,0.00552
Procambarus_clarkii_native,local_only,10,platt,null,0.99767,0.12319,-0.00102
Procambarus_clarkii_native,local_only,20,platt,contaminated,0.9881,0.31366,0.00859
Procambarus_clarkii_native,local_only,20,platt,null,0.9926,0.26553,-0.00404
Procambarus_clarkii_native,local_only,3,isotonic,contaminated,0.99534,-0.23444,0.00209
Procambarus_clarkii_native,local_only,3,isotonic,null,0.9956,-0.21598,0.0005
Procambarus_clarkii_native,local_only,10,isotonic,contaminated,0.9896,-0.15648,0.00366
Procambarus_clarkii_native,local_only,10,isotonic,null,0.99198,-0.14224,-0.00121
Procambarus_clarkii_native,local_only,20,isotonic,contaminated,0.98354,-0.16488,0.00507
Procambarus_clarkii_native,local_only,20,isotonic,null,0.98659,-0.11424,-0.00448
Procambarus_clarkii_native,upstream_only,3,uncalibrated,contaminated,0.99896,0.23924,0.00072
Procambarus_clarkii_native,upstream_only,3,uncalibrated,null,0.99896,0.18005,-0.00049
Procambarus_clarkii_native,upstream_only,10,uncalibrated,contaminated,0.99612,0.28531,0.00131
Procambarus_clarkii_native,upstream_only,10,uncalibrated,null,0.99731,0.40663,-0.00055
Procambarus_clarkii_native,upstream_only,20,uncalibrated,contaminated,0.99488,0.23758,0.00285
Procambarus_clarkii_native,upstream_only,20,uncalibrated,null,0.99736,0.46952,-0.00199
Procambarus_clarkii_native,upstream_only,3,platt,contaminated,0.99959,0.30439,0.00093
Procambarus_clarkii_native,upstream_only,3,platt,null,0.99979,0.36959,-0.0002
Procambarus_clarkii_native,upstream_only,10,platt,contaminated,0.99788,0.18548,0.00119
Procambarus_clarkii_native,upstream_only,10,platt,null,0.99938,0.50881,-0.00038
Procambarus_clarkii_native,upstream_only,20,platt,contaminated,0.99658,0.18004,0.00247
Procambarus_clarkii_native,upstream_only,20,platt,null,0.99902,0.46444,-0.00185
Procambarus_clarkii_native,upstream_only,3,isotonic,contaminated,0.9793,-0.10091,0.00136
Procambarus_clarkii_native,upstream_only,3,isotonic,null,0.98271,-0.05797,-7e-05
Procambarus_clarkii_native,upstream_only,10,isotonic,contaminated,0.97531,-0.15434,0.002
Procambarus_clarkii_native,upstream_only,10,isotonic,null,0.98085,0.01872,-0.00012
Procambarus_clarkii_native,upstream_only,20,isotonic,contaminated,0.97127,-0.21773,0.00286
Procambarus_clarkii_native,upstream_only,20,isotonic,null,0.981,-0.01351,-0.01901
