entity,algorithm,track,axis,level,auc_mean,tss_mean,brier_mean,boyce_mean,auc_std,tss_std,brier_std,boyce_std,n_reps_ok,min_folds,benchmark_presence_n,segments,auc_clean,tss_clean,brier_clean,boyce_clean,delta_auc,delta_tss,delta_brier,delta_boyce
Astacus astacus,random_forest,combined,benchmark,0,0.8453,0.4992,0.1433,0.9277,,,,,1,5.0,2058.0,14562.0,0.8453,0.4992,0.1433,0.9277,0.0,0.0,0.0,0.0
Astacus astacus,random_forest,combined,lowacc,3,0.8207,0.4345,0.1565,0.9134,0.0289,0.0601,0.008,0.0742,30,5.0,2058.0,14562.0,0.8453,0.4992,0.1433,0.9277,-0.0246,-0.0647,0.0131,-0.0143
Astacus astacus,random_forest,combined,lowacc,10,0.8095,0.4074,0.1653,0.8711,0.0215,0.0634,0.0082,0.0936,30,5.0,2058.0,14562.0,0.8453,0.4992,0.1433,0.9277,-0.0358,-0.0918,0.0219,-0.0566
Astacus astacus,random_forest,combined,lowacc,20,0.7773,0.3416,0.1731,0.8531,0.0236,0.0508,0.0102,0.0918,30,5.0,2058.0,14562.0,0.8453,0.4992,0.1433,0.9277,-0.068,-0.1576,0.0298,-0.0746
Astacus astacus,random_forest,local_only,benchmark,0,0.8482,0.4806,0.1445,0.9588,,,,,1,5.0,2058.0,14562.0,0.8482,0.4806,0.1445,0.9588,0.0,0.0,0.0,0.0
Astacus astacus,random_forest,local_only,lowacc,3,0.8205,0.4278,0.1572,0.898,0.0291,0.0611,0.0079,0.0851,30,5.0,2058.0,14562.0,0.8482,0.4806,0.1445,0.9588,-0.0277,-0.0528,0.0127,-0.0608
Astacus astacus,random_forest,local_only,lowacc,10,0.8097,0.4001,0.1663,0.8713,0.0224,0.0648,0.0088,0.0899,30,5.0,2058.0,14562.0,0.8482,0.4806,0.1445,0.9588,-0.0385,-0.0805,0.0218,-0.0875
Astacus astacus,random_forest,local_only,lowacc,20,0.7745,0.3328,0.1747,0.8598,0.0223,0.0533,0.0106,0.0963,30,5.0,2058.0,14562.0,0.8482,0.4806,0.1445,0.9588,-0.0737,-0.1478,0.0302,-0.099
Astacus astacus,random_forest,upstream_only,benchmark,0,0.7504,0.374,0.1854,0.8442,,,,,1,5.0,2058.0,14562.0,0.7504,0.374,0.1854,0.8442,0.0,0.0,0.0,0.0
Astacus astacus,random_forest,upstream_only,lowacc,3,0.7236,0.3373,0.1947,0.815,0.0245,0.0408,0.0062,0.0862,30,5.0,2058.0,14562.0,0.7504,0.374,0.1854,0.8442,-0.0268,-0.0366,0.0093,-0.0291
Astacus astacus,random_forest,upstream_only,lowacc,10,0.7161,0.3117,0.1961,0.8119,0.0193,0.0406,0.0057,0.0841,30,5.0,2058.0,14562.0,0.7504,0.374,0.1854,0.8442,-0.0342,-0.0623,0.0107,-0.0323
Astacus astacus,random_forest,upstream_only,lowacc,20,0.6958,0.2631,0.1983,0.8387,0.0226,0.0425,0.0071,0.0736,30,5.0,2058.0,14562.0,0.7504,0.374,0.1854,0.8442,-0.0545,-0.1109,0.0128,-0.0055
Astacus astacus,xgboost,combined,benchmark,0,0.8327,0.429,0.1797,0.6436,,,,,1,5.0,2058.0,14562.0,0.8327,0.429,0.1797,0.6436,0.0,0.0,0.0,0.0
Astacus astacus,xgboost,combined,lowacc,3,0.797,0.3882,0.1925,0.7614,0.0339,0.0657,0.0151,0.1268,30,5.0,2058.0,14562.0,0.8327,0.429,0.1797,0.6436,-0.0356,-0.0408,0.0129,0.1178
Astacus astacus,xgboost,combined,lowacc,10,0.7876,0.3699,0.1991,0.8026,0.0241,0.0646,0.0154,0.1147,30,5.0,2058.0,14562.0,0.8327,0.429,0.1797,0.6436,-0.045,-0.0591,0.0194,0.159
Astacus astacus,xgboost,combined,lowacc,20,0.7581,0.3025,0.2014,0.7203,0.0242,0.0539,0.0219,0.1801,30,5.0,2058.0,14562.0,0.8327,0.429,0.1797,0.6436,-0.0746,-0.1265,0.0217,0.0766
Astacus astacus,xgboost,local_only,benchmark,0,0.8281,0.4244,0.1841,0.6226,,,,,1,5.0,2058.0,14562.0,0.8281,0.4244,0.1841,0.6226,0.0,0.0,0.0,0.0
Astacus astacus,xgboost,local_only,lowacc,3,0.8,0.3956,0.1899,0.7777,0.0337,0.0675,0.0131,0.1111,30,5.0,2058.0,14562.0,0.8281,0.4244,0.1841,0.6226,-0.0281,-0.0288,0.0058,0.1551
Astacus astacus,xgboost,local_only,lowacc,10,0.7923,0.3751,0.1949,0.8202,0.0249,0.0651,0.0146,0.1243,30,5.0,2058.0,14562.0,0.8281,0.4244,0.1841,0.6226,-0.0358,-0.0493,0.0108,0.1976
Astacus astacus,xgboost,local_only,lowacc,20,0.7593,0.3012,0.2008,0.741,0.0238,0.057,0.0214,0.1545,30,5.0,2058.0,14562.0,0.8281,0.4244,0.1841,0.6226,-0.0688,-0.1232,0.0167,0.1184
Astacus astacus,xgboost,upstream_only,benchmark,0,0.7291,0.3246,0.2255,0.6385,,,,,1,5.0,2058.0,14562.0,0.7291,0.3246,0.2255,0.6385,0.0,0.0,0.0,0.0
Astacus astacus,xgboost,upstream_only,lowacc,3,0.703,0.2972,0.234,0.7043,0.0269,0.0449,0.0098,0.0831,30,5.0,2058.0,14562.0,0.7291,0.3246,0.2255,0.6385,-0.0261,-0.0274,0.0084,0.0657
Astacus astacus,xgboost,upstream_only,lowacc,10,0.7022,0.2878,0.2294,0.6875,0.0183,0.0413,0.0102,0.087,30,5.0,2058.0,14562.0,0.7291,0.3246,0.2255,0.6385,-0.027,-0.0368,0.0039,0.049
Astacus astacus,xgboost,upstream_only,lowacc,20,0.6844,0.248,0.2268,0.6921,0.021,0.0409,0.0159,0.0881,30,5.0,2058.0,14562.0,0.7291,0.3246,0.2255,0.6385,-0.0447,-0.0766,0.0012,0.0536
Austropotamobius fulcisianus (pooled),random_forest,combined,benchmark,0,0.8279,0.4154,0.1524,0.9097,,,,,1,5.0,744.0,12681.0,0.8279,0.4154,0.1524,0.9097,0.0,0.0,0.0,0.0
Austropotamobius fulcisianus (pooled),random_forest,combined,lowacc,3,0.8186,0.4009,0.164,0.9006,0.0279,0.0527,0.0272,0.0991,30,5.0,744.0,12681.0,0.8279,0.4154,0.1524,0.9097,-0.0093,-0.0145,0.0116,-0.0091
Austropotamobius fulcisianus (pooled),random_forest,combined,lowacc,10,0.8088,0.395,0.1749,0.8737,0.031,0.0622,0.0305,0.1305,30,5.0,744.0,12681.0,0.8279,0.4154,0.1524,0.9097,-0.0191,-0.0204,0.0225,-0.036
Austropotamobius fulcisianus (pooled),random_forest,combined,lowacc,20,0.8006,0.3982,0.1825,0.8824,0.0323,0.0613,0.0283,0.0999,30,5.0,744.0,12681.0,0.8279,0.4154,0.1524,0.9097,-0.0273,-0.0172,0.0301,-0.0273
Austropotamobius fulcisianus (pooled),random_forest,local_only,benchmark,0,0.8279,0.4154,0.1524,0.9097,,,,,1,5.0,744.0,12681.0,0.8279,0.4154,0.1524,0.9097,0.0,0.0,0.0,0.0
Austropotamobius fulcisianus (pooled),random_forest,local_only,lowacc,3,0.8186,0.4009,0.164,0.9006,0.0279,0.0527,0.0272,0.0991,30,5.0,744.0,12681.0,0.8279,0.4154,0.1524,0.9097,-0.0093,-0.0145,0.0116,-0.0091
Austropotamobius fulcisianus (pooled),random_forest,local_only,lowacc,10,0.8088,0.395,0.1749,0.8737,0.031,0.0622,0.0305,0.1305,30,5.0,744.0,12681.0,0.8279,0.4154,0.1524,0.9097,-0.0191,-0.0204,0.0225,-0.036
Austropotamobius fulcisianus (pooled),random_forest,local_only,lowacc,20,0.8006,0.3982,0.1825,0.8824,0.0323,0.0613,0.0283,0.0999,30,5.0,744.0,12681.0,0.8279,0.4154,0.1524,0.9097,-0.0273,-0.0172,0.0301,-0.0273
Austropotamobius fulcisianus (pooled),random_forest,upstream_only,benchmark,0,0.5311,0.0091,0.2526,0.621,,,,,1,5.0,744.0,12681.0,0.5311,0.0091,0.2526,0.621,0.0,0.0,0.0,0.0
Austropotamobius fulcisianus (pooled),random_forest,upstream_only,lowacc,3,0.5212,0.048,0.2517,0.4822,0.0266,0.0383,0.0025,0.2071,30,5.0,744.0,12681.0,0.5311,0.0091,0.2526,0.621,-0.0099,0.0388,-0.001,-0.1387
Austropotamobius fulcisianus (pooled),random_forest,upstream_only,lowacc,10,0.5349,0.0632,0.2507,0.5324,0.0275,0.0496,0.0018,0.1921,30,5.0,744.0,12681.0,0.5311,0.0091,0.2526,0.621,0.0038,0.054,-0.0019,-0.0886
Austropotamobius fulcisianus (pooled),random_forest,upstream_only,lowacc,20,0.539,0.0737,0.2501,0.571,0.0212,0.0333,0.0021,0.2015,30,5.0,744.0,12681.0,0.5311,0.0091,0.2526,0.621,0.0078,0.0645,-0.0025,-0.05
Austropotamobius fulcisianus (pooled),xgboost,combined,benchmark,0,0.8227,0.4076,0.1553,0.5624,,,,,1,5.0,744.0,12681.0,0.8227,0.4076,0.1553,0.5624,0.0,0.0,0.0,0.0
Austropotamobius fulcisianus (pooled),xgboost,combined,lowacc,3,0.8272,0.4266,0.1651,0.7357,0.0238,0.0554,0.0341,0.1187,30,5.0,744.0,12681.0,0.8227,0.4076,0.1553,0.5624,0.0045,0.0191,0.0098,0.1733
Austropotamobius fulcisianus (pooled),xgboost,combined,lowacc,10,0.8122,0.401,0.1845,0.692,0.0252,0.0546,0.0363,0.1056,30,5.0,744.0,12681.0,0.8227,0.4076,0.1553,0.5624,-0.0105,-0.0065,0.0291,0.1296
Austropotamobius fulcisianus (pooled),xgboost,combined,lowacc,20,0.804,0.4,0.192,0.6972,0.03,0.0591,0.034,0.1276,30,5.0,744.0,12681.0,0.8227,0.4076,0.1553,0.5624,-0.0188,-0.0076,0.0366,0.1348
Austropotamobius fulcisianus (pooled),xgboost,local_only,benchmark,0,0.8227,0.4076,0.1553,0.5624,,,,,1,5.0,744.0,12681.0,0.8227,0.4076,0.1553,0.5624,0.0,0.0,0.0,0.0
Austropotamobius fulcisianus (pooled),xgboost,local_only,lowacc,3,0.8272,0.4266,0.1651,0.7357,0.0238,0.0554,0.0341,0.1187,30,5.0,744.0,12681.0,0.8227,0.4076,0.1553,0.5624,0.0045,0.0191,0.0098,0.1733
Austropotamobius fulcisianus (pooled),xgboost,local_only,lowacc,10,0.8122,0.401,0.1845,0.692,0.0252,0.0546,0.0363,0.1056,30,5.0,744.0,12681.0,0.8227,0.4076,0.1553,0.5624,-0.0105,-0.0065,0.0291,0.1296
Austropotamobius fulcisianus (pooled),xgboost,local_only,lowacc,20,0.804,0.4,0.192,0.6972,0.03,0.0591,0.034,0.1276,30,5.0,744.0,12681.0,0.8227,0.4076,0.1553,0.5624,-0.0188,-0.0076,0.0366,0.1348
Austropotamobius fulcisianus (pooled),xgboost,upstream_only,benchmark,0,0.5398,0.0315,0.2938,0.6084,,,,,1,5.0,744.0,12681.0,0.5398,0.0315,0.2938,0.6084,0.0,0.0,0.0,0.0
Austropotamobius fulcisianus (pooled),xgboost,upstream_only,lowacc,3,0.5209,0.0006,0.3,0.4795,0.0276,0.0251,0.0146,0.2124,30,5.0,744.0,12681.0,0.5398,0.0315,0.2938,0.6084,-0.0189,-0.0309,0.0063,-0.1289
Austropotamobius fulcisianus (pooled),xgboost,upstream_only,lowacc,10,0.537,0.0031,0.297,0.5332,0.0271,0.0345,0.0123,0.2107,30,5.0,744.0,12681.0,0.5398,0.0315,0.2938,0.6084,-0.0028,-0.0285,0.0032,-0.0753
Austropotamobius fulcisianus (pooled),xgboost,upstream_only,lowacc,20,0.5405,0.017,0.2934,0.5545,0.0217,0.0227,0.0144,0.2154,30,5.0,744.0,12681.0,0.5398,0.0315,0.2938,0.6084,0.0007,-0.0146,-0.0004,-0.0539
Austropotamobius torrentium (pooled),random_forest,combined,benchmark,0,0.8572,0.4448,0.179,0.8133,,,,,1,5.0,1032.0,11872.0,0.8572,0.4448,0.179,0.8133,0.0,0.0,0.0,0.0
Austropotamobius torrentium (pooled),random_forest,combined,lowacc,3,0.8089,0.3576,0.1864,0.8028,0.0415,0.0748,0.02,0.1396,30,5.0,1032.0,11872.0,0.8572,0.4448,0.179,0.8133,-0.0483,-0.0872,0.0074,-0.0105
Austropotamobius torrentium (pooled),random_forest,combined,lowacc,10,0.8057,0.3586,0.1736,0.8265,0.0436,0.0501,0.0125,0.1224,30,5.0,1032.0,11872.0,0.8572,0.4448,0.179,0.8133,-0.0515,-0.0862,-0.0054,0.0131
Austropotamobius torrentium (pooled),random_forest,combined,lowacc,20,0.7918,0.3289,0.1719,0.8637,0.0288,0.0447,0.0061,0.0683,30,5.0,1032.0,11872.0,0.8572,0.4448,0.179,0.8133,-0.0654,-0.116,-0.0071,0.0503
Austropotamobius torrentium (pooled),random_forest,local_only,benchmark,0,0.8528,0.4602,0.1779,0.8206,,,,,1,5.0,1032.0,11872.0,0.8528,0.4602,0.1779,0.8206,0.0,0.0,0.0,0.0
Austropotamobius torrentium (pooled),random_forest,local_only,lowacc,3,0.8065,0.3542,0.1845,0.7987,0.0425,0.0768,0.0186,0.1521,30,5.0,1032.0,11872.0,0.8528,0.4602,0.1779,0.8206,-0.0463,-0.106,0.0066,-0.022
Austropotamobius torrentium (pooled),random_forest,local_only,lowacc,10,0.8036,0.3506,0.1733,0.8335,0.0431,0.0597,0.0118,0.1222,30,5.0,1032.0,11872.0,0.8528,0.4602,0.1779,0.8206,-0.0492,-0.1096,-0.0047,0.0128
Austropotamobius torrentium (pooled),random_forest,local_only,lowacc,20,0.7898,0.3253,0.1722,0.8658,0.0295,0.0417,0.0058,0.0714,30,5.0,1032.0,11872.0,0.8528,0.4602,0.1779,0.8206,-0.0629,-0.1348,-0.0057,0.0452
Austropotamobius torrentium (pooled),random_forest,upstream_only,benchmark,0,0.7351,0.4071,0.2056,0.8253,,,,,1,5.0,1032.0,11872.0,0.7351,0.4071,0.2056,0.8253,0.0,0.0,0.0,0.0
Austropotamobius torrentium (pooled),random_forest,upstream_only,lowacc,3,0.7044,0.3389,0.2124,0.7363,0.0253,0.0566,0.0193,0.1193,30,5.0,1032.0,11872.0,0.7351,0.4071,0.2056,0.8253,-0.0307,-0.0681,0.0067,-0.0889
Austropotamobius torrentium (pooled),random_forest,upstream_only,lowacc,10,0.7054,0.3167,0.1992,0.7347,0.0286,0.045,0.0129,0.1202,30,5.0,1032.0,11872.0,0.7351,0.4071,0.2056,0.8253,-0.0297,-0.0904,-0.0065,-0.0906
Austropotamobius torrentium (pooled),random_forest,upstream_only,lowacc,20,0.7058,0.2895,0.1922,0.7449,0.0231,0.048,0.007,0.1137,30,5.0,1032.0,11872.0,0.7351,0.4071,0.2056,0.8253,-0.0293,-0.1176,-0.0134,-0.0804
Austropotamobius torrentium (pooled),xgboost,combined,benchmark,0,0.8372,0.4169,0.2214,0.5,,,,,1,5.0,1032.0,11872.0,0.8372,0.4169,0.2214,0.5,0.0,0.0,0.0,0.0
Austropotamobius torrentium (pooled),xgboost,combined,lowacc,3,0.8003,0.3528,0.2071,0.512,0.0421,0.0779,0.0217,0.2044,30,5.0,1032.0,11872.0,0.8372,0.4169,0.2214,0.5,-0.0369,-0.0642,-0.0143,0.012
Austropotamobius torrentium (pooled),xgboost,combined,lowacc,10,0.8023,0.3442,0.1974,0.512,0.0432,0.0632,0.0185,0.1886,30,5.0,1032.0,11872.0,0.8372,0.4169,0.2214,0.5,-0.0349,-0.0727,-0.024,0.0121
Austropotamobius torrentium (pooled),xgboost,combined,lowacc,20,0.7912,0.3259,0.1949,0.5765,0.0316,0.0557,0.0129,0.1669,30,5.0,1032.0,11872.0,0.8372,0.4169,0.2214,0.5,-0.046,-0.091,-0.0266,0.0765
Austropotamobius torrentium (pooled),xgboost,local_only,benchmark,0,0.8394,0.4287,0.2188,0.6023,,,,,1,5.0,1032.0,11872.0,0.8394,0.4287,0.2188,0.6023,0.0,0.0,0.0,0.0
Austropotamobius torrentium (pooled),xgboost,local_only,lowacc,3,0.8052,0.3495,0.205,0.498,0.0434,0.0798,0.0206,0.2288,30,5.0,1032.0,11872.0,0.8394,0.4287,0.2188,0.6023,-0.0342,-0.0792,-0.0139,-0.1043
Austropotamobius torrentium (pooled),xgboost,local_only,lowacc,10,0.8052,0.3515,0.1949,0.5127,0.0432,0.0651,0.0193,0.183,30,5.0,1032.0,11872.0,0.8394,0.4287,0.2188,0.6023,-0.0342,-0.0772,-0.0239,-0.0896
Austropotamobius torrentium (pooled),xgboost,local_only,lowacc,20,0.7937,0.3302,0.1938,0.5675,0.0316,0.0555,0.014,0.1539,30,5.0,1032.0,11872.0,0.8394,0.4287,0.2188,0.6023,-0.0457,-0.0986,-0.025,-0.0348
Austropotamobius torrentium (pooled),xgboost,upstream_only,benchmark,0,0.7458,0.4201,0.223,0.5598,,,,,1,5.0,1032.0,11872.0,0.7458,0.4201,0.223,0.5598,0.0,0.0,0.0,0.0
Austropotamobius torrentium (pooled),xgboost,upstream_only,lowacc,3,0.7022,0.3306,0.2431,0.5249,0.0226,0.0545,0.0297,0.1594,30,5.0,1032.0,11872.0,0.7458,0.4201,0.223,0.5598,-0.0436,-0.0896,0.0202,-0.0348
Austropotamobius torrentium (pooled),xgboost,upstream_only,lowacc,10,0.7085,0.3341,0.2187,0.5023,0.0265,0.0465,0.0194,0.1496,30,5.0,1032.0,11872.0,0.7458,0.4201,0.223,0.5598,-0.0373,-0.0861,-0.0042,-0.0575
Austropotamobius torrentium (pooled),xgboost,upstream_only,lowacc,20,0.7101,0.3155,0.2097,0.5254,0.0245,0.0472,0.0119,0.1393,30,5.0,1032.0,11872.0,0.7458,0.4201,0.223,0.5598,-0.0357,-0.1046,-0.0132,-0.0344
Faxonius limosus (alien),random_forest,combined,benchmark,0,0.8048,0.4663,0.1834,0.9927,,,,,1,5.0,3811.0,20052.0,0.8048,0.4663,0.1834,0.9927,0.0,0.0,0.0,0.0
Faxonius limosus (alien),random_forest,combined,lowacc,3,0.7951,0.4312,0.1891,0.9938,0.0071,0.0183,0.0035,0.0125,30,5.0,3811.0,20052.0,0.8048,0.4663,0.1834,0.9927,-0.0098,-0.0351,0.0057,0.0011
Faxonius limosus (alien),random_forest,combined,lowacc,10,0.7778,0.4054,0.1968,0.9973,0.0081,0.021,0.0035,0.0036,30,5.0,3811.0,20052.0,0.8048,0.4663,0.1834,0.9927,-0.0271,-0.0609,0.0134,0.0046
Faxonius limosus (alien),random_forest,combined,lowacc,20,0.7496,0.3678,0.2014,0.9915,0.0152,0.0272,0.0045,0.0092,30,5.0,3811.0,20052.0,0.8048,0.4663,0.1834,0.9927,-0.0552,-0.0985,0.018,-0.0012
Faxonius limosus (alien),random_forest,local_only,benchmark,0,0.8002,0.4625,0.1849,0.9927,,,,,1,5.0,3811.0,20052.0,0.8002,0.4625,0.1849,0.9927,0.0,0.0,0.0,0.0
Faxonius limosus (alien),random_forest,local_only,lowacc,3,0.7929,0.4286,0.19,0.9938,0.0069,0.0189,0.0034,0.0088,30,5.0,3811.0,20052.0,0.8002,0.4625,0.1849,0.9927,-0.0073,-0.0339,0.0051,0.0011
Faxonius limosus (alien),random_forest,local_only,lowacc,10,0.7756,0.4044,0.1976,0.9967,0.0082,0.0225,0.0033,0.0047,30,5.0,3811.0,20052.0,0.8002,0.4625,0.1849,0.9927,-0.0246,-0.0581,0.0127,0.004
Faxonius limosus (alien),random_forest,local_only,lowacc,20,0.7487,0.3703,0.2015,0.9918,0.015,0.0288,0.0043,0.0097,30,5.0,3811.0,20052.0,0.8002,0.4625,0.1849,0.9927,-0.0515,-0.0922,0.0166,-0.0009
Faxonius limosus (alien),random_forest,upstream_only,benchmark,0,0.7364,0.3641,0.2048,0.9976,,,,,1,5.0,3811.0,20052.0,0.7364,0.3641,0.2048,0.9976,0.0,0.0,0.0,0.0
Faxonius limosus (alien),random_forest,upstream_only,lowacc,3,0.7369,0.3536,0.2065,0.9923,0.0072,0.0113,0.0026,0.0074,30,5.0,3811.0,20052.0,0.7364,0.3641,0.2048,0.9976,0.0005,-0.0104,0.0017,-0.0053
Faxonius limosus (alien),random_forest,upstream_only,lowacc,10,0.7221,0.324,0.211,0.9926,0.0081,0.0132,0.0023,0.0048,30,5.0,3811.0,20052.0,0.7364,0.3641,0.2048,0.9976,-0.0143,-0.04,0.0063,-0.005
Faxonius limosus (alien),random_forest,upstream_only,lowacc,20,0.6972,0.2808,0.2151,0.9811,0.0125,0.0175,0.0033,0.0252,30,5.0,3811.0,20052.0,0.7364,0.3641,0.2048,0.9976,-0.0393,-0.0833,0.0103,-0.0164
Faxonius limosus (alien),xgboost,combined,benchmark,0,0.7934,0.46,0.1885,0.9927,,,,,1,5.0,3811.0,20052.0,0.7934,0.46,0.1885,0.9927,0.0,0.0,0.0,0.0
Faxonius limosus (alien),xgboost,combined,lowacc,3,0.787,0.4286,0.1955,0.9851,0.0083,0.0179,0.0046,0.0162,30,5.0,3811.0,20052.0,0.7934,0.46,0.1885,0.9927,-0.0064,-0.0314,0.0069,-0.0077
Faxonius limosus (alien),xgboost,combined,lowacc,10,0.7714,0.3993,0.2017,0.9899,0.0121,0.0227,0.0068,0.0101,30,5.0,3811.0,20052.0,0.7934,0.46,0.1885,0.9927,-0.022,-0.0606,0.0131,-0.0028
Faxonius limosus (alien),xgboost,combined,lowacc,20,0.7459,0.3638,0.2065,0.9782,0.0159,0.0275,0.0066,0.021,30,5.0,3811.0,20052.0,0.7934,0.46,0.1885,0.9927,-0.0474,-0.0962,0.018,-0.0145
Faxonius limosus (alien),xgboost,local_only,benchmark,0,0.7922,0.4644,0.1895,0.9806,,,,,1,5.0,3811.0,20052.0,0.7922,0.4644,0.1895,0.9806,0.0,0.0,0.0,0.0
Faxonius limosus (alien),xgboost,local_only,lowacc,3,0.7858,0.4274,0.1961,0.9846,0.0085,0.0183,0.0048,0.0179,30,5.0,3811.0,20052.0,0.7922,0.4644,0.1895,0.9806,-0.0065,-0.037,0.0066,0.004
Faxonius limosus (alien),xgboost,local_only,lowacc,10,0.7699,0.397,0.2023,0.9886,0.0131,0.0221,0.007,0.0135,30,5.0,3811.0,20052.0,0.7922,0.4644,0.1895,0.9806,-0.0224,-0.0674,0.0128,0.008
Faxonius limosus (alien),xgboost,local_only,lowacc,20,0.7462,0.3635,0.2066,0.9811,0.0156,0.0273,0.0065,0.0217,30,5.0,3811.0,20052.0,0.7922,0.4644,0.1895,0.9806,-0.0461,-0.1009,0.0171,0.0005
Faxonius limosus (alien),xgboost,upstream_only,benchmark,0,0.7289,0.3706,0.2126,0.9564,,,,,1,5.0,3811.0,20052.0,0.7289,0.3706,0.2126,0.9564,0.0,0.0,0.0,0.0
Faxonius limosus (alien),xgboost,upstream_only,lowacc,3,0.7315,0.3537,0.2127,0.9597,0.0077,0.0122,0.0039,0.0165,30,5.0,3811.0,20052.0,0.7289,0.3706,0.2126,0.9564,0.0026,-0.017,0.0001,0.0034
Faxonius limosus (alien),xgboost,upstream_only,lowacc,10,0.7161,0.318,0.2171,0.9626,0.0096,0.0151,0.0042,0.0172,30,5.0,3811.0,20052.0,0.7289,0.3706,0.2126,0.9564,-0.0128,-0.0526,0.0044,0.0063
Faxonius limosus (alien),xgboost,upstream_only,lowacc,20,0.6907,0.2723,0.2215,0.9666,0.0135,0.0186,0.0053,0.0226,30,5.0,3811.0,20052.0,0.7289,0.3706,0.2126,0.9564,-0.0383,-0.0983,0.0088,0.0103
Pacifastacus leniusculus (alien),random_forest,combined,benchmark,0,0.8734,0.5732,0.1451,0.9927,,,,,1,5.0,4171.0,37449.0,0.8734,0.5732,0.1451,0.9927,0.0,0.0,0.0,0.0
Pacifastacus leniusculus (alien),random_forest,combined,lowacc,3,0.8641,0.5641,0.1509,0.9734,0.0134,0.0425,0.0057,0.0199,30,5.0,4171.0,37449.0,0.8734,0.5732,0.1451,0.9927,-0.0093,-0.0091,0.0059,-0.0193
Pacifastacus leniusculus (alien),random_forest,combined,lowacc,10,0.8427,0.5035,0.1626,0.9698,0.0104,0.0344,0.0055,0.0261,30,5.0,4171.0,37449.0,0.8734,0.5732,0.1451,0.9927,-0.0307,-0.0697,0.0175,-0.023
Pacifastacus leniusculus (alien),random_forest,combined,lowacc,20,0.8233,0.4619,0.1693,0.9862,0.0075,0.0247,0.0037,0.0111,30,5.0,4171.0,37449.0,0.8734,0.5732,0.1451,0.9927,-0.0501,-0.1113,0.0242,-0.0065
Pacifastacus leniusculus (alien),random_forest,local_only,benchmark,0,0.8695,0.5784,0.1479,0.9903,,,,,1,5.0,4171.0,37449.0,0.8695,0.5784,0.1479,0.9903,0.0,0.0,0.0,0.0
Pacifastacus leniusculus (alien),random_forest,local_only,lowacc,3,0.8609,0.5645,0.1529,0.9693,0.0132,0.042,0.0056,0.022,30,5.0,4171.0,37449.0,0.8695,0.5784,0.1479,0.9903,-0.0085,-0.0139,0.005,-0.021
Pacifastacus leniusculus (alien),random_forest,local_only,lowacc,10,0.8397,0.5004,0.1645,0.9667,0.0103,0.0364,0.0059,0.031,30,5.0,4171.0,37449.0,0.8695,0.5784,0.1479,0.9903,-0.0298,-0.078,0.0167,-0.0236
Pacifastacus leniusculus (alien),random_forest,local_only,lowacc,20,0.8202,0.4575,0.1712,0.9792,0.0078,0.0227,0.0037,0.0139,30,5.0,4171.0,37449.0,0.8695,0.5784,0.1479,0.9903,-0.0493,-0.1209,0.0233,-0.0112
Pacifastacus leniusculus (alien),random_forest,upstream_only,benchmark,0,0.7998,0.4897,0.1734,0.983,,,,,1,5.0,4171.0,37449.0,0.7998,0.4897,0.1734,0.983,0.0,0.0,0.0,0.0
Pacifastacus leniusculus (alien),random_forest,upstream_only,lowacc,3,0.8026,0.4784,0.1736,0.9783,0.0143,0.0281,0.0043,0.0192,30,5.0,4171.0,37449.0,0.7998,0.4897,0.1734,0.983,0.0028,-0.0113,0.0001,-0.0048
Pacifastacus leniusculus (alien),random_forest,upstream_only,lowacc,10,0.783,0.4391,0.1808,0.9769,0.0116,0.0249,0.0042,0.0217,30,5.0,4171.0,37449.0,0.7998,0.4897,0.1734,0.983,-0.0168,-0.0506,0.0074,-0.0061
Pacifastacus leniusculus (alien),random_forest,upstream_only,lowacc,20,0.765,0.3916,0.1874,0.9887,0.0095,0.0149,0.0033,0.0065,30,5.0,4171.0,37449.0,0.7998,0.4897,0.1734,0.983,-0.0348,-0.0981,0.014,0.0057
Pacifastacus leniusculus (alien),xgboost,combined,benchmark,0,0.8792,0.5924,0.1306,0.9758,,,,,1,5.0,4171.0,37449.0,0.8792,0.5924,0.1306,0.9758,0.0,0.0,0.0,0.0
Pacifastacus leniusculus (alien),xgboost,combined,lowacc,3,0.8681,0.5709,0.1351,0.989,0.0103,0.0283,0.0058,0.0118,30,5.0,4171.0,37449.0,0.8792,0.5924,0.1306,0.9758,-0.0111,-0.0215,0.0044,0.0132
Pacifastacus leniusculus (alien),xgboost,combined,lowacc,10,0.8448,0.5061,0.148,0.9894,0.0085,0.0166,0.0084,0.0114,30,5.0,4171.0,37449.0,0.8792,0.5924,0.1306,0.9758,-0.0344,-0.0862,0.0173,0.0137
Pacifastacus leniusculus (alien),xgboost,combined,lowacc,20,0.8209,0.4574,0.165,0.9758,0.0088,0.0175,0.0097,0.0203,30,5.0,4171.0,37449.0,0.8792,0.5924,0.1306,0.9758,-0.0584,-0.135,0.0344,0.0
Pacifastacus leniusculus (alien),xgboost,local_only,benchmark,0,0.8758,0.5938,0.1318,0.9952,,,,,1,5.0,4171.0,37449.0,0.8758,0.5938,0.1318,0.9952,0.0,0.0,0.0,0.0
Pacifastacus leniusculus (alien),xgboost,local_only,lowacc,3,0.8636,0.564,0.1383,0.9847,0.0107,0.027,0.0057,0.0162,30,5.0,4171.0,37449.0,0.8758,0.5938,0.1318,0.9952,-0.0123,-0.0298,0.0064,-0.0105
Pacifastacus leniusculus (alien),xgboost,local_only,lowacc,10,0.839,0.4999,0.1513,0.991,0.0097,0.0195,0.009,0.008,30,5.0,4171.0,37449.0,0.8758,0.5938,0.1318,0.9952,-0.0368,-0.0939,0.0194,-0.0042
Pacifastacus leniusculus (alien),xgboost,local_only,lowacc,20,0.8162,0.4541,0.1675,0.9744,0.0089,0.0193,0.0104,0.0191,30,5.0,4171.0,37449.0,0.8758,0.5938,0.1318,0.9952,-0.0596,-0.1398,0.0357,-0.0207
Pacifastacus leniusculus (alien),xgboost,upstream_only,benchmark,0,0.8049,0.4774,0.1726,0.9539,,,,,1,5.0,4171.0,37449.0,0.8049,0.4774,0.1726,0.9539,0.0,0.0,0.0,0.0
Pacifastacus leniusculus (alien),xgboost,upstream_only,lowacc,3,0.8097,0.472,0.1692,0.9549,0.0094,0.0249,0.0046,0.0247,30,5.0,4171.0,37449.0,0.8049,0.4774,0.1726,0.9539,0.0047,-0.0053,-0.0034,0.0009
Pacifastacus leniusculus (alien),xgboost,upstream_only,lowacc,10,0.7884,0.4273,0.1779,0.961,0.0072,0.0143,0.0043,0.0178,30,5.0,4171.0,37449.0,0.8049,0.4774,0.1726,0.9539,-0.0166,-0.0501,0.0053,0.0071
Pacifastacus leniusculus (alien),xgboost,upstream_only,lowacc,20,0.7693,0.3878,0.1892,0.9516,0.0085,0.0191,0.0064,0.0273,30,5.0,4171.0,37449.0,0.8049,0.4774,0.1726,0.9539,-0.0356,-0.0896,0.0166,-0.0023
Pontastacus leptodactylus (pooled),random_forest,combined,benchmark,0,0.7804,0.4366,0.1782,0.9055,,,,,1,5.0,1496.0,22945.0,0.7804,0.4366,0.1782,0.9055,0.0,0.0,0.0,0.0
Pontastacus leptodactylus (pooled),random_forest,combined,lowacc,3,0.8016,0.467,0.1725,0.9325,0.0129,0.0259,0.0032,0.0306,30,5.0,1496.0,22945.0,0.7804,0.4366,0.1782,0.9055,0.0213,0.0303,-0.0056,0.0271
Pontastacus leptodactylus (pooled),random_forest,combined,lowacc,10,0.7916,0.4391,0.1807,0.9499,0.0126,0.02,0.0037,0.0244,30,5.0,1496.0,22945.0,0.7804,0.4366,0.1782,0.9055,0.0113,0.0024,0.0025,0.0445
Pontastacus leptodactylus (pooled),random_forest,combined,lowacc,20,0.7853,0.4225,0.1849,0.968,0.0126,0.0236,0.0042,0.0154,30,5.0,1496.0,22945.0,0.7804,0.4366,0.1782,0.9055,0.005,-0.0141,0.0067,0.0625
Pontastacus leptodactylus (pooled),random_forest,local_only,benchmark,0,0.7804,0.4366,0.1782,0.9055,,,,,1,5.0,1496.0,22945.0,0.7804,0.4366,0.1782,0.9055,0.0,0.0,0.0,0.0
Pontastacus leptodactylus (pooled),random_forest,local_only,lowacc,3,0.8016,0.467,0.1725,0.9325,0.0129,0.0259,0.0032,0.0306,30,5.0,1496.0,22945.0,0.7804,0.4366,0.1782,0.9055,0.0213,0.0303,-0.0056,0.0271
Pontastacus leptodactylus (pooled),random_forest,local_only,lowacc,10,0.7916,0.4391,0.1807,0.9499,0.0126,0.02,0.0037,0.0244,30,5.0,1496.0,22945.0,0.7804,0.4366,0.1782,0.9055,0.0113,0.0024,0.0025,0.0445
Pontastacus leptodactylus (pooled),random_forest,local_only,lowacc,20,0.7853,0.4225,0.1849,0.968,0.0126,0.0236,0.0042,0.0154,30,5.0,1496.0,22945.0,0.7804,0.4366,0.1782,0.9055,0.005,-0.0141,0.0067,0.0625
Pontastacus leptodactylus (pooled),random_forest,upstream_only,benchmark,0,0.5274,0.0345,0.2494,0.1186,,,,,1,5.0,1496.0,22945.0,0.5274,0.0345,0.2494,0.1186,0.0,0.0,0.0,0.0
Pontastacus leptodactylus (pooled),random_forest,upstream_only,lowacc,3,0.5287,0.0209,0.2492,0.3897,0.0108,0.0235,0.001,0.2054,30,5.0,1496.0,22945.0,0.5274,0.0345,0.2494,0.1186,0.0013,-0.0136,-0.0001,0.2712
Pontastacus leptodactylus (pooled),random_forest,upstream_only,lowacc,10,0.5283,0.0215,0.2492,0.34,0.0113,0.0207,0.0009,0.1684,30,5.0,1496.0,22945.0,0.5274,0.0345,0.2494,0.1186,0.0009,-0.013,-0.0002,0.2214
Pontastacus leptodactylus (pooled),random_forest,upstream_only,lowacc,20,0.5326,0.032,0.2493,0.3266,0.0106,0.02,0.0012,0.1649,30,5.0,1496.0,22945.0,0.5274,0.0345,0.2494,0.1186,0.0052,-0.0025,-0.0001,0.208
Pontastacus leptodactylus (pooled),xgboost,combined,benchmark,0,0.7899,0.4338,0.1871,0.7794,,,,,1,5.0,1496.0,22945.0,0.7899,0.4338,0.1871,0.7794,0.0,0.0,0.0,0.0
Pontastacus leptodactylus (pooled),xgboost,combined,lowacc,3,0.8081,0.478,0.1758,0.8929,0.0134,0.0285,0.0056,0.0696,30,5.0,1496.0,22945.0,0.7899,0.4338,0.1871,0.7794,0.0181,0.0442,-0.0113,0.1135
Pontastacus leptodactylus (pooled),xgboost,combined,lowacc,10,0.7987,0.4518,0.1867,0.9066,0.0122,0.0248,0.0073,0.0622,30,5.0,1496.0,22945.0,0.7899,0.4338,0.1871,0.7794,0.0088,0.018,-0.0004,0.1272
Pontastacus leptodactylus (pooled),xgboost,combined,lowacc,20,0.7909,0.4336,0.1904,0.9358,0.0132,0.0271,0.0064,0.0354,30,5.0,1496.0,22945.0,0.7899,0.4338,0.1871,0.7794,0.001,-0.0003,0.0033,0.1564
Pontastacus leptodactylus (pooled),xgboost,local_only,benchmark,0,0.7899,0.4338,0.1871,0.7794,,,,,1,5.0,1496.0,22945.0,0.7899,0.4338,0.1871,0.7794,0.0,0.0,0.0,0.0
Pontastacus leptodactylus (pooled),xgboost,local_only,lowacc,3,0.8081,0.478,0.1758,0.8929,0.0134,0.0285,0.0056,0.0696,30,5.0,1496.0,22945.0,0.7899,0.4338,0.1871,0.7794,0.0181,0.0442,-0.0113,0.1135
Pontastacus leptodactylus (pooled),xgboost,local_only,lowacc,10,0.7987,0.4518,0.1867,0.9066,0.0122,0.0248,0.0073,0.0622,30,5.0,1496.0,22945.0,0.7899,0.4338,0.1871,0.7794,0.0088,0.018,-0.0004,0.1272
Pontastacus leptodactylus (pooled),xgboost,local_only,lowacc,20,0.7909,0.4336,0.1904,0.9358,0.0132,0.0271,0.0064,0.0354,30,5.0,1496.0,22945.0,0.7899,0.4338,0.1871,0.7794,0.001,-0.0003,0.0033,0.1564
Pontastacus leptodactylus (pooled),xgboost,upstream_only,benchmark,0,0.5252,0.0515,0.2595,0.0262,,,,,1,5.0,1496.0,22945.0,0.5252,0.0515,0.2595,0.0262,0.0,0.0,0.0,0.0
Pontastacus leptodactylus (pooled),xgboost,upstream_only,lowacc,3,0.5283,0.0338,0.2564,0.3801,0.0106,0.0202,0.0034,0.1901,30,5.0,1496.0,22945.0,0.5252,0.0515,0.2595,0.0262,0.0031,-0.0177,-0.0031,0.3539
Pontastacus leptodactylus (pooled),xgboost,upstream_only,lowacc,10,0.5292,0.0338,0.2538,0.3451,0.011,0.0163,0.0029,0.1472,30,5.0,1496.0,22945.0,0.5252,0.0515,0.2595,0.0262,0.004,-0.0176,-0.0057,0.3189
Pontastacus leptodactylus (pooled),xgboost,upstream_only,lowacc,20,0.533,0.0359,0.2536,0.3391,0.0108,0.0146,0.0036,0.1779,30,5.0,1496.0,22945.0,0.5252,0.0515,0.2595,0.0262,0.0078,-0.0156,-0.0059,0.3129
Procambarus clarkii (alien),random_forest,combined,benchmark,0,0.91,0.6616,0.1141,0.9927,,,,,1,5.0,7711.0,48267.0,0.91,0.6616,0.1141,0.9927,0.0,0.0,0.0,0.0
Procambarus clarkii (alien),random_forest,combined,lowacc,3,0.9088,0.6696,0.1161,0.9988,0.0058,0.0167,0.0027,0.0023,30,5.0,7711.0,48267.0,0.91,0.6616,0.1141,0.9927,-0.0012,0.008,0.002,0.0061
Procambarus clarkii (alien),random_forest,combined,lowacc,10,0.9005,0.6528,0.1214,0.9994,0.0098,0.0258,0.0035,0.0015,30,5.0,7711.0,48267.0,0.91,0.6616,0.1141,0.9927,-0.0096,-0.0088,0.0073,0.0067
Procambarus clarkii (alien),random_forest,combined,lowacc,20,0.8939,0.6357,0.125,0.9992,0.0086,0.0257,0.0031,0.0019,30,5.0,7711.0,48267.0,0.91,0.6616,0.1141,0.9927,-0.0161,-0.0259,0.0109,0.0065
Procambarus clarkii (alien),random_forest,local_only,benchmark,0,0.91,0.6616,0.1141,0.9927,,,,,1,5.0,7711.0,48267.0,0.91,0.6616,0.1141,0.9927,0.0,0.0,0.0,0.0
Procambarus clarkii (alien),random_forest,local_only,lowacc,3,0.9088,0.6696,0.1161,0.9988,0.0058,0.0167,0.0027,0.0023,30,5.0,7711.0,48267.0,0.91,0.6616,0.1141,0.9927,-0.0012,0.008,0.002,0.0061
Procambarus clarkii (alien),random_forest,local_only,lowacc,10,0.9005,0.6528,0.1214,0.9994,0.0098,0.0258,0.0035,0.0015,30,5.0,7711.0,48267.0,0.91,0.6616,0.1141,0.9927,-0.0096,-0.0088,0.0073,0.0067
Procambarus clarkii (alien),random_forest,local_only,lowacc,20,0.8939,0.6357,0.125,0.9992,0.0086,0.0257,0.0031,0.0019,30,5.0,7711.0,48267.0,0.91,0.6616,0.1141,0.9927,-0.0161,-0.0259,0.0109,0.0065
Procambarus clarkii (alien),random_forest,upstream_only,benchmark,0,0.4871,-0.0344,0.2522,-0.6461,,,,,1,5.0,7711.0,48267.0,0.4871,-0.0344,0.2522,-0.6461,0.0,0.0,0.0,0.0
Procambarus clarkii (alien),random_forest,upstream_only,lowacc,3,0.4893,-0.0232,0.252,-0.2554,0.0109,0.0151,0.0007,0.2515,30,5.0,7711.0,48267.0,0.4871,-0.0344,0.2522,-0.6461,0.0021,0.0112,-0.0002,0.3907
Procambarus clarkii (alien),random_forest,upstream_only,lowacc,10,0.496,-0.0112,0.2516,-0.1695,0.009,0.0185,0.0006,0.2217,30,5.0,7711.0,48267.0,0.4871,-0.0344,0.2522,-0.6461,0.0089,0.0231,-0.0006,0.4766
Procambarus clarkii (alien),random_forest,upstream_only,lowacc,20,0.5049,0.002,0.2514,-0.0366,0.0118,0.0222,0.0007,0.2486,30,5.0,7711.0,48267.0,0.4871,-0.0344,0.2522,-0.6461,0.0178,0.0364,-0.0008,0.6094
Procambarus clarkii (alien),xgboost,combined,benchmark,0,0.9094,0.6571,0.1122,0.9442,,,,,1,5.0,7711.0,48267.0,0.9094,0.6571,0.1122,0.9442,0.0,0.0,0.0,0.0
Procambarus clarkii (alien),xgboost,combined,lowacc,3,0.9085,0.6669,0.1124,0.9926,0.0062,0.0181,0.0034,0.009,30,5.0,7711.0,48267.0,0.9094,0.6571,0.1122,0.9442,-0.0008,0.0098,0.0001,0.0484
Procambarus clarkii (alien),xgboost,combined,lowacc,10,0.8994,0.6464,0.1177,0.9935,0.01,0.0249,0.0036,0.0087,30,5.0,7711.0,48267.0,0.9094,0.6571,0.1122,0.9442,-0.01,-0.0107,0.0054,0.0493
Procambarus clarkii (alien),xgboost,combined,lowacc,20,0.894,0.6306,0.1205,0.9955,0.0088,0.0254,0.0039,0.0061,30,5.0,7711.0,48267.0,0.9094,0.6571,0.1122,0.9442,-0.0153,-0.0266,0.0082,0.0513
Procambarus clarkii (alien),xgboost,local_only,benchmark,0,0.9094,0.6571,0.1122,0.9442,,,,,1,5.0,7711.0,48267.0,0.9094,0.6571,0.1122,0.9442,0.0,0.0,0.0,0.0
Procambarus clarkii (alien),xgboost,local_only,lowacc,3,0.9085,0.6669,0.1124,0.9926,0.0062,0.0181,0.0034,0.009,30,5.0,7711.0,48267.0,0.9094,0.6571,0.1122,0.9442,-0.0008,0.0098,0.0001,0.0484
Procambarus clarkii (alien),xgboost,local_only,lowacc,10,0.8994,0.6464,0.1177,0.9935,0.01,0.0249,0.0036,0.0087,30,5.0,7711.0,48267.0,0.9094,0.6571,0.1122,0.9442,-0.01,-0.0107,0.0054,0.0493
Procambarus clarkii (alien),xgboost,local_only,lowacc,20,0.894,0.6306,0.1205,0.9955,0.0088,0.0254,0.0039,0.0061,30,5.0,7711.0,48267.0,0.9094,0.6571,0.1122,0.9442,-0.0153,-0.0266,0.0082,0.0513
Procambarus clarkii (alien),xgboost,upstream_only,benchmark,0,0.4871,-0.0012,0.2651,-0.6294,,,,,1,5.0,7711.0,48267.0,0.4871,-0.0012,0.2651,-0.6294,0.0,0.0,0.0,0.0
Procambarus clarkii (alien),xgboost,upstream_only,lowacc,3,0.489,-0.0097,0.2646,-0.189,0.0108,0.0127,0.0037,0.3255,30,5.0,7711.0,48267.0,0.4871,-0.0012,0.2651,-0.6294,0.002,-0.0085,-0.0005,0.4404
Procambarus clarkii (alien),xgboost,upstream_only,lowacc,10,0.4958,-0.0049,0.2653,-0.177,0.0089,0.01,0.0058,0.2367,30,5.0,7711.0,48267.0,0.4871,-0.0012,0.2651,-0.6294,0.0087,-0.0037,0.0002,0.4524
Procambarus clarkii (alien),xgboost,upstream_only,lowacc,20,0.5046,0.0001,0.2651,-0.0785,0.0117,0.0094,0.0045,0.2597,30,5.0,7711.0,48267.0,0.4871,-0.0012,0.2651,-0.6294,0.0175,0.0013,0.0001,0.5509
Procambarus clarkii (native),random_forest,combined,benchmark,0,0.839,0.4399,0.084,0.946,,,,,1,5.0,1915.0,19320.0,0.839,0.4399,0.084,0.946,0.0,0.0,0.0,0.0
Procambarus clarkii (native),random_forest,combined,lowacc,3,0.8218,0.3498,0.0984,0.7877,0.0375,0.1291,0.0238,0.1468,30,5.0,1915.0,19320.0,0.839,0.4399,0.084,0.946,-0.0171,-0.0901,0.0144,-0.1583
Procambarus clarkii (native),random_forest,combined,lowacc,10,0.8156,0.3354,0.0999,0.8387,0.0421,0.1143,0.0219,0.1138,30,5.0,1915.0,19320.0,0.839,0.4399,0.084,0.946,-0.0233,-0.1045,0.0159,-0.1073
Procambarus clarkii (native),random_forest,combined,lowacc,20,0.8307,0.3994,0.0817,0.8178,0.0265,0.0554,0.0032,0.1038,30,5.0,1915.0,19320.0,0.839,0.4399,0.084,0.946,-0.0083,-0.0405,-0.0023,-0.1282
Procambarus clarkii (native),random_forest,local_only,benchmark,0,0.839,0.4399,0.084,0.946,,,,,1,5.0,1915.0,19320.0,0.839,0.4399,0.084,0.946,0.0,0.0,0.0,0.0
Procambarus clarkii (native),random_forest,local_only,lowacc,3,0.8218,0.3498,0.0984,0.7877,0.0375,0.1291,0.0238,0.1468,30,5.0,1915.0,19320.0,0.839,0.4399,0.084,0.946,-0.0171,-0.0901,0.0144,-0.1583
Procambarus clarkii (native),random_forest,local_only,lowacc,10,0.8156,0.3354,0.0999,0.8387,0.0421,0.1143,0.0219,0.1138,30,5.0,1915.0,19320.0,0.839,0.4399,0.084,0.946,-0.0233,-0.1045,0.0159,-0.1073
Procambarus clarkii (native),random_forest,local_only,lowacc,20,0.8307,0.3994,0.0817,0.8178,0.0265,0.0554,0.0032,0.1038,30,5.0,1915.0,19320.0,0.839,0.4399,0.084,0.946,-0.0083,-0.0405,-0.0023,-0.1282
Procambarus clarkii (native),random_forest,upstream_only,benchmark,0,0.4737,-0.0874,0.2573,-0.0303,,,,,1,5.0,1915.0,19320.0,0.4737,-0.0874,0.2573,-0.0303,0.0,0.0,0.0,0.0
Procambarus clarkii (native),random_forest,upstream_only,lowacc,3,0.4764,-0.0359,0.2544,-0.0554,0.0263,0.0513,0.0025,0.1834,30,5.0,1915.0,19320.0,0.4737,-0.0874,0.2573,-0.0303,0.0027,0.0515,-0.0029,-0.025
Procambarus clarkii (native),random_forest,upstream_only,lowacc,10,0.4788,-0.0423,0.2545,-0.1078,0.0247,0.0374,0.0022,0.2137,30,5.0,1915.0,19320.0,0.4737,-0.0874,0.2573,-0.0303,0.0051,0.0451,-0.0028,-0.0775
Procambarus clarkii (native),random_forest,upstream_only,lowacc,20,0.4911,-0.0138,0.253,-0.0851,0.0211,0.0372,0.0019,0.2093,30,5.0,1915.0,19320.0,0.4737,-0.0874,0.2573,-0.0303,0.0174,0.0736,-0.0044,-0.0548
Procambarus clarkii (native),xgboost,combined,benchmark,0,0.8478,0.4516,0.0842,0.7166,,,,,1,5.0,1915.0,19320.0,0.8478,0.4516,0.0842,0.7166,0.0,0.0,0.0,0.0
Procambarus clarkii (native),xgboost,combined,lowacc,3,0.8141,0.3731,0.0999,0.6112,0.0422,0.1169,0.0315,0.1712,30,5.0,1915.0,19320.0,0.8478,0.4516,0.0842,0.7166,-0.0337,-0.0785,0.0157,-0.1054
Procambarus clarkii (native),xgboost,combined,lowacc,10,0.8127,0.3562,0.0999,0.6158,0.0352,0.0964,0.0252,0.157,30,5.0,1915.0,19320.0,0.8478,0.4516,0.0842,0.7166,-0.035,-0.0954,0.0157,-0.1008
Procambarus clarkii (native),xgboost,combined,lowacc,20,0.8275,0.408,0.0808,0.6613,0.0244,0.0588,0.0039,0.1463,30,5.0,1915.0,19320.0,0.8478,0.4516,0.0842,0.7166,-0.0203,-0.0437,-0.0034,-0.0553
Procambarus clarkii (native),xgboost,local_only,benchmark,0,0.8478,0.4516,0.0842,0.7166,,,,,1,5.0,1915.0,19320.0,0.8478,0.4516,0.0842,0.7166,0.0,0.0,0.0,0.0
Procambarus clarkii (native),xgboost,local_only,lowacc,3,0.8141,0.3731,0.0999,0.6112,0.0422,0.1169,0.0315,0.1712,30,5.0,1915.0,19320.0,0.8478,0.4516,0.0842,0.7166,-0.0337,-0.0785,0.0157,-0.1054
Procambarus clarkii (native),xgboost,local_only,lowacc,10,0.8127,0.3562,0.0999,0.6158,0.0352,0.0964,0.0252,0.157,30,5.0,1915.0,19320.0,0.8478,0.4516,0.0842,0.7166,-0.035,-0.0954,0.0157,-0.1008
Procambarus clarkii (native),xgboost,local_only,lowacc,20,0.8275,0.408,0.0808,0.6613,0.0244,0.0588,0.0039,0.1463,30,5.0,1915.0,19320.0,0.8478,0.4516,0.0842,0.7166,-0.0203,-0.0437,-0.0034,-0.0553
Procambarus clarkii (native),xgboost,upstream_only,benchmark,0,0.4762,-0.08,0.3255,-0.1119,,,,,1,5.0,1915.0,19320.0,0.4762,-0.08,0.3255,-0.1119,0.0,0.0,0.0,0.0
Procambarus clarkii (native),xgboost,upstream_only,lowacc,3,0.4776,-0.0618,0.3342,-0.0144,0.0273,0.0377,0.0148,0.1883,30,5.0,1915.0,19320.0,0.4762,-0.08,0.3255,-0.1119,0.0013,0.0182,0.0087,0.0975
Procambarus clarkii (native),xgboost,upstream_only,lowacc,10,0.4783,-0.0643,0.3338,-0.0438,0.0253,0.0342,0.0141,0.1918,30,5.0,1915.0,19320.0,0.4762,-0.08,0.3255,-0.1119,0.0021,0.0157,0.0084,0.0681
Procambarus clarkii (native),xgboost,upstream_only,lowacc,20,0.4903,-0.0498,0.3214,-0.0252,0.0236,0.0331,0.0039,0.1824,30,5.0,1915.0,19320.0,0.4762,-0.08,0.3255,-0.1119,0.014,0.0302,-0.0041,0.0867
