entity_dir,track,level,all_n,all_coverage,all_msd_mean,all_msd_median,no_contam_n,no_contam_coverage,no_contam_msd_mean,no_contam_msd_median,no_pool_n,no_pool_coverage,no_pool_msd_mean,no_pool_msd_median,never_trained_n,never_trained_coverage,never_trained_msd_mean,never_trained_msd_median
Astacus_astacus,combined,10,14562,0.82097,0.03162,0.03066,14379,0.8294,0.03113,0.02995,12890,0.85275,0.02815,0.02546,12350,0.81522,0.03239,0.03311
Astacus_astacus,combined,20,14562,0.69345,0.05469,0.05287,14190,0.70881,0.05272,0.05061,12890,0.74213,0.04766,0.04418,12185,0.68748,0.05487,0.05469
Astacus_astacus,combined,3,14562,0.96697,0.01247,0.0092,14507,0.96981,0.01241,0.00907,12890,0.97355,0.01108,0.00732,12462,0.96702,0.01311,0.01123
Astacus_astacus,local_only,10,14562,0.83807,0.0315,0.02857,14379,0.84707,0.03097,0.02782,12890,0.87106,0.02788,0.02359,12350,0.83328,0.03249,0.03116
Astacus_astacus,local_only,20,14562,0.71707,0.05401,0.05105,14190,0.73298,0.05214,0.04883,12890,0.76734,0.04731,0.04238,12185,0.71096,0.05428,0.0528
Astacus_astacus,local_only,3,14562,0.9748,0.01189,0.00805,14507,0.97787,0.01183,0.00797,12890,0.98138,0.01058,0.00618,12462,0.97537,0.0124,0.01002
Astacus_astacus,upstream_only,10,14562,0.54738,0.03537,0.02296,14379,0.55289,0.03537,0.02296,12890,0.57649,0.03512,0.02296,12350,0.54769,0.03537,0.02296
Astacus_astacus,upstream_only,20,14562,0.49526,0.06009,0.04962,14190,0.50536,0.06009,0.04962,12890,0.53103,0.06009,0.04962,12185,0.49643,0.06009,0.04962
Astacus_astacus,upstream_only,3,14562,0.99629,0.01338,0.00062,14507,0.99697,0.01338,0.00062,12890,0.99713,0.01338,0.00062,12462,0.99663,0.01338,0.00062
Austropotamobius_fulcisianus_pooled,combined,10,12681,0.98872,0.01339,0.01018,12628,0.99066,0.01331,0.01008,12557,0.99092,0.01328,0.01002,11889,0.99016,0.01353,0.01041
Austropotamobius_fulcisianus_pooled,combined,20,12681,0.97177,0.01553,0.01247,12572,0.9763,0.01534,0.01217,12557,0.97635,0.01533,0.01215,11836,0.97491,0.01555,0.01248
Austropotamobius_fulcisianus_pooled,combined,3,12681,0.99748,0.00187,-0.00178,12667,0.99787,0.00187,-0.0018,12557,0.99785,0.00184,-0.00183,11925,0.99774,0.00193,-0.00168
Austropotamobius_fulcisianus_pooled,local_only,10,12681,0.98786,0.01985,0.01213,12628,0.98939,0.01978,0.01201,12557,0.98941,0.01977,0.01193,11889,0.98881,0.02002,0.01251
Austropotamobius_fulcisianus_pooled,local_only,20,12681,0.97059,0.02397,0.01664,12572,0.97463,0.02379,0.01625,12557,0.97476,0.02377,0.0162,11836,0.9733,0.02411,0.01695
Austropotamobius_fulcisianus_pooled,local_only,3,12681,0.99558,0.00498,-0.00168,12667,0.99597,0.00496,-0.00172,12557,0.99602,0.00495,-0.0018,11925,0.99581,0.00512,-0.00138
Austropotamobius_fulcisianus_pooled,upstream_only,10,12681,0.98462,-0.00041,-0.00161,12628,0.98535,-0.00041,-0.00161,12557,0.98559,-0.00041,-0.00161,11889,0.98461,-0.00041,-0.00161
Austropotamobius_fulcisianus_pooled,upstream_only,20,12681,0.97579,-0.00058,-0.00243,12572,0.97717,-0.00058,-0.00243,12557,0.9773,-0.00058,-0.00243,11836,0.97592,-0.00058,-0.00243
Austropotamobius_fulcisianus_pooled,upstream_only,3,12681,0.99716,0.00069,0.00036,12667,0.99747,0.00069,0.00036,12557,0.99761,0.00069,0.00036,11925,0.99732,0.00069,0.00036
Austropotamobius_torrentium_pooled,combined,10,11872,0.92621,0.01809,0.02103,11771,0.93306,0.01777,0.02058,10678,0.95673,0.01574,0.0172,10747,0.92668,0.01845,0.02211
Austropotamobius_torrentium_pooled,combined,20,11872,0.85184,0.03222,0.037,11670,0.86418,0.03161,0.03584,10678,0.90382,0.02885,0.03158,10650,0.85202,0.03228,0.03769
Austropotamobius_torrentium_pooled,combined,3,11872,0.98408,0.00671,0.00731,11842,0.98632,0.00668,0.0072,10678,0.99063,0.00608,0.00538,10814,0.98502,0.007,0.00808
Austropotamobius_torrentium_pooled,local_only,10,11872,0.92268,0.02277,0.02692,11771,0.92932,0.02256,0.02649,10678,0.9543,0.02031,0.02319,10747,0.92277,0.02308,0.02811
Austropotamobius_torrentium_pooled,local_only,20,11872,0.85049,0.03718,0.04131,11670,0.86247,0.03638,0.04029,10678,0.90251,0.03269,0.03607,10650,0.85033,0.03716,0.04201
Austropotamobius_torrentium_pooled,local_only,3,11872,0.984,0.0104,0.01225,11842,0.98624,0.01037,0.01218,10678,0.99054,0.00952,0.01031,10814,0.98493,0.01055,0.01307
Austropotamobius_torrentium_pooled,upstream_only,10,11872,0.97583,0.02118,0.0098,11771,0.97868,0.02118,0.0098,10678,0.98539,0.02118,0.0098,10747,0.97702,0.02118,0.0098
Austropotamobius_torrentium_pooled,upstream_only,20,11872,0.52005,0.04934,0.04208,11670,0.52751,0.04934,0.04208,10678,0.55376,0.04862,0.04208,10650,0.5262,0.04934,0.04208
Austropotamobius_torrentium_pooled,upstream_only,3,11872,0.99444,0.00741,-0.00643,11842,0.99527,0.00741,-0.00643,10678,0.997,0.00741,-0.00643,10814,0.99491,0.00741,-0.00643
Faxonius_limosus_alien,combined,10,20052,0.90904,0.01156,0.00582,19707,0.92145,0.01095,0.00494,18231,0.94976,0.00873,0.00195,15965,0.90548,0.01102,0.00706
Faxonius_limosus_alien,combined,20,20052,0.83463,0.01576,0.00985,19357,0.85928,0.01371,0.00737,18231,0.88657,0.01056,0.00406,15686,0.83431,0.01354,0.00938
Faxonius_limosus_alien,combined,3,20052,0.97432,0.00646,0.00137,19947,0.97834,0.00636,0.00117,18231,0.98557,0.00504,-0.00099,16160,0.97407,0.0066,0.00366
Faxonius_limosus_alien,local_only,10,20052,0.90754,0.00685,0.00957,19707,0.92079,0.00636,0.00868,18231,0.95014,0.00444,0.00619,15965,0.90348,0.00639,0.01119
Faxonius_limosus_alien,local_only,20,20052,0.84206,0.01017,0.01276,19357,0.86806,0.00841,0.0107,18231,0.89578,0.00575,0.00789,15686,0.84228,0.00814,0.01274
Faxonius_limosus_alien,local_only,3,20052,0.97407,0.00443,0.00624,19947,0.97839,0.00435,0.00608,18231,0.98618,0.00319,0.00431,16160,0.9737,0.00471,0.00883
Faxonius_limosus_alien,upstream_only,10,20052,0.54583,0.02423,0.01772,19707,0.55346,0.02423,0.01772,18231,0.5766,0.01921,0.01772,15965,0.54438,0.02423,0.01772
Faxonius_limosus_alien,upstream_only,20,20052,0.51396,0.04408,0.03871,19357,0.52921,0.03899,0.03871,18231,0.54874,0.02927,0.03664,15686,0.51607,0.04405,0.03871
Faxonius_limosus_alien,upstream_only,3,20052,0.98255,0.00737,-0.00133,19947,0.98396,0.00737,-0.00133,18231,0.98755,0.00737,-0.00133,16160,0.98051,0.00737,-0.00133
Pacifastacus_leniusculus_alien,combined,10,37449,0.9043,0.00982,0.00157,37071,0.9122,0.00964,0.00123,36569,0.91928,0.00942,0.00087,32947,0.90627,0.00964,0.00202
Pacifastacus_leniusculus_alien,combined,20,37449,0.85879,0.01746,0.00379,36701,0.87395,0.01686,0.00294,36569,0.87621,0.01676,0.00281,32626,0.86624,0.01679,0.00355
Pacifastacus_leniusculus_alien,combined,3,37449,0.96967,0.00308,-0.00228,37336,0.97214,0.00306,-0.00234,36569,0.97618,0.00294,-0.0027,33172,0.96964,0.00305,-0.00171
Pacifastacus_leniusculus_alien,local_only,10,37449,0.90854,0.01421,0.00232,37071,0.9164,0.01396,0.00176,36569,0.92278,0.01364,0.00106,32947,0.91107,0.01406,0.00274
Pacifastacus_leniusculus_alien,local_only,20,37449,0.86381,0.02386,0.00706,36701,0.87861,0.0231,0.00539,36569,0.88091,0.02295,0.00514,32626,0.87069,0.02321,0.00667
Pacifastacus_leniusculus_alien,local_only,3,37449,0.97375,0.00463,-0.0044,37336,0.97608,0.00459,-0.00448,36569,0.98012,0.00441,-0.00504,33172,0.97495,0.00466,-0.00358
Pacifastacus_leniusculus_alien,upstream_only,10,37449,0.62792,0.01358,0.01401,37071,0.63311,0.01278,0.01294,36569,0.63819,0.01198,0.01172,32947,0.63117,0.01327,0.01454
Pacifastacus_leniusculus_alien,upstream_only,20,37449,0.61187,0.02039,0.01955,36701,0.62189,0.01841,0.01662,36569,0.62362,0.0181,0.01615,32626,0.61865,0.01903,0.01838
Pacifastacus_leniusculus_alien,upstream_only,3,37449,0.99426,0.00514,6e-05,37336,0.99483,0.00503,6e-05,36569,0.99538,0.00455,6e-05,33172,0.99427,0.00526,6e-05
Pontastacus_leptodactylus_pooled,combined,10,22945,0.96309,0.00721,0.01827,22826,0.96592,0.0071,0.01805,22441,0.96645,0.00701,0.01796,21339,0.96363,0.00747,0.01958
Pontastacus_leptodactylus_pooled,combined,20,22945,0.91732,0.01261,0.02474,22722,0.9221,0.01232,0.02427,22441,0.92322,0.01224,0.02421,21239,0.91699,0.01286,0.02614
Pontastacus_leptodactylus_pooled,combined,3,22945,0.98823,0.0019,0.01162,22911,0.98887,0.00187,0.01158,22441,0.98886,0.00185,0.01157,21416,0.98814,0.00192,0.01283
Pontastacus_leptodactylus_pooled,local_only,10,22945,0.9613,0.00748,0.01771,22826,0.96394,0.00736,0.0175,22441,0.96471,0.00727,0.01747,21339,0.96157,0.00775,0.01928
Pontastacus_leptodactylus_pooled,local_only,20,22945,0.92338,0.01439,0.0261,22722,0.92835,0.01411,0.02577,22441,0.9295,0.01404,0.02573,21239,0.92401,0.01475,0.02778
Pontastacus_leptodactylus_pooled,local_only,3,22945,0.9891,0.00139,0.00945,22911,0.98979,0.00136,0.00941,22441,0.98975,0.00136,0.00942,21416,0.98907,0.00146,0.01063
Pontastacus_leptodactylus_pooled,upstream_only,10,22945,0.9844,0.0091,0.01172,22826,0.98554,0.0091,0.01172,22441,0.98587,0.0091,0.01172,21339,0.98454,0.0091,0.01172
Pontastacus_leptodactylus_pooled,upstream_only,20,22945,0.57978,0.01406,0.01615,22722,0.58327,0.01406,0.01615,22441,0.58527,0.01406,0.01615,21239,0.58162,0.01406,0.01615
Pontastacus_leptodactylus_pooled,upstream_only,3,22945,0.9949,0.00158,0.00518,22911,0.99516,0.00158,0.00518,22441,0.99519,0.00158,0.00518,21416,0.99482,0.00158,0.00518
Procambarus_clarkii_alien,combined,10,48267,0.98191,0.00528,-0.00123,47827,0.98549,0.00521,-0.00143,42080,0.99282,0.00484,-0.00282,40190,0.98323,0.00531,-0.00068
Procambarus_clarkii_alien,combined,20,48267,0.96126,0.0105,0.00374,47398,0.96837,0.01028,0.0033,42080,0.98365,0.00964,0.00166,39821,0.96364,0.01056,0.0042
Procambarus_clarkii_alien,combined,3,48267,0.99378,0.00204,-0.00457,48137,0.99485,0.00202,-0.00462,42080,0.99715,0.00189,-0.00564,40456,0.99402,0.00208,-0.00396
Procambarus_clarkii_alien,local_only,10,48267,0.9775,0.00259,-0.00174,47827,0.98189,0.00252,-0.00189,42080,0.99023,0.00211,-0.00303,40190,0.97907,0.00264,-0.00133
Procambarus_clarkii_alien,local_only,20,48267,0.95094,0.00395,-0.00068,47398,0.95983,0.00374,-0.001,42080,0.9789,0.00299,-0.00246,39821,0.95317,0.00401,-0.00027
Procambarus_clarkii_alien,local_only,3,48267,0.99246,0.00149,-0.0029,48137,0.99375,0.00148,-0.00293,42080,0.99544,0.00131,-0.0037,40456,0.99303,0.00154,-0.00247
Procambarus_clarkii_alien,upstream_only,10,48267,0.99215,0.00453,0.00462,47827,0.99383,0.00453,0.00462,42080,0.99693,0.00453,0.00236,40190,0.99296,0.00453,0.00462
Procambarus_clarkii_alien,upstream_only,20,48267,0.98448,0.00862,0.00824,47398,0.98766,0.00862,0.00824,42080,0.99346,0.00862,0.00695,39821,0.98604,0.00862,0.00824
Procambarus_clarkii_alien,upstream_only,3,48267,0.99644,0.00126,0.00144,48137,0.99703,0.00126,0.00144,42080,0.9986,0.00126,0.00037,40456,0.99647,0.00126,0.00144
Procambarus_clarkii_native,combined,10,19320,0.99534,0.00305,-0.03824,19237,0.99605,0.00303,-0.03868,19018,0.99616,0.00302,-0.03957,17333,0.99585,0.00301,-0.03828
Procambarus_clarkii_native,combined,20,19320,0.99161,0.0042,-0.03758,19147,0.993,0.00414,-0.0383,19018,0.99316,0.00412,-0.03899,17250,0.99264,0.00408,-0.03804
Procambarus_clarkii_native,combined,3,19320,0.99876,0.00133,-0.03846,19295,0.99891,0.00133,-0.03856,19018,0.9989,0.00132,-0.03993,17385,0.99891,0.00133,-0.03812
Procambarus_clarkii_native,local_only,10,19320,0.99524,0.00445,-0.02075,19237,0.996,0.00442,-0.02098,19018,0.99606,0.00441,-0.02163,17333,0.99562,0.0044,-0.02085
Procambarus_clarkii_native,local_only,20,19320,0.99105,0.00642,-0.02072,19147,0.99248,0.00636,-0.0213,19018,0.99269,0.00635,-0.02167,17250,0.99177,0.00629,-0.02125
Procambarus_clarkii_native,local_only,3,19320,0.9986,0.00215,-0.02149,19295,0.9987,0.00215,-0.02155,19018,0.99884,0.00214,-0.02223,17385,0.99862,0.00213,-0.02124
Procambarus_clarkii_native,upstream_only,10,19320,0.99612,9e-05,-0.00409,19237,0.99641,9e-05,-0.00409,19018,0.99642,0.00012,-0.00409,17333,0.99625,4e-05,-0.00409
Procambarus_clarkii_native,upstream_only,20,19320,0.99488,0.00016,-0.00227,19147,0.99582,0.00016,-0.00227,19018,0.99595,0.00016,-0.00227,17250,0.99548,0.00016,-0.00227
Procambarus_clarkii_native,upstream_only,3,19320,0.99896,3e-05,-0.0034,19295,0.99907,3e-05,-0.0034,19018,0.99905,4e-05,-0.0034,17385,0.99908,-3e-05,-0.0034
