bin,n,frac_over_mean,frac_over_median,entity_dir,track,level,mask
0,2913,0.99313,0.87745,Astacus_astacus,combined,10,all
1,2912,0.99622,0.85474,Astacus_astacus,combined,10,all
2,2912,0.9557,0.82795,Astacus_astacus,combined,10,all
3,2912,0.77988,0.78159,Astacus_astacus,combined,10,all
4,2913,0.4092,0.47957,Astacus_astacus,combined,10,all
0,2470,0.99433,0.87935,Astacus_astacus,combined,10,never_trained
1,2470,0.99555,0.86437,Astacus_astacus,combined,10,never_trained
2,2470,0.94899,0.83036,Astacus_astacus,combined,10,never_trained
3,2470,0.77854,0.82632,Astacus_astacus,combined,10,never_trained
4,2470,0.38745,0.45506,Astacus_astacus,combined,10,never_trained
0,2913,0.99554,0.92207,Astacus_astacus,combined,20,all
1,2912,0.99554,0.90213,Astacus_astacus,combined,20,all
2,2912,0.96463,0.87637,Astacus_astacus,combined,20,all
3,2912,0.76957,0.77644,Astacus_astacus,combined,20,all
4,2913,0.3656,0.41023,Astacus_astacus,combined,20,all
0,2437,0.99508,0.92245,Astacus_astacus,combined,20,never_trained
1,2437,0.99508,0.90644,Astacus_astacus,combined,20,never_trained
2,2437,0.95897,0.87608,Astacus_astacus,combined,20,never_trained
3,2437,0.76241,0.80673,Astacus_astacus,combined,20,never_trained
4,2437,0.33689,0.3808,Astacus_astacus,combined,20,never_trained
0,2913,0.97494,0.64092,Astacus_astacus,combined,3,all
1,2912,0.98214,0.66243,Astacus_astacus,combined,3,all
2,2912,0.94402,0.71497,Astacus_astacus,combined,3,all
3,2912,0.76236,0.70707,Astacus_astacus,combined,3,all
4,2913,0.46722,0.52901,Astacus_astacus,combined,3,all
0,2493,0.97433,0.66827,Astacus_astacus,combined,3,never_trained
1,2492,0.97953,0.6862,Astacus_astacus,combined,3,never_trained
2,2492,0.9378,0.73676,Astacus_astacus,combined,3,never_trained
3,2492,0.75441,0.76284,Astacus_astacus,combined,3,never_trained
4,2493,0.45407,0.50782,Astacus_astacus,combined,3,never_trained
0,2913,0.98661,0.87264,Astacus_astacus,local_only,10,all
1,2912,0.98283,0.81216,Astacus_astacus,local_only,10,all
2,2912,0.93681,0.8228,Astacus_astacus,local_only,10,all
3,2912,0.76854,0.77644,Astacus_astacus,local_only,10,all
4,2913,0.39341,0.47237,Astacus_astacus,local_only,10,all
0,2470,0.98988,0.88178,Astacus_astacus,local_only,10,never_trained
1,2470,0.98016,0.817,Astacus_astacus,local_only,10,never_trained
2,2470,0.92955,0.82874,Astacus_astacus,local_only,10,never_trained
3,2470,0.76397,0.81134,Astacus_astacus,local_only,10,never_trained
4,2470,0.37126,0.45344,Astacus_astacus,local_only,10,never_trained
0,2913,0.99039,0.91246,Astacus_astacus,local_only,20,all
1,2912,0.98455,0.87431,Astacus_astacus,local_only,20,all
2,2912,0.9557,0.87706,Astacus_astacus,local_only,20,all
3,2912,0.77953,0.79705,Astacus_astacus,local_only,20,all
4,2913,0.35393,0.40233,Astacus_astacus,local_only,20,all
0,2437,0.99179,0.9167,Astacus_astacus,local_only,20,never_trained
1,2437,0.98195,0.87279,Astacus_astacus,local_only,20,never_trained
2,2437,0.95281,0.87485,Astacus_astacus,local_only,20,never_trained
3,2437,0.77226,0.82191,Astacus_astacus,local_only,20,never_trained
4,2437,0.32663,0.37464,Astacus_astacus,local_only,20,never_trained
0,2913,0.97391,0.60728,Astacus_astacus,local_only,3,all
1,2912,0.96154,0.58036,Astacus_astacus,local_only,3,all
2,2912,0.91724,0.69712,Astacus_astacus,local_only,3,all
3,2912,0.75275,0.71772,Astacus_astacus,local_only,3,all
4,2913,0.46653,0.53175,Astacus_astacus,local_only,3,all
0,2493,0.97513,0.63939,Astacus_astacus,local_only,3,never_trained
1,2492,0.95746,0.59872,Astacus_astacus,local_only,3,never_trained
2,2492,0.90851,0.72753,Astacus_astacus,local_only,3,never_trained
3,2492,0.7508,0.76766,Astacus_astacus,local_only,3,never_trained
4,2493,0.45808,0.52828,Astacus_astacus,local_only,3,never_trained
0,2913,0.94988,0.65637,Astacus_astacus,upstream_only,10,all
1,2912,0.78228,0.56971,Astacus_astacus,upstream_only,10,all
2,2912,0.98798,0.9897,Astacus_astacus,upstream_only,10,all
3,2912,1.0,1.0,Astacus_astacus,upstream_only,10,all
4,2913,0.47511,0.52558,Astacus_astacus,upstream_only,10,all
0,2470,0.94899,0.66721,Astacus_astacus,upstream_only,10,never_trained
1,2470,0.78947,0.60243,Astacus_astacus,upstream_only,10,never_trained
2,2470,1.0,1.0,Astacus_astacus,upstream_only,10,never_trained
3,2470,1.0,1.0,Astacus_astacus,upstream_only,10,never_trained
4,2470,0.44818,0.51093,Astacus_astacus,upstream_only,10,never_trained
0,2913,0.97631,0.82183,Astacus_astacus,upstream_only,20,all
1,2912,0.80151,0.65694,Astacus_astacus,upstream_only,20,all
2,2912,0.98626,0.98798,Astacus_astacus,upstream_only,20,all
3,2912,1.0,1.0,Astacus_astacus,upstream_only,20,all
4,2913,0.44216,0.48438,Astacus_astacus,upstream_only,20,all
0,2437,0.97456,0.82519,Astacus_astacus,upstream_only,20,never_trained
1,2437,0.80878,0.67993,Astacus_astacus,upstream_only,20,never_trained
2,2437,1.0,1.0,Astacus_astacus,upstream_only,20,never_trained
3,2437,1.0,1.0,Astacus_astacus,upstream_only,20,never_trained
4,2437,0.40747,0.45876,Astacus_astacus,upstream_only,20,never_trained
0,2913,0.90113,0.33505,Astacus_astacus,upstream_only,3,all
1,2912,0.73283,0.41964,Astacus_astacus,upstream_only,3,all
2,2912,0.98764,0.99038,Astacus_astacus,upstream_only,3,all
3,2912,1.0,1.0,Astacus_astacus,upstream_only,3,all
4,2913,0.50841,0.54892,Astacus_astacus,upstream_only,3,all
0,2493,0.89611,0.3578,Astacus_astacus,upstream_only,3,never_trained
1,2492,0.73917,0.46188,Astacus_astacus,upstream_only,3,never_trained
2,2492,1.0,1.0,Astacus_astacus,upstream_only,3,never_trained
3,2492,1.0,1.0,Astacus_astacus,upstream_only,3,never_trained
4,2493,0.49258,0.54152,Astacus_astacus,upstream_only,3,never_trained
0,2537,0.97477,0.75641,Austropotamobius_fulcisianus_pooled,combined,10,all
1,2536,0.9791,0.71767,Austropotamobius_fulcisianus_pooled,combined,10,all
2,2536,0.88249,0.67705,Austropotamobius_fulcisianus_pooled,combined,10,all
3,2536,0.66956,0.63565,Austropotamobius_fulcisianus_pooled,combined,10,all
4,2536,0.54495,0.59621,Austropotamobius_fulcisianus_pooled,combined,10,all
0,2378,0.97561,0.76451,Austropotamobius_fulcisianus_pooled,combined,10,never_trained
1,2378,0.97981,0.71909,Austropotamobius_fulcisianus_pooled,combined,10,never_trained
2,2377,0.88725,0.68363,Austropotamobius_fulcisianus_pooled,combined,10,never_trained
3,2378,0.67199,0.64298,Austropotamobius_fulcisianus_pooled,combined,10,never_trained
4,2378,0.54163,0.5799,Austropotamobius_fulcisianus_pooled,combined,10,never_trained
0,2537,0.97872,0.76941,Austropotamobius_fulcisianus_pooled,combined,20,all
1,2536,0.96057,0.74054,Austropotamobius_fulcisianus_pooled,combined,20,all
2,2536,0.8336,0.69716,Austropotamobius_fulcisianus_pooled,combined,20,all
3,2536,0.64629,0.63249,Austropotamobius_fulcisianus_pooled,combined,20,all
4,2536,0.51538,0.57965,Austropotamobius_fulcisianus_pooled,combined,20,all
0,2368,0.98226,0.77998,Austropotamobius_fulcisianus_pooled,combined,20,never_trained
1,2367,0.96198,0.7406,Austropotamobius_fulcisianus_pooled,combined,20,never_trained
2,2367,0.84242,0.70469,Austropotamobius_fulcisianus_pooled,combined,20,never_trained
3,2367,0.64935,0.63921,Austropotamobius_fulcisianus_pooled,combined,20,never_trained
4,2367,0.50317,0.55471,Austropotamobius_fulcisianus_pooled,combined,20,never_trained
0,2537,0.69649,0.34292,Austropotamobius_fulcisianus_pooled,combined,3,all
1,2536,0.74487,0.35844,Austropotamobius_fulcisianus_pooled,combined,3,all
2,2536,0.70978,0.42074,Austropotamobius_fulcisianus_pooled,combined,3,all
3,2536,0.5903,0.52603,Austropotamobius_fulcisianus_pooled,combined,3,all
4,2536,0.52208,0.57334,Austropotamobius_fulcisianus_pooled,combined,3,all
0,2385,0.68889,0.34759,Austropotamobius_fulcisianus_pooled,combined,3,never_trained
1,2385,0.73836,0.36143,Austropotamobius_fulcisianus_pooled,combined,3,never_trained
2,2385,0.71572,0.42725,Austropotamobius_fulcisianus_pooled,combined,3,never_trained
3,2385,0.59455,0.53795,Austropotamobius_fulcisianus_pooled,combined,3,never_trained
4,2385,0.52411,0.56184,Austropotamobius_fulcisianus_pooled,combined,3,never_trained
0,2537,0.99488,0.91013,Austropotamobius_fulcisianus_pooled,local_only,10,all
1,2536,0.98147,0.67547,Austropotamobius_fulcisianus_pooled,local_only,10,all
2,2536,0.94401,0.47161,Austropotamobius_fulcisianus_pooled,local_only,10,all
3,2536,0.79101,0.5761,Austropotamobius_fulcisianus_pooled,local_only,10,all
4,2536,0.5414,0.61041,Austropotamobius_fulcisianus_pooled,local_only,10,all
0,2378,0.99495,0.91127,Austropotamobius_fulcisianus_pooled,local_only,10,never_trained
1,2378,0.98318,0.67998,Austropotamobius_fulcisianus_pooled,local_only,10,never_trained
2,2377,0.94783,0.47413,Austropotamobius_fulcisianus_pooled,local_only,10,never_trained
3,2378,0.79899,0.58957,Austropotamobius_fulcisianus_pooled,local_only,10,never_trained
4,2378,0.53995,0.60093,Austropotamobius_fulcisianus_pooled,local_only,10,never_trained
0,2537,0.99527,0.94363,Austropotamobius_fulcisianus_pooled,local_only,20,all
1,2536,0.98344,0.75355,Austropotamobius_fulcisianus_pooled,local_only,20,all
2,2536,0.94874,0.53785,Austropotamobius_fulcisianus_pooled,local_only,20,all
3,2536,0.69795,0.55323,Austropotamobius_fulcisianus_pooled,local_only,20,all
4,2536,0.4511,0.54298,Austropotamobius_fulcisianus_pooled,local_only,20,all
0,2368,0.99535,0.94468,Austropotamobius_fulcisianus_pooled,local_only,20,never_trained
1,2367,0.98352,0.75708,Austropotamobius_fulcisianus_pooled,local_only,20,never_trained
2,2367,0.95395,0.54246,Austropotamobius_fulcisianus_pooled,local_only,20,never_trained
3,2367,0.7068,0.56316,Austropotamobius_fulcisianus_pooled,local_only,20,never_trained
4,2367,0.44022,0.52725,Austropotamobius_fulcisianus_pooled,local_only,20,never_trained
0,2537,0.8652,0.58573,Austropotamobius_fulcisianus_pooled,local_only,3,all
1,2536,0.73186,0.35726,Austropotamobius_fulcisianus_pooled,local_only,3,all
2,2536,0.75394,0.32295,Austropotamobius_fulcisianus_pooled,local_only,3,all
3,2536,0.67784,0.46451,Austropotamobius_fulcisianus_pooled,local_only,3,all
4,2536,0.55521,0.59424,Austropotamobius_fulcisianus_pooled,local_only,3,all
0,2385,0.86751,0.59623,Austropotamobius_fulcisianus_pooled,local_only,3,never_trained
1,2385,0.73711,0.36017,Austropotamobius_fulcisianus_pooled,local_only,3,never_trained
2,2385,0.75723,0.32746,Austropotamobius_fulcisianus_pooled,local_only,3,never_trained
3,2385,0.6826,0.48008,Austropotamobius_fulcisianus_pooled,local_only,3,never_trained
4,2385,0.55178,0.58574,Austropotamobius_fulcisianus_pooled,local_only,3,never_trained
0,2537,0.71186,0.38076,Austropotamobius_fulcisianus_pooled,upstream_only,10,all
1,2536,0.48304,0.43809,Austropotamobius_fulcisianus_pooled,upstream_only,10,all
2,2536,0.26617,0.36554,Austropotamobius_fulcisianus_pooled,upstream_only,10,all
3,2536,0.0,0.0,Austropotamobius_fulcisianus_pooled,upstream_only,10,all
4,2536,0.153,0.12303,Austropotamobius_fulcisianus_pooled,upstream_only,10,all
0,2378,0.71236,0.38099,Austropotamobius_fulcisianus_pooled,upstream_only,10,never_trained
1,2378,0.48528,0.44659,Austropotamobius_fulcisianus_pooled,upstream_only,10,never_trained
2,2377,0.26798,0.36432,Austropotamobius_fulcisianus_pooled,upstream_only,10,never_trained
3,2378,0.0,0.0,Austropotamobius_fulcisianus_pooled,upstream_only,10,never_trained
4,2378,0.15601,0.12405,Austropotamobius_fulcisianus_pooled,upstream_only,10,never_trained
0,2537,0.73157,0.4324,Austropotamobius_fulcisianus_pooled,upstream_only,20,all
1,2536,0.45978,0.45347,Austropotamobius_fulcisianus_pooled,upstream_only,20,all
2,2536,0.25,0.3545,Austropotamobius_fulcisianus_pooled,upstream_only,20,all
3,2536,0.0,0.0,Austropotamobius_fulcisianus_pooled,upstream_only,20,all
4,2536,0.15497,0.1321,Austropotamobius_fulcisianus_pooled,upstream_only,20,all
0,2368,0.73564,0.4375,Austropotamobius_fulcisianus_pooled,upstream_only,20,never_trained
1,2367,0.46219,0.45923,Austropotamobius_fulcisianus_pooled,upstream_only,20,never_trained
2,2367,0.25813,0.36079,Austropotamobius_fulcisianus_pooled,upstream_only,20,never_trained
3,2367,0.0,0.0,Austropotamobius_fulcisianus_pooled,upstream_only,20,never_trained
4,2367,0.15082,0.12632,Austropotamobius_fulcisianus_pooled,upstream_only,20,never_trained
0,2537,0.18329,0.16043,Austropotamobius_fulcisianus_pooled,upstream_only,3,all
1,2536,0.30126,0.30047,Austropotamobius_fulcisianus_pooled,upstream_only,3,all
2,2536,0.73935,0.84819,Austropotamobius_fulcisianus_pooled,upstream_only,3,all
3,2536,1.0,1.0,Austropotamobius_fulcisianus_pooled,upstream_only,3,all
4,2536,0.83162,0.7985,Austropotamobius_fulcisianus_pooled,upstream_only,3,all
0,2385,0.18449,0.16143,Austropotamobius_fulcisianus_pooled,upstream_only,3,never_trained
1,2385,0.30566,0.30776,Austropotamobius_fulcisianus_pooled,upstream_only,3,never_trained
2,2385,0.73836,0.84696,Austropotamobius_fulcisianus_pooled,upstream_only,3,never_trained
3,2385,1.0,1.0,Austropotamobius_fulcisianus_pooled,upstream_only,3,never_trained
4,2385,0.82096,0.78574,Austropotamobius_fulcisianus_pooled,upstream_only,3,never_trained
0,2375,0.91958,0.69937,Austropotamobius_torrentium_pooled,combined,10,all
1,2374,0.97894,0.75906,Austropotamobius_torrentium_pooled,combined,10,all
2,2374,0.94861,0.754,Austropotamobius_torrentium_pooled,combined,10,all
3,2374,0.79612,0.79107,Austropotamobius_torrentium_pooled,combined,10,all
4,2375,0.58989,0.64,Austropotamobius_torrentium_pooled,combined,10,all
0,2150,0.91907,0.69581,Austropotamobius_torrentium_pooled,combined,10,never_trained
1,2149,0.97673,0.76408,Austropotamobius_torrentium_pooled,combined,10,never_trained
2,2149,0.94463,0.76175,Austropotamobius_torrentium_pooled,combined,10,never_trained
3,2149,0.79572,0.80782,Austropotamobius_torrentium_pooled,combined,10,never_trained
4,2150,0.58372,0.62651,Austropotamobius_torrentium_pooled,combined,10,never_trained
0,2375,0.90358,0.77263,Austropotamobius_torrentium_pooled,combined,20,all
1,2374,0.97599,0.87995,Austropotamobius_torrentium_pooled,combined,20,all
2,2374,0.96883,0.87869,Austropotamobius_torrentium_pooled,combined,20,all
3,2374,0.84246,0.83909,Austropotamobius_torrentium_pooled,combined,20,all
4,2375,0.55579,0.62653,Austropotamobius_torrentium_pooled,combined,20,all
0,2130,0.9,0.7662,Austropotamobius_torrentium_pooled,combined,20,never_trained
1,2130,0.97418,0.88122,Austropotamobius_torrentium_pooled,combined,20,never_trained
2,2130,0.9662,0.88169,Austropotamobius_torrentium_pooled,combined,20,never_trained
3,2130,0.83662,0.84366,Austropotamobius_torrentium_pooled,combined,20,never_trained
4,2130,0.54272,0.60986,Austropotamobius_torrentium_pooled,combined,20,never_trained
0,2375,0.89684,0.55495,Austropotamobius_torrentium_pooled,combined,3,all
1,2374,0.94103,0.58551,Austropotamobius_torrentium_pooled,combined,3,all
2,2374,0.8909,0.60152,Austropotamobius_torrentium_pooled,combined,3,all
3,2374,0.71693,0.72409,Austropotamobius_torrentium_pooled,combined,3,all
4,2375,0.52674,0.61221,Austropotamobius_torrentium_pooled,combined,3,all
0,2163,0.89552,0.55895,Austropotamobius_torrentium_pooled,combined,3,never_trained
1,2163,0.93897,0.59732,Austropotamobius_torrentium_pooled,combined,3,never_trained
2,2162,0.88853,0.61055,Austropotamobius_torrentium_pooled,combined,3,never_trained
3,2163,0.71336,0.74526,Austropotamobius_torrentium_pooled,combined,3,never_trained
4,2163,0.51826,0.59963,Austropotamobius_torrentium_pooled,combined,3,never_trained
0,2375,0.95411,0.78021,Austropotamobius_torrentium_pooled,local_only,10,all
1,2374,0.97515,0.83614,Austropotamobius_torrentium_pooled,local_only,10,all
2,2374,0.92797,0.79697,Austropotamobius_torrentium_pooled,local_only,10,all
3,2374,0.78138,0.79233,Austropotamobius_torrentium_pooled,local_only,10,all
4,2375,0.54189,0.65011,Austropotamobius_torrentium_pooled,local_only,10,all
0,2150,0.95349,0.78279,Austropotamobius_torrentium_pooled,local_only,10,never_trained
1,2149,0.97301,0.83806,Austropotamobius_torrentium_pooled,local_only,10,never_trained
2,2149,0.92275,0.80409,Austropotamobius_torrentium_pooled,local_only,10,never_trained
3,2149,0.78362,0.80456,Austropotamobius_torrentium_pooled,local_only,10,never_trained
4,2150,0.53721,0.63302,Austropotamobius_torrentium_pooled,local_only,10,never_trained
0,2375,0.95705,0.88168,Austropotamobius_torrentium_pooled,local_only,20,all
1,2374,0.97936,0.93471,Austropotamobius_torrentium_pooled,local_only,20,all
2,2374,0.94693,0.88964,Austropotamobius_torrentium_pooled,local_only,20,all
3,2374,0.75442,0.77085,Austropotamobius_torrentium_pooled,local_only,20,all
4,2375,0.48842,0.60379,Austropotamobius_torrentium_pooled,local_only,20,all
0,2130,0.95399,0.87887,Austropotamobius_torrentium_pooled,local_only,20,never_trained
1,2130,0.9784,0.93615,Austropotamobius_torrentium_pooled,local_only,20,never_trained
2,2130,0.94319,0.8892,Austropotamobius_torrentium_pooled,local_only,20,never_trained
3,2130,0.74695,0.78028,Austropotamobius_torrentium_pooled,local_only,20,never_trained
4,2130,0.47934,0.58075,Austropotamobius_torrentium_pooled,local_only,20,never_trained
0,2375,0.93516,0.64,Austropotamobius_torrentium_pooled,local_only,3,all
1,2374,0.93345,0.67439,Austropotamobius_torrentium_pooled,local_only,3,all
2,2374,0.86184,0.68281,Austropotamobius_torrentium_pooled,local_only,3,all
3,2374,0.71314,0.74052,Austropotamobius_torrentium_pooled,local_only,3,all
4,2375,0.47747,0.624,Austropotamobius_torrentium_pooled,local_only,3,all
0,2163,0.93481,0.64771,Austropotamobius_torrentium_pooled,local_only,3,never_trained
1,2163,0.93065,0.67822,Austropotamobius_torrentium_pooled,local_only,3,never_trained
2,2162,0.85615,0.69426,Austropotamobius_torrentium_pooled,local_only,3,never_trained
3,2163,0.70966,0.75913,Austropotamobius_torrentium_pooled,local_only,3,never_trained
4,2163,0.4711,0.6061,Austropotamobius_torrentium_pooled,local_only,3,never_trained
0,2375,0.88126,0.36547,Austropotamobius_torrentium_pooled,upstream_only,10,all
1,2374,0.63395,0.50168,Austropotamobius_torrentium_pooled,upstream_only,10,all
2,2374,0.93808,0.93639,Austropotamobius_torrentium_pooled,upstream_only,10,all
3,2374,1.0,1.0,Austropotamobius_torrentium_pooled,upstream_only,10,all
4,2375,0.75411,0.80547,Austropotamobius_torrentium_pooled,upstream_only,10,all
0,2150,0.87953,0.36419,Austropotamobius_torrentium_pooled,upstream_only,10,never_trained
1,2149,0.63844,0.51605,Austropotamobius_torrentium_pooled,upstream_only,10,never_trained
2,2149,0.94276,0.9423,Austropotamobius_torrentium_pooled,upstream_only,10,never_trained
3,2149,1.0,1.0,Austropotamobius_torrentium_pooled,upstream_only,10,never_trained
4,2150,0.74372,0.79535,Austropotamobius_torrentium_pooled,upstream_only,10,never_trained
0,2375,0.83874,0.45305,Austropotamobius_torrentium_pooled,upstream_only,20,all
1,2374,0.55644,0.49789,Austropotamobius_torrentium_pooled,upstream_only,20,all
2,2374,0.92207,0.9326,Austropotamobius_torrentium_pooled,upstream_only,20,all
3,2374,1.0,1.0,Austropotamobius_torrentium_pooled,upstream_only,20,all
4,2375,0.72589,0.78358,Austropotamobius_torrentium_pooled,upstream_only,20,all
0,2130,0.83615,0.45023,Austropotamobius_torrentium_pooled,upstream_only,20,never_trained
1,2130,0.55775,0.50704,Austropotamobius_torrentium_pooled,upstream_only,20,never_trained
2,2130,0.92207,0.93192,Austropotamobius_torrentium_pooled,upstream_only,20,never_trained
3,2130,1.0,1.0,Austropotamobius_torrentium_pooled,upstream_only,20,never_trained
4,2130,0.7108,0.76948,Austropotamobius_torrentium_pooled,upstream_only,20,never_trained
0,2375,0.79916,0.26358,Austropotamobius_torrentium_pooled,upstream_only,3,all
1,2374,0.62005,0.43345,Austropotamobius_torrentium_pooled,upstream_only,3,all
2,2374,0.92586,0.09436,Austropotamobius_torrentium_pooled,upstream_only,3,all
3,2374,1.0,0.0,Austropotamobius_torrentium_pooled,upstream_only,3,all
4,2375,0.69474,0.40168,Austropotamobius_torrentium_pooled,upstream_only,3,all
0,2163,0.7938,0.26537,Austropotamobius_torrentium_pooled,upstream_only,3,never_trained
1,2163,0.62367,0.45169,Austropotamobius_torrentium_pooled,upstream_only,3,never_trained
2,2162,0.93432,0.08326,Austropotamobius_torrentium_pooled,upstream_only,3,never_trained
3,2163,1.0,0.0,Austropotamobius_torrentium_pooled,upstream_only,3,never_trained
4,2163,0.67638,0.42441,Austropotamobius_torrentium_pooled,upstream_only,3,never_trained
0,4011,0.95338,0.6193,Faxonius_limosus_alien,combined,10,all
1,4010,0.81571,0.68404,Faxonius_limosus_alien,combined,10,all
2,4010,0.62319,0.56983,Faxonius_limosus_alien,combined,10,all
3,4010,0.52195,0.52793,Faxonius_limosus_alien,combined,10,all
4,4011,0.36899,0.40189,Faxonius_limosus_alien,combined,10,all
0,3193,0.95553,0.67867,Faxonius_limosus_alien,combined,10,never_trained
1,3193,0.80113,0.71187,Faxonius_limosus_alien,combined,10,never_trained
2,3193,0.601,0.60132,Faxonius_limosus_alien,combined,10,never_trained
3,3193,0.50298,0.51237,Faxonius_limosus_alien,combined,10,never_trained
4,3193,0.34043,0.37112,Faxonius_limosus_alien,combined,10,never_trained
0,4011,0.95836,0.77238,Faxonius_limosus_alien,combined,20,all
1,4010,0.81895,0.72643,Faxonius_limosus_alien,combined,20,all
2,4010,0.60249,0.57307,Faxonius_limosus_alien,combined,20,all
3,4010,0.45436,0.47282,Faxonius_limosus_alien,combined,20,all
4,4011,0.29419,0.33059,Faxonius_limosus_alien,combined,20,all
0,3138,0.95889,0.81612,Faxonius_limosus_alien,combined,20,never_trained
1,3137,0.7963,0.7402,Faxonius_limosus_alien,combined,20,never_trained
2,3137,0.56901,0.5738,Faxonius_limosus_alien,combined,20,never_trained
3,3137,0.42302,0.4431,Faxonius_limosus_alien,combined,20,never_trained
4,3137,0.26172,0.2904,Faxonius_limosus_alien,combined,20,never_trained
0,4011,0.93169,0.43954,Faxonius_limosus_alien,combined,3,all
1,4010,0.77581,0.6202,Faxonius_limosus_alien,combined,3,all
2,4010,0.61895,0.55237,Faxonius_limosus_alien,combined,3,all
3,4010,0.53017,0.53965,Faxonius_limosus_alien,combined,3,all
4,4011,0.41212,0.44303,Faxonius_limosus_alien,combined,3,all
0,3232,0.93069,0.49319,Faxonius_limosus_alien,combined,3,never_trained
1,3232,0.77321,0.67884,Faxonius_limosus_alien,combined,3,never_trained
2,3232,0.60582,0.6117,Faxonius_limosus_alien,combined,3,never_trained
3,3232,0.52073,0.54672,Faxonius_limosus_alien,combined,3,never_trained
4,3232,0.39759,0.42358,Faxonius_limosus_alien,combined,3,never_trained
0,4011,0.85939,0.65071,Faxonius_limosus_alien,local_only,10,all
1,4010,0.71172,0.66334,Faxonius_limosus_alien,local_only,10,all
2,4010,0.61297,0.7005,Faxonius_limosus_alien,local_only,10,all
3,4010,0.50075,0.63641,Faxonius_limosus_alien,local_only,10,all
4,4011,0.3812,0.40987,Faxonius_limosus_alien,local_only,10,all
0,3193,0.85687,0.71062,Faxonius_limosus_alien,local_only,10,never_trained
1,3193,0.70247,0.72095,Faxonius_limosus_alien,local_only,10,never_trained
2,3193,0.59317,0.72534,Faxonius_limosus_alien,local_only,10,never_trained
3,3193,0.48043,0.61635,Faxonius_limosus_alien,local_only,10,never_trained
4,3193,0.35171,0.3539,Faxonius_limosus_alien,local_only,10,never_trained
0,4011,0.88581,0.77088,Faxonius_limosus_alien,local_only,20,all
1,4010,0.7404,0.70648,Faxonius_limosus_alien,local_only,20,all
2,4010,0.59875,0.67531,Faxonius_limosus_alien,local_only,20,all
3,4010,0.45337,0.57182,Faxonius_limosus_alien,local_only,20,all
4,4011,0.3084,0.34056,Faxonius_limosus_alien,local_only,20,all
0,3138,0.88815,0.81517,Faxonius_limosus_alien,local_only,20,never_trained
1,3137,0.72011,0.74084,Faxonius_limosus_alien,local_only,20,never_trained
2,3137,0.56742,0.68282,Faxonius_limosus_alien,local_only,20,never_trained
3,3137,0.41568,0.52853,Faxonius_limosus_alien,local_only,20,never_trained
4,3137,0.2767,0.27957,Faxonius_limosus_alien,local_only,20,never_trained
0,4011,0.80429,0.51857,Faxonius_limosus_alien,local_only,3,all
1,4010,0.68279,0.60175,Faxonius_limosus_alien,local_only,3,all
2,4010,0.64564,0.71397,Faxonius_limosus_alien,local_only,3,all
3,4010,0.56733,0.67855,Faxonius_limosus_alien,local_only,3,all
4,4011,0.44428,0.44752,Faxonius_limosus_alien,local_only,3,all
0,3232,0.80755,0.58663,Faxonius_limosus_alien,local_only,3,never_trained
1,3232,0.68626,0.69121,Faxonius_limosus_alien,local_only,3,never_trained
2,3232,0.64202,0.76207,Faxonius_limosus_alien,local_only,3,never_trained
3,3232,0.556,0.67358,Faxonius_limosus_alien,local_only,3,never_trained
4,3232,0.43038,0.40532,Faxonius_limosus_alien,local_only,3,never_trained
0,4011,0.5101,0.46597,Faxonius_limosus_alien,upstream_only,10,all
1,4010,0.42494,0.48778,Faxonius_limosus_alien,upstream_only,10,all
2,4010,0.99626,0.99576,Faxonius_limosus_alien,upstream_only,10,all
3,4010,1.0,1.0,Faxonius_limosus_alien,upstream_only,10,all
4,4011,0.47968,0.4924,Faxonius_limosus_alien,upstream_only,10,all
0,3193,0.50204,0.51206,Faxonius_limosus_alien,upstream_only,10,never_trained
1,3193,0.49327,0.57783,Faxonius_limosus_alien,upstream_only,10,never_trained
2,3193,1.0,1.0,Faxonius_limosus_alien,upstream_only,10,never_trained
3,3193,0.99217,0.99217,Faxonius_limosus_alien,upstream_only,10,never_trained
4,3193,0.40025,0.40714,Faxonius_limosus_alien,upstream_only,10,never_trained
0,4011,0.49564,0.48716,Faxonius_limosus_alien,upstream_only,20,all
1,4010,0.4197,0.45985,Faxonius_limosus_alien,upstream_only,20,all
2,4010,0.99601,0.99576,Faxonius_limosus_alien,upstream_only,20,all
3,4010,1.0,1.0,Faxonius_limosus_alien,upstream_only,20,all
4,4011,0.43381,0.44054,Faxonius_limosus_alien,upstream_only,20,all
0,3138,0.48693,0.51147,Faxonius_limosus_alien,upstream_only,20,never_trained
1,3137,0.47211,0.53044,Faxonius_limosus_alien,upstream_only,20,never_trained
2,3137,1.0,1.0,Faxonius_limosus_alien,upstream_only,20,never_trained
3,3137,0.98789,0.98852,Faxonius_limosus_alien,upstream_only,20,never_trained
4,3137,0.34013,0.33822,Faxonius_limosus_alien,upstream_only,20,never_trained
0,4011,0.49838,0.45824,Faxonius_limosus_alien,upstream_only,3,all
1,4010,0.47456,0.53292,Faxonius_limosus_alien,upstream_only,3,all
2,4010,0.99676,0.00424,Faxonius_limosus_alien,upstream_only,3,all
3,4010,1.0,0.0,Faxonius_limosus_alien,upstream_only,3,all
4,4011,0.54051,0.4176,Faxonius_limosus_alien,upstream_only,3,all
0,3232,0.49876,0.51764,Faxonius_limosus_alien,upstream_only,3,never_trained
1,3232,0.54796,0.50309,Faxonius_limosus_alien,upstream_only,3,never_trained
2,3232,1.0,0.0,Faxonius_limosus_alien,upstream_only,3,never_trained
3,3232,0.99319,0.00619,Faxonius_limosus_alien,upstream_only,3,never_trained
4,3232,0.47741,0.4672,Faxonius_limosus_alien,upstream_only,3,never_trained
0,7490,0.90788,0.32697,Pacifastacus_leniusculus_alien,combined,10,all
1,7490,0.91055,0.39893,Pacifastacus_leniusculus_alien,combined,10,all
2,7489,0.8212,0.73428,Pacifastacus_leniusculus_alien,combined,10,all
3,7490,0.67397,0.64806,Pacifastacus_leniusculus_alien,combined,10,all
4,7490,0.47891,0.5235,Pacifastacus_leniusculus_alien,combined,10,all
0,6590,0.90971,0.33748,Pacifastacus_leniusculus_alien,combined,10,never_trained
1,6589,0.90818,0.39748,Pacifastacus_leniusculus_alien,combined,10,never_trained
2,6589,0.8156,0.74124,Pacifastacus_leniusculus_alien,combined,10,never_trained
3,6589,0.67431,0.67901,Pacifastacus_leniusculus_alien,combined,10,never_trained
4,6590,0.46039,0.51047,Pacifastacus_leniusculus_alien,combined,10,never_trained
0,7490,0.92603,0.41535,Pacifastacus_leniusculus_alien,combined,20,all
1,7490,0.93057,0.45928,Pacifastacus_leniusculus_alien,combined,20,all
2,7489,0.83309,0.75911,Pacifastacus_leniusculus_alien,combined,20,all
3,7490,0.6733,0.63511,Pacifastacus_leniusculus_alien,combined,20,all
4,7490,0.44206,0.48571,Pacifastacus_leniusculus_alien,combined,20,all
0,6526,0.92783,0.42063,Pacifastacus_leniusculus_alien,combined,20,never_trained
1,6525,0.92904,0.45303,Pacifastacus_leniusculus_alien,combined,20,never_trained
2,6525,0.82529,0.75326,Pacifastacus_leniusculus_alien,combined,20,never_trained
3,6525,0.66927,0.65241,Pacifastacus_leniusculus_alien,combined,20,never_trained
4,6525,0.41762,0.46483,Pacifastacus_leniusculus_alien,combined,20,never_trained
0,7490,0.84793,0.18318,Pacifastacus_leniusculus_alien,combined,3,all
1,7490,0.86435,0.29092,Pacifastacus_leniusculus_alien,combined,3,all
2,7489,0.77634,0.64508,Pacifastacus_leniusculus_alien,combined,3,all
3,7490,0.64486,0.57303,Pacifastacus_leniusculus_alien,combined,3,all
4,7490,0.4972,0.53405,Pacifastacus_leniusculus_alien,combined,3,all
0,6635,0.84748,0.19156,Pacifastacus_leniusculus_alien,combined,3,never_trained
1,6634,0.85936,0.2959,Pacifastacus_leniusculus_alien,combined,3,never_trained
2,6634,0.76997,0.66928,Pacifastacus_leniusculus_alien,combined,3,never_trained
3,6634,0.64622,0.61019,Pacifastacus_leniusculus_alien,combined,3,never_trained
4,6635,0.48425,0.53097,Pacifastacus_leniusculus_alien,combined,3,never_trained
0,7490,0.97543,0.76756,Pacifastacus_leniusculus_alien,local_only,10,all
1,7490,0.94526,0.38505,Pacifastacus_leniusculus_alien,local_only,10,all
2,7489,0.6567,0.4345,Pacifastacus_leniusculus_alien,local_only,10,all
3,7490,0.53551,0.48531,Pacifastacus_leniusculus_alien,local_only,10,all
4,7490,0.453,0.53031,Pacifastacus_leniusculus_alien,local_only,10,all
0,6590,0.97618,0.76388,Pacifastacus_leniusculus_alien,local_only,10,never_trained
1,6589,0.94506,0.37957,Pacifastacus_leniusculus_alien,local_only,10,never_trained
2,6589,0.6608,0.44362,Pacifastacus_leniusculus_alien,local_only,10,never_trained
3,6589,0.5277,0.51434,Pacifastacus_leniusculus_alien,local_only,10,never_trained
4,6590,0.43338,0.52094,Pacifastacus_leniusculus_alien,local_only,10,never_trained
0,7490,0.98211,0.79626,Pacifastacus_leniusculus_alien,local_only,20,all
1,7490,0.95714,0.4271,Pacifastacus_leniusculus_alien,local_only,20,all
2,7489,0.67873,0.48284,Pacifastacus_leniusculus_alien,local_only,20,all
3,7490,0.5231,0.4992,Pacifastacus_leniusculus_alien,local_only,20,all
4,7490,0.43057,0.48985,Pacifastacus_leniusculus_alien,local_only,20,all
0,6526,0.98284,0.7939,Pacifastacus_leniusculus_alien,local_only,20,never_trained
1,6525,0.95632,0.41793,Pacifastacus_leniusculus_alien,local_only,20,never_trained
2,6525,0.68261,0.4872,Pacifastacus_leniusculus_alien,local_only,20,never_trained
3,6525,0.50805,0.5105,Pacifastacus_leniusculus_alien,local_only,20,never_trained
4,6525,0.40506,0.47218,Pacifastacus_leniusculus_alien,local_only,20,never_trained
0,7490,0.96636,0.45087,Pacifastacus_leniusculus_alien,local_only,3,all
1,7490,0.92243,0.2968,Pacifastacus_leniusculus_alien,local_only,3,all
2,7489,0.6384,0.38483,Pacifastacus_leniusculus_alien,local_only,3,all
3,7490,0.57316,0.44339,Pacifastacus_leniusculus_alien,local_only,3,all
4,7490,0.49226,0.55274,Pacifastacus_leniusculus_alien,local_only,3,all
0,6635,0.96594,0.44989,Pacifastacus_leniusculus_alien,local_only,3,never_trained
1,6634,0.92011,0.29907,Pacifastacus_leniusculus_alien,local_only,3,never_trained
2,6634,0.64245,0.39901,Pacifastacus_leniusculus_alien,local_only,3,never_trained
3,6634,0.57974,0.49276,Pacifastacus_leniusculus_alien,local_only,3,never_trained
4,6635,0.48365,0.55388,Pacifastacus_leniusculus_alien,local_only,3,never_trained
0,7490,0.51602,0.17891,Pacifastacus_leniusculus_alien,upstream_only,10,all
1,7490,0.57223,0.40587,Pacifastacus_leniusculus_alien,upstream_only,10,all
2,7489,0.726,0.66564,Pacifastacus_leniusculus_alien,upstream_only,10,all
3,7490,1.0,1.0,Pacifastacus_leniusculus_alien,upstream_only,10,all
4,7490,0.6259,0.66849,Pacifastacus_leniusculus_alien,upstream_only,10,all
0,6590,0.51487,0.17891,Pacifastacus_leniusculus_alien,upstream_only,10,never_trained
1,6589,0.56746,0.4119,Pacifastacus_leniusculus_alien,upstream_only,10,never_trained
2,6589,0.73608,0.68918,Pacifastacus_leniusculus_alien,upstream_only,10,never_trained
3,6589,1.0,1.0,Pacifastacus_leniusculus_alien,upstream_only,10,never_trained
4,6590,0.60273,0.65008,Pacifastacus_leniusculus_alien,upstream_only,10,never_trained
0,7490,0.47383,0.19399,Pacifastacus_leniusculus_alien,upstream_only,20,all
1,7490,0.5761,0.46742,Pacifastacus_leniusculus_alien,upstream_only,20,all
2,7489,0.71839,0.67673,Pacifastacus_leniusculus_alien,upstream_only,20,all
3,7490,1.0,1.0,Pacifastacus_leniusculus_alien,upstream_only,20,all
4,7490,0.58838,0.63378,Pacifastacus_leniusculus_alien,upstream_only,20,all
0,6526,0.47089,0.19323,Pacifastacus_leniusculus_alien,upstream_only,20,never_trained
1,6525,0.56812,0.46437,Pacifastacus_leniusculus_alien,upstream_only,20,never_trained
2,6525,0.71969,0.68812,Pacifastacus_leniusculus_alien,upstream_only,20,never_trained
3,6525,1.0,1.0,Pacifastacus_leniusculus_alien,upstream_only,20,never_trained
4,6525,0.55862,0.60874,Pacifastacus_leniusculus_alien,upstream_only,20,never_trained
0,7490,0.55888,0.12577,Pacifastacus_leniusculus_alien,upstream_only,3,all
1,7490,0.57971,0.31148,Pacifastacus_leniusculus_alien,upstream_only,3,all
2,7489,0.71999,0.63079,Pacifastacus_leniusculus_alien,upstream_only,3,all
3,7490,1.0,1.0,Pacifastacus_leniusculus_alien,upstream_only,3,all
4,7490,0.64753,0.68091,Pacifastacus_leniusculus_alien,upstream_only,3,all
0,6635,0.55855,0.12856,Pacifastacus_leniusculus_alien,upstream_only,3,never_trained
1,6634,0.58004,0.32409,Pacifastacus_leniusculus_alien,upstream_only,3,never_trained
2,6634,0.73998,0.66747,Pacifastacus_leniusculus_alien,upstream_only,3,never_trained
3,6634,1.0,1.0,Pacifastacus_leniusculus_alien,upstream_only,3,never_trained
4,6635,0.62713,0.66631,Pacifastacus_leniusculus_alien,upstream_only,3,never_trained
0,4589,0.60144,0.60732,Pontastacus_leptodactylus_pooled,combined,10,all
1,4589,0.71453,0.75419,Pontastacus_leptodactylus_pooled,combined,10,all
2,4589,0.73676,0.82785,Pontastacus_leptodactylus_pooled,combined,10,all
3,4589,0.65831,0.79364,Pontastacus_leptodactylus_pooled,combined,10,all
4,4589,0.47592,0.4988,Pontastacus_leptodactylus_pooled,combined,10,all
0,4268,0.60075,0.62488,Pontastacus_leptodactylus_pooled,combined,10,never_trained
1,4268,0.72212,0.77905,Pontastacus_leptodactylus_pooled,combined,10,never_trained
2,4267,0.73283,0.83478,Pontastacus_leptodactylus_pooled,combined,10,never_trained
3,4268,0.65347,0.79241,Pontastacus_leptodactylus_pooled,combined,10,never_trained
4,4268,0.46298,0.47891,Pontastacus_leptodactylus_pooled,combined,10,never_trained
0,4589,0.70299,0.68621,Pontastacus_leptodactylus_pooled,combined,20,all
1,4589,0.77577,0.81325,Pontastacus_leptodactylus_pooled,combined,20,all
2,4589,0.78209,0.85661,Pontastacus_leptodactylus_pooled,combined,20,all
3,4589,0.67923,0.80453,Pontastacus_leptodactylus_pooled,combined,20,all
4,4589,0.44498,0.46851,Pontastacus_leptodactylus_pooled,combined,20,all
0,4248,0.69915,0.70433,Pontastacus_leptodactylus_pooled,combined,20,never_trained
1,4248,0.7806,0.83192,Pontastacus_leptodactylus_pooled,combined,20,never_trained
2,4247,0.77655,0.86108,Pontastacus_leptodactylus_pooled,combined,20,never_trained
3,4248,0.67585,0.80179,Pontastacus_leptodactylus_pooled,combined,20,never_trained
4,4248,0.42491,0.44374,Pontastacus_leptodactylus_pooled,combined,20,never_trained
0,4589,0.55807,0.58074,Pontastacus_leptodactylus_pooled,combined,3,all
1,4589,0.62737,0.71955,Pontastacus_leptodactylus_pooled,combined,3,all
2,4589,0.62672,0.79124,Pontastacus_leptodactylus_pooled,combined,3,all
3,4589,0.57049,0.76596,Pontastacus_leptodactylus_pooled,combined,3,all
4,4589,0.4672,0.49902,Pontastacus_leptodactylus_pooled,combined,3,all
0,4284,0.55462,0.60294,Pontastacus_leptodactylus_pooled,combined,3,never_trained
1,4283,0.62923,0.74551,Pontastacus_leptodactylus_pooled,combined,3,never_trained
2,4283,0.62526,0.79897,Pontastacus_leptodactylus_pooled,combined,3,never_trained
3,4283,0.56129,0.76278,Pontastacus_leptodactylus_pooled,combined,3,never_trained
4,4283,0.46323,0.48447,Pontastacus_leptodactylus_pooled,combined,3,never_trained
0,4589,0.747,0.72129,Pontastacus_leptodactylus_pooled,local_only,10,all
1,4589,0.72129,0.7457,Pontastacus_leptodactylus_pooled,local_only,10,all
2,4589,0.69885,0.79407,Pontastacus_leptodactylus_pooled,local_only,10,all
3,4589,0.64698,0.79429,Pontastacus_leptodactylus_pooled,local_only,10,all
4,4589,0.4635,0.50054,Pontastacus_leptodactylus_pooled,local_only,10,all
0,4268,0.74953,0.74086,Pontastacus_leptodactylus_pooled,local_only,10,never_trained
1,4268,0.72259,0.76898,Pontastacus_leptodactylus_pooled,local_only,10,never_trained
2,4267,0.70518,0.81275,Pontastacus_leptodactylus_pooled,local_only,10,never_trained
3,4268,0.64082,0.78936,Pontastacus_leptodactylus_pooled,local_only,10,never_trained
4,4268,0.44986,0.48008,Pontastacus_leptodactylus_pooled,local_only,10,never_trained
0,4589,0.78143,0.79015,Pontastacus_leptodactylus_pooled,local_only,20,all
1,4589,0.78557,0.81804,Pontastacus_leptodactylus_pooled,local_only,20,all
2,4589,0.76749,0.83918,Pontastacus_leptodactylus_pooled,local_only,20,all
3,4589,0.67662,0.79778,Pontastacus_leptodactylus_pooled,local_only,20,all
4,4589,0.44389,0.47963,Pontastacus_leptodactylus_pooled,local_only,20,all
0,4248,0.77919,0.8032,Pontastacus_leptodactylus_pooled,local_only,20,never_trained
1,4248,0.78861,0.8371,Pontastacus_leptodactylus_pooled,local_only,20,never_trained
2,4247,0.76784,0.84883,Pontastacus_leptodactylus_pooled,local_only,20,never_trained
3,4248,0.67067,0.79261,Pontastacus_leptodactylus_pooled,local_only,20,never_trained
4,4248,0.42538,0.4548,Pontastacus_leptodactylus_pooled,local_only,20,never_trained
0,4589,0.56853,0.59621,Pontastacus_leptodactylus_pooled,local_only,3,all
1,4589,0.58248,0.6496,Pontastacus_leptodactylus_pooled,local_only,3,all
2,4589,0.58052,0.72347,Pontastacus_leptodactylus_pooled,local_only,3,all
3,4589,0.54543,0.75398,Pontastacus_leptodactylus_pooled,local_only,3,all
4,4589,0.48137,0.50774,Pontastacus_leptodactylus_pooled,local_only,3,all
0,4284,0.56816,0.61718,Pontastacus_leptodactylus_pooled,local_only,3,never_trained
1,4283,0.58907,0.67453,Pontastacus_leptodactylus_pooled,local_only,3,never_trained
2,4283,0.5795,0.74994,Pontastacus_leptodactylus_pooled,local_only,3,never_trained
3,4283,0.54424,0.74994,Pontastacus_leptodactylus_pooled,local_only,3,never_trained
4,4283,0.47607,0.49218,Pontastacus_leptodactylus_pooled,local_only,3,never_trained
0,4589,0.50992,0.43365,Pontastacus_leptodactylus_pooled,upstream_only,10,all
1,4589,0.59294,0.66354,Pontastacus_leptodactylus_pooled,upstream_only,10,all
2,4589,0.78318,0.83635,Pontastacus_leptodactylus_pooled,upstream_only,10,all
3,4589,1.0,1.0,Pontastacus_leptodactylus_pooled,upstream_only,10,all
4,4589,0.70495,0.73088,Pontastacus_leptodactylus_pooled,upstream_only,10,all
0,4268,0.51148,0.46368,Pontastacus_leptodactylus_pooled,upstream_only,10,never_trained
1,4268,0.5956,0.68533,Pontastacus_leptodactylus_pooled,upstream_only,10,never_trained
2,4267,0.794,0.84603,Pontastacus_leptodactylus_pooled,upstream_only,10,never_trained
3,4268,1.0,1.0,Pontastacus_leptodactylus_pooled,upstream_only,10,never_trained
4,4268,0.68768,0.71251,Pontastacus_leptodactylus_pooled,upstream_only,10,never_trained
0,4589,0.68141,0.5182,Pontastacus_leptodactylus_pooled,upstream_only,20,all
1,4589,0.60187,0.69405,Pontastacus_leptodactylus_pooled,upstream_only,20,all
2,4589,0.77664,0.83548,Pontastacus_leptodactylus_pooled,upstream_only,20,all
3,4589,1.0,1.0,Pontastacus_leptodactylus_pooled,upstream_only,20,all
4,4589,0.67095,0.70974,Pontastacus_leptodactylus_pooled,upstream_only,20,all
0,4248,0.67773,0.54496,Pontastacus_leptodactylus_pooled,upstream_only,20,never_trained
1,4248,0.60169,0.70833,Pontastacus_leptodactylus_pooled,upstream_only,20,never_trained
2,4247,0.78455,0.84295,Pontastacus_leptodactylus_pooled,upstream_only,20,never_trained
3,4248,1.0,1.0,Pontastacus_leptodactylus_pooled,upstream_only,20,never_trained
4,4248,0.6516,0.69044,Pontastacus_leptodactylus_pooled,upstream_only,20,never_trained
0,4589,0.58793,0.43168,Pontastacus_leptodactylus_pooled,upstream_only,3,all
1,4589,0.52713,0.63129,Pontastacus_leptodactylus_pooled,upstream_only,3,all
2,4589,0.76858,0.83722,Pontastacus_leptodactylus_pooled,upstream_only,3,all
3,4589,1.0,1.0,Pontastacus_leptodactylus_pooled,upstream_only,3,all
4,4589,0.68533,0.72282,Pontastacus_leptodactylus_pooled,upstream_only,3,all
0,4284,0.58917,0.45985,Pontastacus_leptodactylus_pooled,upstream_only,3,never_trained
1,4283,0.53374,0.65702,Pontastacus_leptodactylus_pooled,upstream_only,3,never_trained
2,4283,0.7824,0.85057,Pontastacus_leptodactylus_pooled,upstream_only,3,never_trained
3,4283,1.0,1.0,Pontastacus_leptodactylus_pooled,upstream_only,3,never_trained
4,4283,0.66822,0.70535,Pontastacus_leptodactylus_pooled,upstream_only,3,never_trained
0,9654,0.85187,0.38668,Procambarus_clarkii_alien,combined,10,all
1,9653,0.85424,0.38527,Procambarus_clarkii_alien,combined,10,all
2,9653,0.79923,0.43769,Procambarus_clarkii_alien,combined,10,all
3,9653,0.66332,0.51963,Procambarus_clarkii_alien,combined,10,all
4,9654,0.59188,0.62337,Procambarus_clarkii_alien,combined,10,all
0,8038,0.85345,0.39935,Procambarus_clarkii_alien,combined,10,never_trained
1,8038,0.85034,0.40458,Procambarus_clarkii_alien,combined,10,never_trained
2,8038,0.79124,0.45745,Procambarus_clarkii_alien,combined,10,never_trained
3,8038,0.65862,0.54964,Procambarus_clarkii_alien,combined,10,never_trained
4,8038,0.57726,0.60936,Procambarus_clarkii_alien,combined,10,never_trained
0,9654,0.95359,0.59074,Procambarus_clarkii_alien,combined,20,all
1,9653,0.9365,0.51466,Procambarus_clarkii_alien,combined,20,all
2,9653,0.86605,0.55485,Procambarus_clarkii_alien,combined,20,all
3,9653,0.67948,0.56159,Procambarus_clarkii_alien,combined,20,all
4,9654,0.60224,0.64958,Procambarus_clarkii_alien,combined,20,all
0,7965,0.95229,0.60427,Procambarus_clarkii_alien,combined,20,never_trained
1,7964,0.9337,0.53064,Procambarus_clarkii_alien,combined,20,never_trained
2,7964,0.85937,0.56969,Procambarus_clarkii_alien,combined,20,never_trained
3,7964,0.68006,0.58852,Procambarus_clarkii_alien,combined,20,never_trained
4,7964,0.57923,0.62632,Procambarus_clarkii_alien,combined,20,never_trained
0,9654,0.79439,0.28102,Procambarus_clarkii_alien,combined,3,all
1,9653,0.76992,0.26924,Procambarus_clarkii_alien,combined,3,all
2,9653,0.69398,0.3344,Procambarus_clarkii_alien,combined,3,all
3,9653,0.59184,0.45861,Procambarus_clarkii_alien,combined,3,all
4,9654,0.53905,0.57893,Procambarus_clarkii_alien,combined,3,all
0,8092,0.78992,0.2935,Procambarus_clarkii_alien,combined,3,never_trained
1,8091,0.76492,0.29267,Procambarus_clarkii_alien,combined,3,never_trained
2,8091,0.68422,0.36188,Procambarus_clarkii_alien,combined,3,never_trained
3,8091,0.59115,0.49215,Procambarus_clarkii_alien,combined,3,never_trained
4,8091,0.52861,0.57051,Procambarus_clarkii_alien,combined,3,never_trained
0,9654,0.78662,0.37176,Procambarus_clarkii_alien,local_only,10,all
1,9653,0.65006,0.40992,Procambarus_clarkii_alien,local_only,10,all
2,9653,0.68062,0.28582,Procambarus_clarkii_alien,local_only,10,all
3,9653,0.63866,0.46131,Procambarus_clarkii_alien,local_only,10,all
4,9654,0.62513,0.69681,Procambarus_clarkii_alien,local_only,10,all
0,8038,0.78925,0.395,Procambarus_clarkii_alien,local_only,10,never_trained
1,8038,0.65128,0.43046,Procambarus_clarkii_alien,local_only,10,never_trained
2,8038,0.6779,0.30829,Procambarus_clarkii_alien,local_only,10,never_trained
3,8038,0.62628,0.4735,Procambarus_clarkii_alien,local_only,10,never_trained
4,8038,0.61259,0.68848,Procambarus_clarkii_alien,local_only,10,never_trained
0,9654,0.79076,0.42687,Procambarus_clarkii_alien,local_only,20,all
1,9653,0.63545,0.43137,Procambarus_clarkii_alien,local_only,20,all
2,9653,0.67616,0.33668,Procambarus_clarkii_alien,local_only,20,all
3,9653,0.63659,0.48607,Procambarus_clarkii_alien,local_only,20,all
4,9654,0.66439,0.7282,Procambarus_clarkii_alien,local_only,20,all
0,7965,0.79498,0.45286,Procambarus_clarkii_alien,local_only,20,never_trained
1,7964,0.6444,0.45417,Procambarus_clarkii_alien,local_only,20,never_trained
2,7964,0.67391,0.35849,Procambarus_clarkii_alien,local_only,20,never_trained
3,7964,0.62632,0.49021,Procambarus_clarkii_alien,local_only,20,never_trained
4,7964,0.64201,0.70706,Procambarus_clarkii_alien,local_only,20,never_trained
0,9654,0.74653,0.30733,Procambarus_clarkii_alien,local_only,3,all
1,9653,0.64343,0.38496,Procambarus_clarkii_alien,local_only,3,all
2,9653,0.65099,0.24013,Procambarus_clarkii_alien,local_only,3,all
3,9653,0.60997,0.40153,Procambarus_clarkii_alien,local_only,3,all
4,9654,0.56484,0.63963,Procambarus_clarkii_alien,local_only,3,all
0,8092,0.74296,0.32711,Procambarus_clarkii_alien,local_only,3,never_trained
1,8091,0.64121,0.40329,Procambarus_clarkii_alien,local_only,3,never_trained
2,8091,0.64788,0.26387,Procambarus_clarkii_alien,local_only,3,never_trained
3,8091,0.60129,0.4332,Procambarus_clarkii_alien,local_only,3,never_trained
4,8091,0.55679,0.63354,Procambarus_clarkii_alien,local_only,3,never_trained
0,9654,0.84348,0.19909,Procambarus_clarkii_alien,upstream_only,10,all
1,9653,0.71397,0.3631,Procambarus_clarkii_alien,upstream_only,10,all
2,9653,0.56397,0.43147,Procambarus_clarkii_alien,upstream_only,10,all
3,9653,1.0,1.0,Procambarus_clarkii_alien,upstream_only,10,all
4,9654,0.86762,0.88875,Procambarus_clarkii_alien,upstream_only,10,all
0,8038,0.83827,0.20727,Procambarus_clarkii_alien,upstream_only,10,never_trained
1,8038,0.70938,0.38194,Procambarus_clarkii_alien,upstream_only,10,never_trained
2,8038,0.56432,0.45534,Procambarus_clarkii_alien,upstream_only,10,never_trained
3,8038,1.0,1.0,Procambarus_clarkii_alien,upstream_only,10,never_trained
4,8038,0.84897,0.86987,Procambarus_clarkii_alien,upstream_only,10,never_trained
0,9654,0.94334,0.35726,Procambarus_clarkii_alien,upstream_only,20,all
1,9653,0.79105,0.45582,Procambarus_clarkii_alien,upstream_only,20,all
2,9653,0.55599,0.45385,Procambarus_clarkii_alien,upstream_only,20,all
3,9653,1.0,1.0,Procambarus_clarkii_alien,upstream_only,20,all
4,9654,0.87228,0.89269,Procambarus_clarkii_alien,upstream_only,20,all
0,7965,0.94099,0.36899,Procambarus_clarkii_alien,upstream_only,20,never_trained
1,7964,0.78842,0.472,Procambarus_clarkii_alien,upstream_only,20,never_trained
2,7964,0.54859,0.46346,Procambarus_clarkii_alien,upstream_only,20,never_trained
3,7964,1.0,1.0,Procambarus_clarkii_alien,upstream_only,20,never_trained
4,7964,0.8551,0.87418,Procambarus_clarkii_alien,upstream_only,20,never_trained
0,9654,0.74508,0.14657,Procambarus_clarkii_alien,upstream_only,3,all
1,9653,0.6599,0.29752,Procambarus_clarkii_alien,upstream_only,3,all
2,9653,0.55527,0.39604,Procambarus_clarkii_alien,upstream_only,3,all
3,9653,1.0,1.0,Procambarus_clarkii_alien,upstream_only,3,all
4,9654,0.86638,0.8872,Procambarus_clarkii_alien,upstream_only,3,all
0,8092,0.74333,0.15843,Procambarus_clarkii_alien,upstream_only,3,never_trained
1,8091,0.65628,0.3185,Procambarus_clarkii_alien,upstream_only,3,never_trained
2,8091,0.56841,0.43431,Procambarus_clarkii_alien,upstream_only,3,never_trained
3,8091,1.0,1.0,Procambarus_clarkii_alien,upstream_only,3,never_trained
4,8091,0.84761,0.86825,Procambarus_clarkii_alien,upstream_only,3,never_trained
0,3864,0.65347,0.24353,Procambarus_clarkii_native,combined,10,all
1,3864,0.81263,0.16511,Procambarus_clarkii_native,combined,10,all
2,3864,0.84084,0.10067,Procambarus_clarkii_native,combined,10,all
3,3864,0.81289,0.09886,Procambarus_clarkii_native,combined,10,all
4,3864,0.57091,0.45911,Procambarus_clarkii_native,combined,10,all
0,3467,0.65186,0.24921,Procambarus_clarkii_native,combined,10,never_trained
1,3466,0.80929,0.16705,Procambarus_clarkii_native,combined,10,never_trained
2,3467,0.83732,0.10153,Procambarus_clarkii_native,combined,10,never_trained
3,3466,0.80814,0.09925,Procambarus_clarkii_native,combined,10,never_trained
4,3467,0.55754,0.4638,Procambarus_clarkii_native,combined,10,never_trained
0,3864,0.69565,0.24896,Procambarus_clarkii_native,combined,20,all
1,3864,0.86931,0.18323,Procambarus_clarkii_native,combined,20,all
2,3864,0.88406,0.11905,Procambarus_clarkii_native,combined,20,all
3,3864,0.71092,0.10766,Procambarus_clarkii_native,combined,20,all
4,3864,0.56936,0.46636,Procambarus_clarkii_native,combined,20,all
0,3450,0.69536,0.24986,Procambarus_clarkii_native,combined,20,never_trained
1,3450,0.86406,0.18435,Procambarus_clarkii_native,combined,20,never_trained
2,3450,0.87681,0.11681,Procambarus_clarkii_native,combined,20,never_trained
3,3450,0.70232,0.10377,Procambarus_clarkii_native,combined,20,never_trained
4,3450,0.55391,0.45855,Procambarus_clarkii_native,combined,20,never_trained
0,3864,0.68297,0.22257,Procambarus_clarkii_native,combined,3,all
1,3864,0.81573,0.12785,Procambarus_clarkii_native,combined,3,all
2,3864,0.78313,0.07298,Procambarus_clarkii_native,combined,3,all
3,3864,0.7148,0.07867,Procambarus_clarkii_native,combined,3,all
4,3864,0.58333,0.45911,Procambarus_clarkii_native,combined,3,all
0,3477,0.68018,0.22893,Procambarus_clarkii_native,combined,3,never_trained
1,3477,0.81277,0.13086,Procambarus_clarkii_native,combined,3,never_trained
2,3477,0.77251,0.07478,Procambarus_clarkii_native,combined,3,never_trained
3,3477,0.70894,0.0811,Procambarus_clarkii_native,combined,3,never_trained
4,3477,0.57348,0.478,Procambarus_clarkii_native,combined,3,never_trained
0,3864,0.74586,0.31988,Procambarus_clarkii_native,local_only,10,all
1,3864,0.86077,0.17624,Procambarus_clarkii_native,local_only,10,all
2,3864,0.88613,0.14441,Procambarus_clarkii_native,local_only,10,all
3,3864,0.82686,0.16693,Procambarus_clarkii_native,local_only,10,all
4,3864,0.56263,0.4573,Procambarus_clarkii_native,local_only,10,all
0,3467,0.74387,0.32853,Procambarus_clarkii_native,local_only,10,never_trained
1,3466,0.85632,0.18407,Procambarus_clarkii_native,local_only,10,never_trained
2,3467,0.88232,0.14364,Procambarus_clarkii_native,local_only,10,never_trained
3,3466,0.82429,0.16532,Procambarus_clarkii_native,local_only,10,never_trained
4,3467,0.54514,0.45342,Procambarus_clarkii_native,local_only,10,never_trained
0,3864,0.79503,0.33747,Procambarus_clarkii_native,local_only,20,all
1,3864,0.88898,0.20005,Procambarus_clarkii_native,local_only,20,all
2,3864,0.90813,0.16486,Procambarus_clarkii_native,local_only,20,all
3,3864,0.82531,0.17909,Procambarus_clarkii_native,local_only,20,all
4,3864,0.55952,0.47645,Procambarus_clarkii_native,local_only,20,all
0,3450,0.79246,0.34667,Procambarus_clarkii_native,local_only,20,never_trained
1,3450,0.88406,0.20203,Procambarus_clarkii_native,local_only,20,never_trained
2,3450,0.9029,0.16116,Procambarus_clarkii_native,local_only,20,never_trained
3,3450,0.82435,0.17536,Procambarus_clarkii_native,local_only,20,never_trained
4,3450,0.53391,0.45913,Procambarus_clarkii_native,local_only,20,never_trained
0,3864,0.73214,0.2619,Procambarus_clarkii_native,local_only,3,all
1,3864,0.83075,0.12862,Procambarus_clarkii_native,local_only,3,all
2,3864,0.84084,0.11517,Procambarus_clarkii_native,local_only,3,all
3,3864,0.78597,0.147,Procambarus_clarkii_native,local_only,3,all
4,3864,0.58644,0.47334,Procambarus_clarkii_native,local_only,3,all
0,3477,0.72735,0.27207,Procambarus_clarkii_native,local_only,3,never_trained
1,3477,0.82226,0.13316,Procambarus_clarkii_native,local_only,3,never_trained
2,3477,0.83348,0.11533,Procambarus_clarkii_native,local_only,3,never_trained
3,3477,0.78113,0.15128,Procambarus_clarkii_native,local_only,3,never_trained
4,3477,0.57406,0.48001,Procambarus_clarkii_native,local_only,3,never_trained
0,3864,0.77329,0.18297,Procambarus_clarkii_native,upstream_only,10,all
1,3864,0.71843,0.21351,Procambarus_clarkii_native,upstream_only,10,all
2,3864,0.82453,0.17391,Procambarus_clarkii_native,upstream_only,10,all
3,3864,0.14389,0.11335,Procambarus_clarkii_native,upstream_only,10,all
4,3864,0.06832,0.07842,Procambarus_clarkii_native,upstream_only,10,all
0,3467,0.7756,0.18258,Procambarus_clarkii_native,upstream_only,10,never_trained
1,3466,0.70946,0.21696,Procambarus_clarkii_native,upstream_only,10,never_trained
2,3467,0.82261,0.1771,Procambarus_clarkii_native,upstream_only,10,never_trained
3,3466,0.13647,0.10935,Procambarus_clarkii_native,upstream_only,10,never_trained
4,3467,0.06865,0.07788,Procambarus_clarkii_native,upstream_only,10,never_trained
0,3864,0.74405,0.18401,Procambarus_clarkii_native,upstream_only,20,all
1,3864,0.63923,0.21325,Procambarus_clarkii_native,upstream_only,20,all
2,3864,0.76889,0.23163,Procambarus_clarkii_native,upstream_only,20,all
3,3864,0.77252,0.12448,Procambarus_clarkii_native,upstream_only,20,all
4,3864,0.9309,0.08877,Procambarus_clarkii_native,upstream_only,20,all
0,3450,0.74725,0.18464,Procambarus_clarkii_native,upstream_only,20,never_trained
1,3450,0.63304,0.2142,Procambarus_clarkii_native,upstream_only,20,never_trained
2,3450,0.77101,0.23855,Procambarus_clarkii_native,upstream_only,20,never_trained
3,3450,0.76145,0.12232,Procambarus_clarkii_native,upstream_only,20,never_trained
4,3450,0.92667,0.08145,Procambarus_clarkii_native,upstream_only,20,never_trained
0,3864,0.75311,0.15813,Procambarus_clarkii_native,upstream_only,3,all
1,3864,0.7293,0.18245,Procambarus_clarkii_native,upstream_only,3,all
2,3864,0.80331,0.12474,Procambarus_clarkii_native,upstream_only,3,all
3,3864,0.15606,0.11905,Procambarus_clarkii_native,upstream_only,3,all
4,3864,0.07195,0.08049,Procambarus_clarkii_native,upstream_only,3,all
0,3477,0.75093,0.15905,Procambarus_clarkii_native,upstream_only,3,never_trained
1,3477,0.71671,0.18666,Procambarus_clarkii_native,upstream_only,3,never_trained
2,3477,0.7958,0.12942,Procambarus_clarkii_native,upstream_only,3,never_trained
3,3477,0.14639,0.11734,Procambarus_clarkii_native,upstream_only,3,never_trained
4,3477,0.07794,0.08599,Procambarus_clarkii_native,upstream_only,3,never_trained
