method,source,entity_dir,track,level,coverage
uncalibrated,contaminated,Procambarus_clarkii_alien,local_only,3,0.99246
uncalibrated,null,Procambarus_clarkii_alien,local_only,3,0.99573
uncalibrated,contaminated,Procambarus_clarkii_alien,local_only,10,0.9775
uncalibrated,null,Procambarus_clarkii_alien,local_only,10,0.99445
uncalibrated,contaminated,Procambarus_clarkii_alien,local_only,20,0.95094
uncalibrated,null,Procambarus_clarkii_alien,local_only,20,0.9925
uncalibrated,contaminated,Procambarus_clarkii_alien,upstream_only,3,0.99644
uncalibrated,null,Procambarus_clarkii_alien,upstream_only,3,0.99851
uncalibrated,contaminated,Procambarus_clarkii_alien,upstream_only,10,0.99215
uncalibrated,null,Procambarus_clarkii_alien,upstream_only,10,0.99772
uncalibrated,contaminated,Procambarus_clarkii_alien,upstream_only,20,0.98448
uncalibrated,null,Procambarus_clarkii_alien,upstream_only,20,0.99596
uncalibrated,contaminated,Procambarus_clarkii_alien,combined,3,0.99378
uncalibrated,null,Procambarus_clarkii_alien,combined,3,0.9966
uncalibrated,contaminated,Procambarus_clarkii_alien,combined,10,0.98191
uncalibrated,null,Procambarus_clarkii_alien,combined,10,0.99571
uncalibrated,contaminated,Procambarus_clarkii_alien,combined,20,0.96126
uncalibrated,null,Procambarus_clarkii_alien,combined,20,0.99436
uncalibrated,contaminated,Pacifastacus_leniusculus_alien,local_only,3,0.97375
uncalibrated,null,Pacifastacus_leniusculus_alien,local_only,3,0.99832
uncalibrated,contaminated,Pacifastacus_leniusculus_alien,local_only,10,0.90854
uncalibrated,null,Pacifastacus_leniusculus_alien,local_only,10,0.99677
uncalibrated,contaminated,Pacifastacus_leniusculus_alien,local_only,20,0.86381
uncalibrated,null,Pacifastacus_leniusculus_alien,local_only,20,0.99565
uncalibrated,contaminated,Pacifastacus_leniusculus_alien,upstream_only,3,0.99426
uncalibrated,null,Pacifastacus_leniusculus_alien,upstream_only,3,0.99813
uncalibrated,contaminated,Pacifastacus_leniusculus_alien,upstream_only,10,0.62792
uncalibrated,null,Pacifastacus_leniusculus_alien,upstream_only,10,0.99746
uncalibrated,contaminated,Pacifastacus_leniusculus_alien,upstream_only,20,0.61187
uncalibrated,null,Pacifastacus_leniusculus_alien,upstream_only,20,0.99605
uncalibrated,contaminated,Pacifastacus_leniusculus_alien,combined,3,0.96967
uncalibrated,null,Pacifastacus_leniusculus_alien,combined,3,0.9965
uncalibrated,contaminated,Pacifastacus_leniusculus_alien,combined,10,0.9043
uncalibrated,null,Pacifastacus_leniusculus_alien,combined,10,0.99613
uncalibrated,contaminated,Pacifastacus_leniusculus_alien,combined,20,0.85879
uncalibrated,null,Pacifastacus_leniusculus_alien,combined,20,0.99474
uncalibrated,contaminated,Faxonius_limosus_alien,local_only,3,0.97407
uncalibrated,null,Faxonius_limosus_alien,local_only,3,0.99217
uncalibrated,contaminated,Faxonius_limosus_alien,local_only,10,0.90754
uncalibrated,null,Faxonius_limosus_alien,local_only,10,0.98943
uncalibrated,contaminated,Faxonius_limosus_alien,local_only,20,0.84206
uncalibrated,null,Faxonius_limosus_alien,local_only,20,0.9799
uncalibrated,contaminated,Faxonius_limosus_alien,upstream_only,3,0.98255
uncalibrated,null,Faxonius_limosus_alien,upstream_only,3,0.98973
uncalibrated,contaminated,Faxonius_limosus_alien,upstream_only,10,0.54583
uncalibrated,null,Faxonius_limosus_alien,upstream_only,10,0.98868
uncalibrated,contaminated,Faxonius_limosus_alien,upstream_only,20,0.51396
uncalibrated,null,Faxonius_limosus_alien,upstream_only,20,0.97955
uncalibrated,contaminated,Faxonius_limosus_alien,combined,3,0.97432
uncalibrated,null,Faxonius_limosus_alien,combined,3,0.99496
uncalibrated,contaminated,Faxonius_limosus_alien,combined,10,0.90904
uncalibrated,null,Faxonius_limosus_alien,combined,10,0.99247
uncalibrated,contaminated,Faxonius_limosus_alien,combined,20,0.83463
uncalibrated,null,Faxonius_limosus_alien,combined,20,0.98728
uncalibrated,contaminated,Astacus_astacus,local_only,3,0.9748
uncalibrated,null,Astacus_astacus,local_only,3,0.99794
uncalibrated,contaminated,Astacus_astacus,local_only,10,0.83807
uncalibrated,null,Astacus_astacus,local_only,10,0.99664
uncalibrated,contaminated,Astacus_astacus,local_only,20,0.71707
uncalibrated,null,Astacus_astacus,local_only,20,0.99581
uncalibrated,contaminated,Astacus_astacus,upstream_only,3,0.99629
uncalibrated,null,Astacus_astacus,upstream_only,3,0.99815
uncalibrated,contaminated,Astacus_astacus,upstream_only,10,0.54738
uncalibrated,null,Astacus_astacus,upstream_only,10,0.99787
uncalibrated,contaminated,Astacus_astacus,upstream_only,20,0.49526
uncalibrated,null,Astacus_astacus,upstream_only,20,0.99341
uncalibrated,contaminated,Astacus_astacus,combined,3,0.96697
uncalibrated,null,Astacus_astacus,combined,3,0.99705
uncalibrated,contaminated,Astacus_astacus,combined,10,0.82097
uncalibrated,null,Astacus_astacus,combined,10,0.99636
uncalibrated,contaminated,Astacus_astacus,combined,20,0.69345
uncalibrated,null,Astacus_astacus,combined,20,0.99506
uncalibrated,contaminated,Procambarus_clarkii_native,local_only,3,0.9986
uncalibrated,null,Procambarus_clarkii_native,local_only,3,0.99896
uncalibrated,contaminated,Procambarus_clarkii_native,local_only,10,0.99524
uncalibrated,null,Procambarus_clarkii_native,local_only,10,0.99845
uncalibrated,contaminated,Procambarus_clarkii_native,local_only,20,0.99105
uncalibrated,null,Procambarus_clarkii_native,local_only,20,0.99545
uncalibrated,contaminated,Procambarus_clarkii_native,upstream_only,3,0.99896
uncalibrated,null,Procambarus_clarkii_native,upstream_only,3,0.99896
uncalibrated,contaminated,Procambarus_clarkii_native,upstream_only,10,0.99612
uncalibrated,null,Procambarus_clarkii_native,upstream_only,10,0.99731
uncalibrated,contaminated,Procambarus_clarkii_native,upstream_only,20,0.99488
uncalibrated,null,Procambarus_clarkii_native,upstream_only,20,0.99736
uncalibrated,contaminated,Procambarus_clarkii_native,combined,3,0.99876
uncalibrated,null,Procambarus_clarkii_native,combined,3,0.99891
uncalibrated,contaminated,Procambarus_clarkii_native,combined,10,0.99534
uncalibrated,null,Procambarus_clarkii_native,combined,10,0.99798
uncalibrated,contaminated,Procambarus_clarkii_native,combined,20,0.99161
uncalibrated,null,Procambarus_clarkii_native,combined,20,0.9957
uncalibrated,contaminated,Pontastacus_leptodactylus_pooled,local_only,3,0.9891
uncalibrated,null,Pontastacus_leptodactylus_pooled,local_only,3,0.99128
uncalibrated,contaminated,Pontastacus_leptodactylus_pooled,local_only,10,0.9613
uncalibrated,null,Pontastacus_leptodactylus_pooled,local_only,10,0.98727
uncalibrated,contaminated,Pontastacus_leptodactylus_pooled,local_only,20,0.92338
uncalibrated,null,Pontastacus_leptodactylus_pooled,local_only,20,0.98048
uncalibrated,contaminated,Pontastacus_leptodactylus_pooled,upstream_only,3,0.9949
uncalibrated,null,Pontastacus_leptodactylus_pooled,upstream_only,3,0.99664
uncalibrated,contaminated,Pontastacus_leptodactylus_pooled,upstream_only,10,0.9844
uncalibrated,null,Pontastacus_leptodactylus_pooled,upstream_only,10,0.99263
uncalibrated,contaminated,Pontastacus_leptodactylus_pooled,upstream_only,20,0.57978
uncalibrated,null,Pontastacus_leptodactylus_pooled,upstream_only,20,0.99107
uncalibrated,contaminated,Pontastacus_leptodactylus_pooled,combined,3,0.98823
uncalibrated,null,Pontastacus_leptodactylus_pooled,combined,3,0.99063
uncalibrated,contaminated,Pontastacus_leptodactylus_pooled,combined,10,0.96309
uncalibrated,null,Pontastacus_leptodactylus_pooled,combined,10,0.98435
uncalibrated,contaminated,Pontastacus_leptodactylus_pooled,combined,20,0.91732
uncalibrated,null,Pontastacus_leptodactylus_pooled,combined,20,0.97742
uncalibrated,contaminated,Austropotamobius_torrentium_pooled,local_only,3,0.984
uncalibrated,null,Austropotamobius_torrentium_pooled,local_only,3,0.99773
uncalibrated,contaminated,Austropotamobius_torrentium_pooled,local_only,10,0.92268
uncalibrated,null,Austropotamobius_torrentium_pooled,local_only,10,0.99545
uncalibrated,contaminated,Austropotamobius_torrentium_pooled,local_only,20,0.85049
uncalibrated,null,Austropotamobius_torrentium_pooled,local_only,20,0.99335
uncalibrated,contaminated,Austropotamobius_torrentium_pooled,upstream_only,3,0.99444
uncalibrated,null,Austropotamobius_torrentium_pooled,upstream_only,3,0.99857
uncalibrated,contaminated,Austropotamobius_torrentium_pooled,upstream_only,10,0.97583
uncalibrated,null,Austropotamobius_torrentium_pooled,upstream_only,10,0.99789
uncalibrated,contaminated,Austropotamobius_torrentium_pooled,upstream_only,20,0.52005
uncalibrated,null,Austropotamobius_torrentium_pooled,upstream_only,20,0.99655
uncalibrated,contaminated,Austropotamobius_torrentium_pooled,combined,3,0.98408
uncalibrated,null,Austropotamobius_torrentium_pooled,combined,3,0.99823
uncalibrated,contaminated,Austropotamobius_torrentium_pooled,combined,10,0.92621
uncalibrated,null,Austropotamobius_torrentium_pooled,combined,10,0.99714
uncalibrated,contaminated,Austropotamobius_torrentium_pooled,combined,20,0.85184
uncalibrated,null,Austropotamobius_torrentium_pooled,combined,20,0.99377
uncalibrated,contaminated,Austropotamobius_fulcisianus_pooled,local_only,3,0.99558
uncalibrated,null,Austropotamobius_fulcisianus_pooled,local_only,3,0.9974
uncalibrated,contaminated,Austropotamobius_fulcisianus_pooled,local_only,10,0.98786
uncalibrated,null,Austropotamobius_fulcisianus_pooled,local_only,10,0.9974
uncalibrated,contaminated,Austropotamobius_fulcisianus_pooled,local_only,20,0.97059
uncalibrated,null,Austropotamobius_fulcisianus_pooled,local_only,20,0.99535
uncalibrated,contaminated,Austropotamobius_fulcisianus_pooled,upstream_only,3,0.99716
uncalibrated,null,Austropotamobius_fulcisianus_pooled,upstream_only,3,0.99827
uncalibrated,contaminated,Austropotamobius_fulcisianus_pooled,upstream_only,10,0.98462
uncalibrated,null,Austropotamobius_fulcisianus_pooled,upstream_only,10,0.9933
uncalibrated,contaminated,Austropotamobius_fulcisianus_pooled,upstream_only,20,0.97579
uncalibrated,null,Austropotamobius_fulcisianus_pooled,upstream_only,20,0.98912
uncalibrated,contaminated,Austropotamobius_fulcisianus_pooled,combined,3,0.99748
uncalibrated,null,Austropotamobius_fulcisianus_pooled,combined,3,0.99763
uncalibrated,contaminated,Austropotamobius_fulcisianus_pooled,combined,10,0.98872
uncalibrated,null,Austropotamobius_fulcisianus_pooled,combined,10,0.99732
uncalibrated,contaminated,Austropotamobius_fulcisianus_pooled,combined,20,0.97177
uncalibrated,null,Austropotamobius_fulcisianus_pooled,combined,20,0.99282
platt,contaminated,Procambarus_clarkii_alien,local_only,3,0.99302
platt,null,Procambarus_clarkii_alien,local_only,3,0.9961
platt,contaminated,Procambarus_clarkii_alien,local_only,10,0.97593
platt,null,Procambarus_clarkii_alien,local_only,10,0.99439
platt,contaminated,Procambarus_clarkii_alien,local_only,20,0.9509
platt,null,Procambarus_clarkii_alien,local_only,20,0.99175
platt,contaminated,Procambarus_clarkii_alien,upstream_only,3,0.99669
platt,null,Procambarus_clarkii_alien,upstream_only,3,0.99855
platt,contaminated,Procambarus_clarkii_alien,upstream_only,10,0.99236
platt,null,Procambarus_clarkii_alien,upstream_only,10,0.99778
platt,contaminated,Procambarus_clarkii_alien,upstream_only,20,0.98457
platt,null,Procambarus_clarkii_alien,upstream_only,20,0.99588
platt,contaminated,Procambarus_clarkii_alien,combined,3,0.99451
platt,null,Procambarus_clarkii_alien,combined,3,0.99702
platt,contaminated,Procambarus_clarkii_alien,combined,10,0.9826
platt,null,Procambarus_clarkii_alien,combined,10,0.99629
platt,contaminated,Procambarus_clarkii_alien,combined,20,0.96376
platt,null,Procambarus_clarkii_alien,combined,20,0.99407
platt,contaminated,Pacifastacus_leniusculus_alien,local_only,3,0.96817
platt,null,Pacifastacus_leniusculus_alien,local_only,3,0.99797
platt,contaminated,Pacifastacus_leniusculus_alien,local_only,10,0.90873
platt,null,Pacifastacus_leniusculus_alien,local_only,10,0.99623
platt,contaminated,Pacifastacus_leniusculus_alien,local_only,20,0.85957
platt,null,Pacifastacus_leniusculus_alien,local_only,20,0.99495
platt,contaminated,Pacifastacus_leniusculus_alien,upstream_only,3,0.99455
platt,null,Pacifastacus_leniusculus_alien,upstream_only,3,0.99733
platt,contaminated,Pacifastacus_leniusculus_alien,upstream_only,10,0.97784
platt,null,Pacifastacus_leniusculus_alien,upstream_only,10,0.99682
platt,contaminated,Pacifastacus_leniusculus_alien,upstream_only,20,0.61107
platt,null,Pacifastacus_leniusculus_alien,upstream_only,20,0.99541
platt,contaminated,Pacifastacus_leniusculus_alien,combined,3,0.97717
platt,null,Pacifastacus_leniusculus_alien,combined,3,0.99672
platt,contaminated,Pacifastacus_leniusculus_alien,combined,10,0.92243
platt,null,Pacifastacus_leniusculus_alien,combined,10,0.99578
platt,contaminated,Pacifastacus_leniusculus_alien,combined,20,0.87794
platt,null,Pacifastacus_leniusculus_alien,combined,20,0.99445
platt,contaminated,Faxonius_limosus_alien,local_only,3,0.96993
platt,null,Faxonius_limosus_alien,local_only,3,0.99317
platt,contaminated,Faxonius_limosus_alien,local_only,10,0.90639
platt,null,Faxonius_limosus_alien,local_only,10,0.99057
platt,contaminated,Faxonius_limosus_alien,local_only,20,0.83333
platt,null,Faxonius_limosus_alien,local_only,20,0.97811
platt,contaminated,Faxonius_limosus_alien,upstream_only,3,0.98274
platt,null,Faxonius_limosus_alien,upstream_only,3,0.99332
platt,contaminated,Faxonius_limosus_alien,upstream_only,10,0.96913
platt,null,Faxonius_limosus_alien,upstream_only,10,0.99132
platt,contaminated,Faxonius_limosus_alien,upstream_only,20,0.51676
platt,null,Faxonius_limosus_alien,upstream_only,20,0.98145
platt,contaminated,Faxonius_limosus_alien,combined,3,0.97611
platt,null,Faxonius_limosus_alien,combined,3,0.99691
platt,contaminated,Faxonius_limosus_alien,combined,10,0.91986
platt,null,Faxonius_limosus_alien,combined,10,0.99531
platt,contaminated,Faxonius_limosus_alien,combined,20,0.85134
platt,null,Faxonius_limosus_alien,combined,20,0.99162
platt,contaminated,Astacus_astacus,local_only,3,0.96862
platt,null,Astacus_astacus,local_only,3,0.99842
platt,contaminated,Astacus_astacus,local_only,10,0.81843
platt,null,Astacus_astacus,local_only,10,0.99835
platt,contaminated,Astacus_astacus,local_only,20,0.68638
platt,null,Astacus_astacus,local_only,20,0.99643
platt,contaminated,Astacus_astacus,upstream_only,3,0.99712
platt,null,Astacus_astacus,upstream_only,3,0.99876
platt,contaminated,Astacus_astacus,upstream_only,10,0.54038
platt,null,Astacus_astacus,upstream_only,10,0.99863
platt,contaminated,Astacus_astacus,upstream_only,20,0.48194
platt,null,Astacus_astacus,upstream_only,20,0.99574
platt,contaminated,Astacus_astacus,combined,3,0.96477
platt,null,Astacus_astacus,combined,3,0.99835
platt,contaminated,Astacus_astacus,combined,10,0.7979
platt,null,Astacus_astacus,combined,10,0.9978
platt,contaminated,Astacus_astacus,combined,20,0.66625
platt,null,Astacus_astacus,combined,20,0.99643
platt,contaminated,Procambarus_clarkii_native,local_only,3,0.9985
platt,null,Procambarus_clarkii_native,local_only,3,0.99881
platt,contaminated,Procambarus_clarkii_native,local_only,10,0.99363
platt,null,Procambarus_clarkii_native,local_only,10,0.99767
platt,contaminated,Procambarus_clarkii_native,local_only,20,0.9881
platt,null,Procambarus_clarkii_native,local_only,20,0.9926
platt,contaminated,Procambarus_clarkii_native,upstream_only,3,0.99959
platt,null,Procambarus_clarkii_native,upstream_only,3,0.99979
platt,contaminated,Procambarus_clarkii_native,upstream_only,10,0.99788
platt,null,Procambarus_clarkii_native,upstream_only,10,0.99938
platt,contaminated,Procambarus_clarkii_native,upstream_only,20,0.99658
platt,null,Procambarus_clarkii_native,upstream_only,20,0.99902
platt,contaminated,Procambarus_clarkii_native,combined,3,0.99871
platt,null,Procambarus_clarkii_native,combined,3,0.99938
platt,contaminated,Procambarus_clarkii_native,combined,10,0.99581
platt,null,Procambarus_clarkii_native,combined,10,0.99772
platt,contaminated,Procambarus_clarkii_native,combined,20,0.99042
platt,null,Procambarus_clarkii_native,combined,20,0.99291
platt,contaminated,Pontastacus_leptodactylus_pooled,local_only,3,0.9922
platt,null,Pontastacus_leptodactylus_pooled,local_only,3,0.99168
platt,contaminated,Pontastacus_leptodactylus_pooled,local_only,10,0.96343
platt,null,Pontastacus_leptodactylus_pooled,local_only,10,0.98627
platt,contaminated,Pontastacus_leptodactylus_pooled,local_only,20,0.9175
platt,null,Pontastacus_leptodactylus_pooled,local_only,20,0.98021
platt,contaminated,Pontastacus_leptodactylus_pooled,upstream_only,3,0.99412
platt,null,Pontastacus_leptodactylus_pooled,upstream_only,3,0.9976
platt,contaminated,Pontastacus_leptodactylus_pooled,upstream_only,10,0.98204
platt,null,Pontastacus_leptodactylus_pooled,upstream_only,10,0.99202
platt,contaminated,Pontastacus_leptodactylus_pooled,upstream_only,20,0.57612
platt,null,Pontastacus_leptodactylus_pooled,upstream_only,20,0.98976
platt,contaminated,Pontastacus_leptodactylus_pooled,combined,3,0.99011
platt,null,Pontastacus_leptodactylus_pooled,combined,3,0.99176
platt,contaminated,Pontastacus_leptodactylus_pooled,combined,10,0.96051
platt,null,Pontastacus_leptodactylus_pooled,combined,10,0.9861
platt,contaminated,Pontastacus_leptodactylus_pooled,combined,20,0.91436
platt,null,Pontastacus_leptodactylus_pooled,combined,20,0.97821
platt,contaminated,Austropotamobius_torrentium_pooled,local_only,3,0.98433
platt,null,Austropotamobius_torrentium_pooled,local_only,3,0.9984
platt,contaminated,Austropotamobius_torrentium_pooled,local_only,10,0.9065
platt,null,Austropotamobius_torrentium_pooled,local_only,10,0.99671
platt,contaminated,Austropotamobius_torrentium_pooled,local_only,20,0.81461
platt,null,Austropotamobius_torrentium_pooled,local_only,20,0.99444
platt,contaminated,Austropotamobius_torrentium_pooled,upstream_only,3,0.99309
platt,null,Austropotamobius_torrentium_pooled,upstream_only,3,0.99899
platt,contaminated,Austropotamobius_torrentium_pooled,upstream_only,10,0.97086
platt,null,Austropotamobius_torrentium_pooled,upstream_only,10,0.99781
platt,contaminated,Austropotamobius_torrentium_pooled,upstream_only,20,0.51735
platt,null,Austropotamobius_torrentium_pooled,upstream_only,20,0.99655
platt,contaminated,Austropotamobius_torrentium_pooled,combined,3,0.98155
platt,null,Austropotamobius_torrentium_pooled,combined,3,0.99823
platt,contaminated,Austropotamobius_torrentium_pooled,combined,10,0.90355
platt,null,Austropotamobius_torrentium_pooled,combined,10,0.99773
platt,contaminated,Austropotamobius_torrentium_pooled,combined,20,0.81612
platt,null,Austropotamobius_torrentium_pooled,combined,20,0.99478
platt,contaminated,Austropotamobius_fulcisianus_pooled,local_only,3,0.9959
platt,null,Austropotamobius_fulcisianus_pooled,local_only,3,0.99882
platt,contaminated,Austropotamobius_fulcisianus_pooled,local_only,10,0.98754
platt,null,Austropotamobius_fulcisianus_pooled,local_only,10,0.99842
platt,contaminated,Austropotamobius_fulcisianus_pooled,local_only,20,0.97524
platt,null,Austropotamobius_fulcisianus_pooled,local_only,20,0.99614
platt,contaminated,Austropotamobius_fulcisianus_pooled,upstream_only,3,0.99756
platt,null,Austropotamobius_fulcisianus_pooled,upstream_only,3,0.99874
platt,contaminated,Austropotamobius_fulcisianus_pooled,upstream_only,10,0.98715
platt,null,Austropotamobius_fulcisianus_pooled,upstream_only,10,0.99551
platt,contaminated,Austropotamobius_fulcisianus_pooled,upstream_only,20,0.97816
platt,null,Austropotamobius_fulcisianus_pooled,upstream_only,20,0.99196
platt,contaminated,Austropotamobius_fulcisianus_pooled,combined,3,0.99629
platt,null,Austropotamobius_fulcisianus_pooled,combined,3,0.99827
platt,contaminated,Austropotamobius_fulcisianus_pooled,combined,10,0.98352
platt,null,Austropotamobius_fulcisianus_pooled,combined,10,0.9985
platt,contaminated,Austropotamobius_fulcisianus_pooled,combined,20,0.96846
platt,null,Austropotamobius_fulcisianus_pooled,combined,20,0.99535
