domain,level,band_index,band,n,cont_mean,cont_lo,cont_hi,null_mean,null_lo,null_hi,excess_mean,excess_lo,excess_hi
full,3,0,"[0.0, 0.1)",19742,0.00861,0.00682,0.01011,0.00109,0.00074,0.00147,0.00752,0.0059,0.00923
full,3,1,"[0.1, 0.3)",14693,0.00755,0.00597,0.00895,0.00267,0.0018,0.00419,0.00488,0.00297,0.00711
full,3,2,"[0.3, 0.5)",8240,0.00532,0.00397,0.00697,0.00464,0.00294,0.00667,0.00068,-0.00135,0.00305
full,3,3,"[0.5, 0.7)",4634,0.00265,0.00121,0.00439,0.00353,0.00187,0.00593,-0.00088,-0.00306,0.00109
full,3,4,"[0.7, 1.0)",2503,0.00012,-0.00157,0.00172,0.00256,0.00109,0.00384,-0.00244,-0.00361,-0.00089
full,10,0,"[0.0, 0.1)",19742,0.02725,0.02509,0.03008,0.00184,0.00139,0.0023,0.02541,0.02317,0.02839
full,10,1,"[0.1, 0.3)",14693,0.02542,0.0236,0.02814,0.00887,0.0075,0.01085,0.01655,0.01416,0.01965
full,10,2,"[0.3, 0.5)",8240,0.01914,0.01737,0.02114,0.0167,0.01455,0.0181,0.00244,0.0001,0.00455
full,10,3,"[0.5, 0.7)",4634,0.01353,0.01166,0.0154,0.0177,0.01432,0.02046,-0.00417,-0.00652,-0.00165
full,10,4,"[0.7, 1.0)",2503,0.00548,0.00426,0.00741,0.01306,0.01134,0.01549,-0.00757,-0.01031,-0.00562
full,20,0,"[0.0, 0.1)",19742,0.05609,0.05368,0.05898,0.00287,0.00221,0.00332,0.05322,0.05045,0.05604
full,20,1,"[0.1, 0.3)",14693,0.05182,0.05031,0.05399,0.01967,0.01751,0.02177,0.03214,0.03025,0.03458
full,20,2,"[0.3, 0.5)",8240,0.03927,0.03655,0.04147,0.03692,0.03367,0.0401,0.00234,-0.00205,0.00665
full,20,3,"[0.5, 0.7)",4634,0.02955,0.02781,0.03194,0.04059,0.03717,0.04367,-0.01104,-0.01527,-0.00751
full,20,4,"[0.7, 1.0)",2503,0.01345,0.01204,0.01485,0.0305,0.02806,0.03285,-0.01705,-0.01947,-0.01468
held_out,3,0,"[0.0, 0.1)",2315,0.00942,0.00637,0.01195,0.00186,0.00096,0.00267,0.00756,0.00459,0.01021
held_out,3,1,"[0.1, 0.3)",4126,0.00926,0.00758,0.01109,0.0023,0.00116,0.00346,0.00696,0.00493,0.00912
held_out,3,2,"[0.3, 0.5)",2524,0.00661,0.00483,0.00838,0.00279,0.00096,0.00461,0.00382,0.00073,0.00687
held_out,3,3,"[0.5, 0.7)",918,0.00044,-0.0026,0.00296,0.00018,-0.00275,0.00313,0.00026,-0.00244,0.00344
held_out,3,4,"[0.7, 1.0)",187,-0.00429,-0.00859,0.0006,-0.00287,-0.0072,0.0016,-0.00142,-0.0067,0.00469
held_out,10,0,"[0.0, 0.1)",2315,0.02887,0.02372,0.0337,0.00315,0.00194,0.00449,0.02571,0.02026,0.03051
held_out,10,1,"[0.1, 0.3)",4126,0.03002,0.02693,0.03319,0.00753,0.00583,0.00939,0.0225,0.01893,0.02581
held_out,10,2,"[0.3, 0.5)",2524,0.02442,0.02153,0.02658,0.01164,0.00994,0.01361,0.01278,0.00838,0.01604
held_out,10,3,"[0.5, 0.7)",918,0.01109,0.00835,0.01475,0.01092,0.00705,0.01436,0.00017,-0.00487,0.00401
held_out,10,4,"[0.7, 1.0)",187,0.00115,-0.0022,0.00528,0.00455,-0.00142,0.01209,-0.00339,-0.01126,0.0033
held_out,20,0,"[0.0, 0.1)",2315,0.05788,0.05337,0.06257,0.00514,0.00399,0.00603,0.05274,0.04783,0.0573
held_out,20,1,"[0.1, 0.3)",4126,0.06126,0.05923,0.06427,0.01537,0.01342,0.01715,0.04589,0.04343,0.04974
held_out,20,2,"[0.3, 0.5)",2524,0.05004,0.0477,0.05283,0.0264,0.0234,0.02928,0.02363,0.02097,0.02676
held_out,20,3,"[0.5, 0.7)",918,0.02708,0.02302,0.02998,0.02832,0.02153,0.03442,-0.00124,-0.00762,0.00584
held_out,20,4,"[0.7, 1.0)",187,0.00937,0.00577,0.01301,0.02116,0.0156,0.03122,-0.0118,-0.01988,-0.0044
