domain,level,rep,arm,band_index,band,n,mean_div
full,3,0,contaminated,0,"[0.0, 0.1)",19742,0.009217
full,3,0,contaminated,1,"[0.1, 0.3)",14693,0.008721
full,3,0,contaminated,2,"[0.3, 0.5)",8240,0.004489
full,3,0,contaminated,3,"[0.5, 0.7)",4634,0.001976
full,3,0,contaminated,4,"[0.7, 1.0)",2503,0.002052
held_out,3,0,contaminated,0,"[0.0, 0.1)",2315,0.011400
held_out,3,0,contaminated,1,"[0.1, 0.3)",4126,0.010903
held_out,3,0,contaminated,2,"[0.3, 0.5)",2524,0.006091
held_out,3,0,contaminated,3,"[0.5, 0.7)",918,-0.001644
held_out,3,0,contaminated,4,"[0.7, 1.0)",187,-0.001911
full,3,0,null,0,"[0.0, 0.1)",19742,0.000968
full,3,0,null,1,"[0.1, 0.3)",14693,0.003105
full,3,0,null,2,"[0.3, 0.5)",8240,0.004678
full,3,0,null,3,"[0.5, 0.7)",4634,0.003425
full,3,0,null,4,"[0.7, 1.0)",2503,0.003109
held_out,3,0,null,0,"[0.0, 0.1)",2315,0.002887
held_out,3,0,null,1,"[0.1, 0.3)",4126,0.001843
held_out,3,0,null,2,"[0.3, 0.5)",2524,0.002887
held_out,3,0,null,3,"[0.5, 0.7)",918,0.000794
held_out,3,0,null,4,"[0.7, 1.0)",187,-0.006232
full,3,1,contaminated,0,"[0.0, 0.1)",19742,0.007794
full,3,1,contaminated,1,"[0.1, 0.3)",14693,0.007838
full,3,1,contaminated,2,"[0.3, 0.5)",8240,0.006539
full,3,1,contaminated,3,"[0.5, 0.7)",4634,0.002902
full,3,1,contaminated,4,"[0.7, 1.0)",2503,0.000195
held_out,3,1,contaminated,0,"[0.0, 0.1)",2315,0.009703
held_out,3,1,contaminated,1,"[0.1, 0.3)",4126,0.010387
held_out,3,1,contaminated,2,"[0.3, 0.5)",2524,0.008862
held_out,3,1,contaminated,3,"[0.5, 0.7)",918,0.000264
held_out,3,1,contaminated,4,"[0.7, 1.0)",187,-0.002566
full,3,1,null,0,"[0.0, 0.1)",19742,0.000873
full,3,1,null,1,"[0.1, 0.3)",14693,0.002437
full,3,1,null,2,"[0.3, 0.5)",8240,0.004195
full,3,1,null,3,"[0.5, 0.7)",4634,0.002585
full,3,1,null,4,"[0.7, 1.0)",2503,0.003346
held_out,3,1,null,0,"[0.0, 0.1)",2315,0.002137
held_out,3,1,null,1,"[0.1, 0.3)",4126,0.002615
held_out,3,1,null,2,"[0.3, 0.5)",2524,0.003904
held_out,3,1,null,3,"[0.5, 0.7)",918,0.000724
held_out,3,1,null,4,"[0.7, 1.0)",187,-0.002702
full,3,2,contaminated,0,"[0.0, 0.1)",19742,0.006748
full,3,2,contaminated,1,"[0.1, 0.3)",14693,0.008484
full,3,2,contaminated,2,"[0.3, 0.5)",8240,0.005748
full,3,2,contaminated,3,"[0.5, 0.7)",4634,0.004377
full,3,2,contaminated,4,"[0.7, 1.0)",2503,0.001128
held_out,3,2,contaminated,0,"[0.0, 0.1)",2315,0.006692
held_out,3,2,contaminated,1,"[0.1, 0.3)",4126,0.009027
held_out,3,2,contaminated,2,"[0.3, 0.5)",2524,0.007728
held_out,3,2,contaminated,3,"[0.5, 0.7)",918,0.000650
held_out,3,2,contaminated,4,"[0.7, 1.0)",187,-0.003138
full,3,2,null,0,"[0.0, 0.1)",19742,0.001242
full,3,2,null,1,"[0.1, 0.3)",14693,0.002700
full,3,2,null,2,"[0.3, 0.5)",8240,0.006269
full,3,2,null,3,"[0.5, 0.7)",4634,0.005022
full,3,2,null,4,"[0.7, 1.0)",2503,0.001777
held_out,3,2,null,0,"[0.0, 0.1)",2315,0.002180
held_out,3,2,null,1,"[0.1, 0.3)",4126,0.002408
held_out,3,2,null,2,"[0.3, 0.5)",2524,0.002100
held_out,3,2,null,3,"[0.5, 0.7)",918,-0.000012
held_out,3,2,null,4,"[0.7, 1.0)",187,-0.002723
full,3,3,contaminated,0,"[0.0, 0.1)",19742,0.010083
full,3,3,contaminated,1,"[0.1, 0.3)",14693,0.005988
full,3,3,contaminated,2,"[0.3, 0.5)",8240,0.004994
full,3,3,contaminated,3,"[0.5, 0.7)",4634,0.003036
full,3,3,contaminated,4,"[0.7, 1.0)",2503,-0.000081
held_out,3,3,contaminated,0,"[0.0, 0.1)",2315,0.008811
held_out,3,3,contaminated,1,"[0.1, 0.3)",4126,0.008078
held_out,3,3,contaminated,2,"[0.3, 0.5)",2524,0.004946
held_out,3,3,contaminated,3,"[0.5, 0.7)",918,0.001244
held_out,3,3,contaminated,4,"[0.7, 1.0)",187,-0.002562
full,3,3,null,0,"[0.0, 0.1)",19742,0.000874
full,3,3,null,1,"[0.1, 0.3)",14693,0.002150
full,3,3,null,2,"[0.3, 0.5)",8240,0.004352
full,3,3,null,3,"[0.5, 0.7)",4634,0.005924
full,3,3,null,4,"[0.7, 1.0)",2503,0.002505
held_out,3,3,null,0,"[0.0, 0.1)",2315,0.001911
held_out,3,3,null,1,"[0.1, 0.3)",4126,0.002386
held_out,3,3,null,2,"[0.3, 0.5)",2524,0.002987
held_out,3,3,null,3,"[0.5, 0.7)",918,0.002482
held_out,3,3,null,4,"[0.7, 1.0)",187,0.000455
full,3,4,contaminated,0,"[0.0, 0.1)",19742,0.009916
full,3,4,contaminated,1,"[0.1, 0.3)",14693,0.007248
full,3,4,contaminated,2,"[0.3, 0.5)",8240,0.004447
full,3,4,contaminated,3,"[0.5, 0.7)",4634,0.002532
full,3,4,contaminated,4,"[0.7, 1.0)",2503,-0.000760
held_out,3,4,contaminated,0,"[0.0, 0.1)",2315,0.011982
held_out,3,4,contaminated,1,"[0.1, 0.3)",4126,0.007635
held_out,3,4,contaminated,2,"[0.3, 0.5)",2524,0.006602
held_out,3,4,contaminated,3,"[0.5, 0.7)",918,-0.000423
held_out,3,4,contaminated,4,"[0.7, 1.0)",187,-0.004412
full,3,4,null,0,"[0.0, 0.1)",19742,0.001457
full,3,4,null,1,"[0.1, 0.3)",14693,0.002316
full,3,4,null,2,"[0.3, 0.5)",8240,0.003912
full,3,4,null,3,"[0.5, 0.7)",4634,0.001892
full,3,4,null,4,"[0.7, 1.0)",2503,0.002260
held_out,3,4,null,0,"[0.0, 0.1)",2315,0.002470
held_out,3,4,null,1,"[0.1, 0.3)",4126,0.002179
held_out,3,4,null,2,"[0.3, 0.5)",2524,0.002282
held_out,3,4,null,3,"[0.5, 0.7)",918,-0.001043
held_out,3,4,null,4,"[0.7, 1.0)",187,-0.005845
full,3,5,contaminated,0,"[0.0, 0.1)",19742,0.008239
full,3,5,contaminated,1,"[0.1, 0.3)",14693,0.007547
full,3,5,contaminated,2,"[0.3, 0.5)",8240,0.004698
full,3,5,contaminated,3,"[0.5, 0.7)",4634,0.003392
full,3,5,contaminated,4,"[0.7, 1.0)",2503,0.000100
held_out,3,5,contaminated,0,"[0.0, 0.1)",2315,0.008316
held_out,3,5,contaminated,1,"[0.1, 0.3)",4126,0.009757
held_out,3,5,contaminated,2,"[0.3, 0.5)",2524,0.005137
held_out,3,5,contaminated,3,"[0.5, 0.7)",918,0.000103
held_out,3,5,contaminated,4,"[0.7, 1.0)",187,-0.002323
full,3,5,null,0,"[0.0, 0.1)",19742,0.000991
full,3,5,null,1,"[0.1, 0.3)",14693,0.003381
full,3,5,null,2,"[0.3, 0.5)",8240,0.006131
full,3,5,null,3,"[0.5, 0.7)",4634,0.003819
full,3,5,null,4,"[0.7, 1.0)",2503,0.001943
held_out,3,5,null,0,"[0.0, 0.1)",2315,0.001847
held_out,3,5,null,1,"[0.1, 0.3)",4126,0.002219
held_out,3,5,null,2,"[0.3, 0.5)",2524,0.003502
held_out,3,5,null,3,"[0.5, 0.7)",918,0.000639
held_out,3,5,null,4,"[0.7, 1.0)",187,-0.000819
full,3,6,contaminated,0,"[0.0, 0.1)",19742,0.008607
full,3,6,contaminated,1,"[0.1, 0.3)",14693,0.008914
full,3,6,contaminated,2,"[0.3, 0.5)",8240,0.004047
full,3,6,contaminated,3,"[0.5, 0.7)",4634,0.002361
full,3,6,contaminated,4,"[0.7, 1.0)",2503,-0.000075
held_out,3,6,contaminated,0,"[0.0, 0.1)",2315,0.008576
held_out,3,6,contaminated,1,"[0.1, 0.3)",4126,0.010058
held_out,3,6,contaminated,2,"[0.3, 0.5)",2524,0.004528
held_out,3,6,contaminated,3,"[0.5, 0.7)",918,0.000680
held_out,3,6,contaminated,4,"[0.7, 1.0)",187,-0.007499
full,3,6,null,0,"[0.0, 0.1)",19742,0.001406
full,3,6,null,1,"[0.1, 0.3)",14693,0.003898
full,3,6,null,2,"[0.3, 0.5)",8240,0.004089
full,3,6,null,3,"[0.5, 0.7)",4634,0.003942
full,3,6,null,4,"[0.7, 1.0)",2503,0.003174
held_out,3,6,null,0,"[0.0, 0.1)",2315,0.001615
held_out,3,6,null,1,"[0.1, 0.3)",4126,0.002540
held_out,3,6,null,2,"[0.3, 0.5)",2524,0.001624
held_out,3,6,null,3,"[0.5, 0.7)",918,0.000200
held_out,3,6,null,4,"[0.7, 1.0)",187,-0.000744
full,3,7,contaminated,0,"[0.0, 0.1)",19742,0.009024
full,3,7,contaminated,1,"[0.1, 0.3)",14693,0.006481
full,3,7,contaminated,2,"[0.3, 0.5)",8240,0.006538
full,3,7,contaminated,3,"[0.5, 0.7)",4634,0.002644
full,3,7,contaminated,4,"[0.7, 1.0)",2503,0.000480
held_out,3,7,contaminated,0,"[0.0, 0.1)",2315,0.009191
held_out,3,7,contaminated,1,"[0.1, 0.3)",4126,0.008054
held_out,3,7,contaminated,2,"[0.3, 0.5)",2524,0.005010
held_out,3,7,contaminated,3,"[0.5, 0.7)",918,0.001341
held_out,3,7,contaminated,4,"[0.7, 1.0)",187,-0.004837
full,3,7,null,0,"[0.0, 0.1)",19742,0.000975
full,3,7,null,1,"[0.1, 0.3)",14693,0.003367
full,3,7,null,2,"[0.3, 0.5)",8240,0.005325
full,3,7,null,3,"[0.5, 0.7)",4634,0.003978
full,3,7,null,4,"[0.7, 1.0)",2503,0.002600
held_out,3,7,null,0,"[0.0, 0.1)",2315,0.002136
held_out,3,7,null,1,"[0.1, 0.3)",4126,0.004513
held_out,3,7,null,2,"[0.3, 0.5)",2524,0.004269
held_out,3,7,null,3,"[0.5, 0.7)",918,0.001229
held_out,3,7,null,4,"[0.7, 1.0)",187,-0.002259
full,3,8,contaminated,0,"[0.0, 0.1)",19742,0.008402
full,3,8,contaminated,1,"[0.1, 0.3)",14693,0.007617
full,3,8,contaminated,2,"[0.3, 0.5)",8240,0.004679
full,3,8,contaminated,3,"[0.5, 0.7)",4634,0.002716
full,3,8,contaminated,4,"[0.7, 1.0)",2503,0.000534
held_out,3,8,contaminated,0,"[0.0, 0.1)",2315,0.010850
held_out,3,8,contaminated,1,"[0.1, 0.3)",4126,0.009309
held_out,3,8,contaminated,2,"[0.3, 0.5)",2524,0.007307
held_out,3,8,contaminated,3,"[0.5, 0.7)",918,0.000343
held_out,3,8,contaminated,4,"[0.7, 1.0)",187,-0.002958
full,3,8,null,0,"[0.0, 0.1)",19742,0.001186
full,3,8,null,1,"[0.1, 0.3)",14693,0.002917
full,3,8,null,2,"[0.3, 0.5)",8240,0.002807
full,3,8,null,3,"[0.5, 0.7)",4634,0.003343
full,3,8,null,4,"[0.7, 1.0)",2503,0.002539
held_out,3,8,null,0,"[0.0, 0.1)",2315,0.001921
held_out,3,8,null,1,"[0.1, 0.3)",4126,0.002665
held_out,3,8,null,2,"[0.3, 0.5)",2524,0.001935
held_out,3,8,null,3,"[0.5, 0.7)",918,-0.003015
held_out,3,8,null,4,"[0.7, 1.0)",187,-0.003371
full,3,9,contaminated,0,"[0.0, 0.1)",19742,0.009515
full,3,9,contaminated,1,"[0.1, 0.3)",14693,0.006259
full,3,9,contaminated,2,"[0.3, 0.5)",8240,0.006931
full,3,9,contaminated,3,"[0.5, 0.7)",4634,0.001337
full,3,9,contaminated,4,"[0.7, 1.0)",2503,-0.000976
held_out,3,9,contaminated,0,"[0.0, 0.1)",2315,0.010348
held_out,3,9,contaminated,1,"[0.1, 0.3)",4126,0.008413
held_out,3,9,contaminated,2,"[0.3, 0.5)",2524,0.007755
held_out,3,9,contaminated,3,"[0.5, 0.7)",918,0.001478
held_out,3,9,contaminated,4,"[0.7, 1.0)",187,-0.006649
full,3,9,null,0,"[0.0, 0.1)",19742,0.001216
full,3,9,null,1,"[0.1, 0.3)",14693,0.002931
full,3,9,null,2,"[0.3, 0.5)",8240,0.003458
full,3,9,null,3,"[0.5, 0.7)",4634,0.003199
full,3,9,null,4,"[0.7, 1.0)",2503,0.001182
held_out,3,9,null,0,"[0.0, 0.1)",2315,0.001490
held_out,3,9,null,1,"[0.1, 0.3)",4126,0.001239
held_out,3,9,null,2,"[0.3, 0.5)",2524,0.000367
held_out,3,9,null,3,"[0.5, 0.7)",918,-0.000766
held_out,3,9,null,4,"[0.7, 1.0)",187,-0.004496
full,3,10,contaminated,0,"[0.0, 0.1)",19742,0.008953
full,3,10,contaminated,1,"[0.1, 0.3)",14693,0.007532
full,3,10,contaminated,2,"[0.3, 0.5)",8240,0.005368
full,3,10,contaminated,3,"[0.5, 0.7)",4634,0.003417
full,3,10,contaminated,4,"[0.7, 1.0)",2503,0.000211
held_out,3,10,contaminated,0,"[0.0, 0.1)",2315,0.009345
held_out,3,10,contaminated,1,"[0.1, 0.3)",4126,0.008983
held_out,3,10,contaminated,2,"[0.3, 0.5)",2524,0.006482
held_out,3,10,contaminated,3,"[0.5, 0.7)",918,0.002639
held_out,3,10,contaminated,4,"[0.7, 1.0)",187,-0.003482
full,3,10,null,0,"[0.0, 0.1)",19742,0.001455
full,3,10,null,1,"[0.1, 0.3)",14693,0.004957
full,3,10,null,2,"[0.3, 0.5)",8240,0.004845
full,3,10,null,3,"[0.5, 0.7)",4634,0.004142
full,3,10,null,4,"[0.7, 1.0)",2503,0.003456
held_out,3,10,null,0,"[0.0, 0.1)",2315,0.002585
held_out,3,10,null,1,"[0.1, 0.3)",4126,0.002741
held_out,3,10,null,2,"[0.3, 0.5)",2524,0.004614
held_out,3,10,null,3,"[0.5, 0.7)",918,0.003173
held_out,3,10,null,4,"[0.7, 1.0)",187,-0.003665
full,3,11,contaminated,0,"[0.0, 0.1)",19742,0.008610
full,3,11,contaminated,1,"[0.1, 0.3)",14693,0.008298
full,3,11,contaminated,2,"[0.3, 0.5)",8240,0.004231
full,3,11,contaminated,3,"[0.5, 0.7)",4634,0.001264
full,3,11,contaminated,4,"[0.7, 1.0)",2503,-0.000144
held_out,3,11,contaminated,0,"[0.0, 0.1)",2315,0.011432
held_out,3,11,contaminated,1,"[0.1, 0.3)",4126,0.009962
held_out,3,11,contaminated,2,"[0.3, 0.5)",2524,0.006021
held_out,3,11,contaminated,3,"[0.5, 0.7)",918,-0.001643
held_out,3,11,contaminated,4,"[0.7, 1.0)",187,-0.003466
full,3,11,null,0,"[0.0, 0.1)",19742,0.000973
full,3,11,null,1,"[0.1, 0.3)",14693,0.003237
full,3,11,null,2,"[0.3, 0.5)",8240,0.005520
full,3,11,null,3,"[0.5, 0.7)",4634,0.003224
full,3,11,null,4,"[0.7, 1.0)",2503,0.001553
held_out,3,11,null,0,"[0.0, 0.1)",2315,0.001076
held_out,3,11,null,1,"[0.1, 0.3)",4126,0.001802
held_out,3,11,null,2,"[0.3, 0.5)",2524,0.003639
held_out,3,11,null,3,"[0.5, 0.7)",918,0.000126
held_out,3,11,null,4,"[0.7, 1.0)",187,-0.002996
full,3,12,contaminated,0,"[0.0, 0.1)",19742,0.008668
full,3,12,contaminated,1,"[0.1, 0.3)",14693,0.005910
full,3,12,contaminated,2,"[0.3, 0.5)",8240,0.005380
full,3,12,contaminated,3,"[0.5, 0.7)",4634,0.003143
full,3,12,contaminated,4,"[0.7, 1.0)",2503,0.000252
held_out,3,12,contaminated,0,"[0.0, 0.1)",2315,0.009187
held_out,3,12,contaminated,1,"[0.1, 0.3)",4126,0.008828
held_out,3,12,contaminated,2,"[0.3, 0.5)",2524,0.005520
held_out,3,12,contaminated,3,"[0.5, 0.7)",918,0.001287
held_out,3,12,contaminated,4,"[0.7, 1.0)",187,-0.006964
full,3,12,null,0,"[0.0, 0.1)",19742,0.001489
full,3,12,null,1,"[0.1, 0.3)",14693,0.002661
full,3,12,null,2,"[0.3, 0.5)",8240,0.006700
full,3,12,null,3,"[0.5, 0.7)",4634,0.002167
full,3,12,null,4,"[0.7, 1.0)",2503,0.002269
held_out,3,12,null,0,"[0.0, 0.1)",2315,0.001984
held_out,3,12,null,1,"[0.1, 0.3)",4126,0.002857
held_out,3,12,null,2,"[0.3, 0.5)",2524,0.002972
held_out,3,12,null,3,"[0.5, 0.7)",918,-0.001309
held_out,3,12,null,4,"[0.7, 1.0)",187,-0.006714
full,3,13,contaminated,0,"[0.0, 0.1)",19742,0.007449
full,3,13,contaminated,1,"[0.1, 0.3)",14693,0.006585
full,3,13,contaminated,2,"[0.3, 0.5)",8240,0.006969
full,3,13,contaminated,3,"[0.5, 0.7)",4634,0.003189
full,3,13,contaminated,4,"[0.7, 1.0)",2503,-0.000870
held_out,3,13,contaminated,0,"[0.0, 0.1)",2315,0.006381
held_out,3,13,contaminated,1,"[0.1, 0.3)",4126,0.007450
held_out,3,13,contaminated,2,"[0.3, 0.5)",2524,0.008194
held_out,3,13,contaminated,3,"[0.5, 0.7)",918,0.001646
held_out,3,13,contaminated,4,"[0.7, 1.0)",187,-0.008818
full,3,13,null,0,"[0.0, 0.1)",19742,0.000695
full,3,13,null,1,"[0.1, 0.3)",14693,0.002331
full,3,13,null,2,"[0.3, 0.5)",8240,0.005032
full,3,13,null,3,"[0.5, 0.7)",4634,0.003205
full,3,13,null,4,"[0.7, 1.0)",2503,0.002316
held_out,3,13,null,0,"[0.0, 0.1)",2315,0.000642
held_out,3,13,null,1,"[0.1, 0.3)",4126,0.001874
held_out,3,13,null,2,"[0.3, 0.5)",2524,0.003359
held_out,3,13,null,3,"[0.5, 0.7)",918,-0.000510
held_out,3,13,null,4,"[0.7, 1.0)",187,-0.004495
full,3,14,contaminated,0,"[0.0, 0.1)",19742,0.008322
full,3,14,contaminated,1,"[0.1, 0.3)",14693,0.006926
full,3,14,contaminated,2,"[0.3, 0.5)",8240,0.004973
full,3,14,contaminated,3,"[0.5, 0.7)",4634,0.002164
full,3,14,contaminated,4,"[0.7, 1.0)",2503,-0.000325
held_out,3,14,contaminated,0,"[0.0, 0.1)",2315,0.009619
held_out,3,14,contaminated,1,"[0.1, 0.3)",4126,0.007774
held_out,3,14,contaminated,2,"[0.3, 0.5)",2524,0.006740
held_out,3,14,contaminated,3,"[0.5, 0.7)",918,0.002470
held_out,3,14,contaminated,4,"[0.7, 1.0)",187,-0.006908
full,3,14,null,0,"[0.0, 0.1)",19742,0.000882
full,3,14,null,1,"[0.1, 0.3)",14693,0.002118
full,3,14,null,2,"[0.3, 0.5)",8240,0.003074
full,3,14,null,3,"[0.5, 0.7)",4634,0.002830
full,3,14,null,4,"[0.7, 1.0)",2503,0.002828
held_out,3,14,null,0,"[0.0, 0.1)",2315,0.001681
held_out,3,14,null,1,"[0.1, 0.3)",4126,0.001415
held_out,3,14,null,2,"[0.3, 0.5)",2524,0.003065
held_out,3,14,null,3,"[0.5, 0.7)",918,-0.001174
held_out,3,14,null,4,"[0.7, 1.0)",187,-0.004053
full,3,15,contaminated,0,"[0.0, 0.1)",19742,0.008234
full,3,15,contaminated,1,"[0.1, 0.3)",14693,0.007459
full,3,15,contaminated,2,"[0.3, 0.5)",8240,0.004604
full,3,15,contaminated,3,"[0.5, 0.7)",4634,0.001958
full,3,15,contaminated,4,"[0.7, 1.0)",2503,0.001291
held_out,3,15,contaminated,0,"[0.0, 0.1)",2315,0.008889
held_out,3,15,contaminated,1,"[0.1, 0.3)",4126,0.008761
held_out,3,15,contaminated,2,"[0.3, 0.5)",2524,0.005651
held_out,3,15,contaminated,3,"[0.5, 0.7)",918,-0.000730
held_out,3,15,contaminated,4,"[0.7, 1.0)",187,-0.000407
full,3,15,null,0,"[0.0, 0.1)",19742,0.001184
full,3,15,null,1,"[0.1, 0.3)",14693,0.003180
full,3,15,null,2,"[0.3, 0.5)",8240,0.004107
full,3,15,null,3,"[0.5, 0.7)",4634,0.002806
full,3,15,null,4,"[0.7, 1.0)",2503,0.003722
held_out,3,15,null,0,"[0.0, 0.1)",2315,0.001942
held_out,3,15,null,1,"[0.1, 0.3)",4126,0.003057
held_out,3,15,null,2,"[0.3, 0.5)",2524,0.002179
held_out,3,15,null,3,"[0.5, 0.7)",918,0.000270
held_out,3,15,null,4,"[0.7, 1.0)",187,0.003957
full,3,16,contaminated,0,"[0.0, 0.1)",19742,0.006845
full,3,16,contaminated,1,"[0.1, 0.3)",14693,0.008639
full,3,16,contaminated,2,"[0.3, 0.5)",8240,0.004895
full,3,16,contaminated,3,"[0.5, 0.7)",4634,0.004409
full,3,16,contaminated,4,"[0.7, 1.0)",2503,0.000335
held_out,3,16,contaminated,0,"[0.0, 0.1)",2315,0.010692
held_out,3,16,contaminated,1,"[0.1, 0.3)",4126,0.010234
held_out,3,16,contaminated,2,"[0.3, 0.5)",2524,0.006850
held_out,3,16,contaminated,3,"[0.5, 0.7)",918,0.003806
held_out,3,16,contaminated,4,"[0.7, 1.0)",187,-0.005774
full,3,16,null,0,"[0.0, 0.1)",19742,0.000800
full,3,16,null,1,"[0.1, 0.3)",14693,0.001373
full,3,16,null,2,"[0.3, 0.5)",8240,0.003295
full,3,16,null,3,"[0.5, 0.7)",4634,0.004204
full,3,16,null,4,"[0.7, 1.0)",2503,0.003189
held_out,3,16,null,0,"[0.0, 0.1)",2315,0.001246
held_out,3,16,null,1,"[0.1, 0.3)",4126,0.000957
held_out,3,16,null,2,"[0.3, 0.5)",2524,0.002673
held_out,3,16,null,3,"[0.5, 0.7)",918,0.002383
held_out,3,16,null,4,"[0.7, 1.0)",187,0.000701
full,3,17,contaminated,0,"[0.0, 0.1)",19742,0.009227
full,3,17,contaminated,1,"[0.1, 0.3)",14693,0.007632
full,3,17,contaminated,2,"[0.3, 0.5)",8240,0.006974
full,3,17,contaminated,3,"[0.5, 0.7)",4634,0.002560
full,3,17,contaminated,4,"[0.7, 1.0)",2503,-0.000062
held_out,3,17,contaminated,0,"[0.0, 0.1)",2315,0.009397
held_out,3,17,contaminated,1,"[0.1, 0.3)",4126,0.009178
held_out,3,17,contaminated,2,"[0.3, 0.5)",2524,0.008191
held_out,3,17,contaminated,3,"[0.5, 0.7)",918,0.000955
held_out,3,17,contaminated,4,"[0.7, 1.0)",187,-0.003475
full,3,17,null,0,"[0.0, 0.1)",19742,0.001263
full,3,17,null,1,"[0.1, 0.3)",14693,0.002591
full,3,17,null,2,"[0.3, 0.5)",8240,0.005943
full,3,17,null,3,"[0.5, 0.7)",4634,0.002860
full,3,17,null,4,"[0.7, 1.0)",2503,0.002263
held_out,3,17,null,0,"[0.0, 0.1)",2315,0.002428
held_out,3,17,null,1,"[0.1, 0.3)",4126,0.002647
held_out,3,17,null,2,"[0.3, 0.5)",2524,0.001518
held_out,3,17,null,3,"[0.5, 0.7)",918,-0.001156
held_out,3,17,null,4,"[0.7, 1.0)",187,-0.002665
full,3,18,contaminated,0,"[0.0, 0.1)",19742,0.007587
full,3,18,contaminated,1,"[0.1, 0.3)",14693,0.007000
full,3,18,contaminated,2,"[0.3, 0.5)",8240,0.006083
full,3,18,contaminated,3,"[0.5, 0.7)",4634,0.003177
full,3,18,contaminated,4,"[0.7, 1.0)",2503,0.001597
held_out,3,18,contaminated,0,"[0.0, 0.1)",2315,0.006328
held_out,3,18,contaminated,1,"[0.1, 0.3)",4126,0.009135
held_out,3,18,contaminated,2,"[0.3, 0.5)",2524,0.007406
held_out,3,18,contaminated,3,"[0.5, 0.7)",918,0.000870
held_out,3,18,contaminated,4,"[0.7, 1.0)",187,0.001589
full,3,18,null,0,"[0.0, 0.1)",19742,0.001113
full,3,18,null,1,"[0.1, 0.3)",14693,0.002277
full,3,18,null,2,"[0.3, 0.5)",8240,0.006653
full,3,18,null,3,"[0.5, 0.7)",4634,0.003905
full,3,18,null,4,"[0.7, 1.0)",2503,0.002584
held_out,3,18,null,0,"[0.0, 0.1)",2315,0.001710
held_out,3,18,null,1,"[0.1, 0.3)",4126,0.002313
held_out,3,18,null,2,"[0.3, 0.5)",2524,0.003340
held_out,3,18,null,3,"[0.5, 0.7)",918,0.000272
held_out,3,18,null,4,"[0.7, 1.0)",187,-0.004073
full,3,19,contaminated,0,"[0.0, 0.1)",19742,0.008862
full,3,19,contaminated,1,"[0.1, 0.3)",14693,0.007230
full,3,19,contaminated,2,"[0.3, 0.5)",8240,0.004568
full,3,19,contaminated,3,"[0.5, 0.7)",4634,0.003214
full,3,19,contaminated,4,"[0.7, 1.0)",2503,0.000932
held_out,3,19,contaminated,0,"[0.0, 0.1)",2315,0.010202
held_out,3,19,contaminated,1,"[0.1, 0.3)",4126,0.009597
held_out,3,19,contaminated,2,"[0.3, 0.5)",2524,0.005314
held_out,3,19,contaminated,3,"[0.5, 0.7)",918,0.001851
held_out,3,19,contaminated,4,"[0.7, 1.0)",187,-0.003595
full,3,19,null,0,"[0.0, 0.1)",19742,0.001268
full,3,19,null,1,"[0.1, 0.3)",14693,0.002809
full,3,19,null,2,"[0.3, 0.5)",8240,0.005286
full,3,19,null,3,"[0.5, 0.7)",4634,0.001830
full,3,19,null,4,"[0.7, 1.0)",2503,0.003584
held_out,3,19,null,0,"[0.0, 0.1)",2315,0.002350
held_out,3,19,null,1,"[0.1, 0.3)",4126,0.002324
held_out,3,19,null,2,"[0.3, 0.5)",2524,0.004603
held_out,3,19,null,3,"[0.5, 0.7)",918,0.000076
held_out,3,19,null,4,"[0.7, 1.0)",187,-0.004047
full,3,20,contaminated,0,"[0.0, 0.1)",19742,0.009099
full,3,20,contaminated,1,"[0.1, 0.3)",14693,0.007413
full,3,20,contaminated,2,"[0.3, 0.5)",8240,0.004916
full,3,20,contaminated,3,"[0.5, 0.7)",4634,0.002388
full,3,20,contaminated,4,"[0.7, 1.0)",2503,-0.000533
held_out,3,20,contaminated,0,"[0.0, 0.1)",2315,0.009485
held_out,3,20,contaminated,1,"[0.1, 0.3)",4126,0.009549
held_out,3,20,contaminated,2,"[0.3, 0.5)",2524,0.007378
held_out,3,20,contaminated,3,"[0.5, 0.7)",918,0.000680
held_out,3,20,contaminated,4,"[0.7, 1.0)",187,-0.005700
full,3,20,null,0,"[0.0, 0.1)",19742,0.001249
full,3,20,null,1,"[0.1, 0.3)",14693,0.002361
full,3,20,null,2,"[0.3, 0.5)",8240,0.002989
full,3,20,null,3,"[0.5, 0.7)",4634,0.003216
full,3,20,null,4,"[0.7, 1.0)",2503,0.003450
held_out,3,20,null,0,"[0.0, 0.1)",2315,0.001792
held_out,3,20,null,1,"[0.1, 0.3)",4126,0.001889
held_out,3,20,null,2,"[0.3, 0.5)",2524,0.002332
held_out,3,20,null,3,"[0.5, 0.7)",918,0.003118
held_out,3,20,null,4,"[0.7, 1.0)",187,-0.000095
full,3,21,contaminated,0,"[0.0, 0.1)",19742,0.008704
full,3,21,contaminated,1,"[0.1, 0.3)",14693,0.007412
full,3,21,contaminated,2,"[0.3, 0.5)",8240,0.005459
full,3,21,contaminated,3,"[0.5, 0.7)",4634,0.002000
full,3,21,contaminated,4,"[0.7, 1.0)",2503,0.000113
held_out,3,21,contaminated,0,"[0.0, 0.1)",2315,0.009550
held_out,3,21,contaminated,1,"[0.1, 0.3)",4126,0.009327
held_out,3,21,contaminated,2,"[0.3, 0.5)",2524,0.006927
held_out,3,21,contaminated,3,"[0.5, 0.7)",918,0.002193
held_out,3,21,contaminated,4,"[0.7, 1.0)",187,-0.002641
full,3,21,null,0,"[0.0, 0.1)",19742,0.001009
full,3,21,null,1,"[0.1, 0.3)",14693,0.002026
full,3,21,null,2,"[0.3, 0.5)",8240,0.006228
full,3,21,null,3,"[0.5, 0.7)",4634,0.002615
full,3,21,null,4,"[0.7, 1.0)",2503,0.002010
held_out,3,21,null,0,"[0.0, 0.1)",2315,0.001474
held_out,3,21,null,1,"[0.1, 0.3)",4126,0.002405
held_out,3,21,null,2,"[0.3, 0.5)",2524,0.003980
held_out,3,21,null,3,"[0.5, 0.7)",918,0.000108
held_out,3,21,null,4,"[0.7, 1.0)",187,-0.002016
full,3,22,contaminated,0,"[0.0, 0.1)",19742,0.010112
full,3,22,contaminated,1,"[0.1, 0.3)",14693,0.007292
full,3,22,contaminated,2,"[0.3, 0.5)",8240,0.005184
full,3,22,contaminated,3,"[0.5, 0.7)",4634,0.001215
full,3,22,contaminated,4,"[0.7, 1.0)",2503,0.000636
held_out,3,22,contaminated,0,"[0.0, 0.1)",2315,0.011062
held_out,3,22,contaminated,1,"[0.1, 0.3)",4126,0.009890
held_out,3,22,contaminated,2,"[0.3, 0.5)",2524,0.006737
held_out,3,22,contaminated,3,"[0.5, 0.7)",918,-0.001777
held_out,3,22,contaminated,4,"[0.7, 1.0)",187,-0.001984
full,3,22,null,0,"[0.0, 0.1)",19742,0.001386
full,3,22,null,1,"[0.1, 0.3)",14693,0.001958
full,3,22,null,2,"[0.3, 0.5)",8240,0.005784
full,3,22,null,3,"[0.5, 0.7)",4634,0.003229
full,3,22,null,4,"[0.7, 1.0)",2503,0.002416
held_out,3,22,null,0,"[0.0, 0.1)",2315,0.002217
held_out,3,22,null,1,"[0.1, 0.3)",4126,0.002033
held_out,3,22,null,2,"[0.3, 0.5)",2524,0.002042
held_out,3,22,null,3,"[0.5, 0.7)",918,-0.001137
held_out,3,22,null,4,"[0.7, 1.0)",187,-0.002249
full,3,23,contaminated,0,"[0.0, 0.1)",19742,0.010103
full,3,23,contaminated,1,"[0.1, 0.3)",14693,0.006852
full,3,23,contaminated,2,"[0.3, 0.5)",8240,0.004182
full,3,23,contaminated,3,"[0.5, 0.7)",4634,0.001829
full,3,23,contaminated,4,"[0.7, 1.0)",2503,-0.000179
held_out,3,23,contaminated,0,"[0.0, 0.1)",2315,0.009642
held_out,3,23,contaminated,1,"[0.1, 0.3)",4126,0.008084
held_out,3,23,contaminated,2,"[0.3, 0.5)",2524,0.005362
held_out,3,23,contaminated,3,"[0.5, 0.7)",918,-0.004766
held_out,3,23,contaminated,4,"[0.7, 1.0)",187,-0.002978
full,3,23,null,0,"[0.0, 0.1)",19742,0.000831
full,3,23,null,1,"[0.1, 0.3)",14693,0.002315
full,3,23,null,2,"[0.3, 0.5)",8240,0.003942
full,3,23,null,3,"[0.5, 0.7)",4634,0.002475
full,3,23,null,4,"[0.7, 1.0)",2503,0.002186
held_out,3,23,null,0,"[0.0, 0.1)",2315,0.001548
held_out,3,23,null,1,"[0.1, 0.3)",4126,0.001886
held_out,3,23,null,2,"[0.3, 0.5)",2524,0.001545
held_out,3,23,null,3,"[0.5, 0.7)",918,-0.002650
held_out,3,23,null,4,"[0.7, 1.0)",187,-0.001781
full,3,24,contaminated,0,"[0.0, 0.1)",19742,0.007770
full,3,24,contaminated,1,"[0.1, 0.3)",14693,0.008456
full,3,24,contaminated,2,"[0.3, 0.5)",8240,0.006967
full,3,24,contaminated,3,"[0.5, 0.7)",4634,0.002975
full,3,24,contaminated,4,"[0.7, 1.0)",2503,0.000223
held_out,3,24,contaminated,0,"[0.0, 0.1)",2315,0.009699
held_out,3,24,contaminated,1,"[0.1, 0.3)",4126,0.009458
held_out,3,24,contaminated,2,"[0.3, 0.5)",2524,0.007754
held_out,3,24,contaminated,3,"[0.5, 0.7)",918,0.000295
held_out,3,24,contaminated,4,"[0.7, 1.0)",187,-0.008382
full,3,24,null,0,"[0.0, 0.1)",19742,0.001349
full,3,24,null,1,"[0.1, 0.3)",14693,0.002009
full,3,24,null,2,"[0.3, 0.5)",8240,0.004932
full,3,24,null,3,"[0.5, 0.7)",4634,0.004863
full,3,24,null,4,"[0.7, 1.0)",2503,0.002424
held_out,3,24,null,0,"[0.0, 0.1)",2315,0.002560
held_out,3,24,null,1,"[0.1, 0.3)",4126,0.001305
held_out,3,24,null,2,"[0.3, 0.5)",2524,0.001187
held_out,3,24,null,3,"[0.5, 0.7)",918,0.002312
held_out,3,24,null,4,"[0.7, 1.0)",187,-0.007072
full,3,25,contaminated,0,"[0.0, 0.1)",19742,0.007900
full,3,25,contaminated,1,"[0.1, 0.3)",14693,0.008642
full,3,25,contaminated,2,"[0.3, 0.5)",8240,0.003772
full,3,25,contaminated,3,"[0.5, 0.7)",4634,0.003983
full,3,25,contaminated,4,"[0.7, 1.0)",2503,-0.000414
held_out,3,25,contaminated,0,"[0.0, 0.1)",2315,0.006874
held_out,3,25,contaminated,1,"[0.1, 0.3)",4126,0.009846
held_out,3,25,contaminated,2,"[0.3, 0.5)",2524,0.005982
held_out,3,25,contaminated,3,"[0.5, 0.7)",918,-0.001075
held_out,3,25,contaminated,4,"[0.7, 1.0)",187,-0.004605
full,3,25,null,0,"[0.0, 0.1)",19742,0.001143
full,3,25,null,1,"[0.1, 0.3)",14693,0.002652
full,3,25,null,2,"[0.3, 0.5)",8240,0.004561
full,3,25,null,3,"[0.5, 0.7)",4634,0.003189
full,3,25,null,4,"[0.7, 1.0)",2503,0.002391
held_out,3,25,null,0,"[0.0, 0.1)",2315,0.001622
held_out,3,25,null,1,"[0.1, 0.3)",4126,0.003026
held_out,3,25,null,2,"[0.3, 0.5)",2524,0.004344
held_out,3,25,null,3,"[0.5, 0.7)",918,-0.000285
held_out,3,25,null,4,"[0.7, 1.0)",187,-0.007537
full,3,26,contaminated,0,"[0.0, 0.1)",19742,0.009011
full,3,26,contaminated,1,"[0.1, 0.3)",14693,0.007766
full,3,26,contaminated,2,"[0.3, 0.5)",8240,0.004767
full,3,26,contaminated,3,"[0.5, 0.7)",4634,0.002417
full,3,26,contaminated,4,"[0.7, 1.0)",2503,-0.001678
held_out,3,26,contaminated,0,"[0.0, 0.1)",2315,0.009292
held_out,3,26,contaminated,1,"[0.1, 0.3)",4126,0.008763
held_out,3,26,contaminated,2,"[0.3, 0.5)",2524,0.005603
held_out,3,26,contaminated,3,"[0.5, 0.7)",918,-0.001222
held_out,3,26,contaminated,4,"[0.7, 1.0)",187,-0.008336
full,3,26,null,0,"[0.0, 0.1)",19742,0.000770
full,3,26,null,1,"[0.1, 0.3)",14693,0.002644
full,3,26,null,2,"[0.3, 0.5)",8240,0.003698
full,3,26,null,3,"[0.5, 0.7)",4634,0.005946
full,3,26,null,4,"[0.7, 1.0)",2503,0.001375
held_out,3,26,null,0,"[0.0, 0.1)",2315,0.001472
held_out,3,26,null,1,"[0.1, 0.3)",4126,0.002348
held_out,3,26,null,2,"[0.3, 0.5)",2524,0.002409
held_out,3,26,null,3,"[0.5, 0.7)",918,0.000168
held_out,3,26,null,4,"[0.7, 1.0)",187,-0.003687
full,3,27,contaminated,0,"[0.0, 0.1)",19742,0.009029
full,3,27,contaminated,1,"[0.1, 0.3)",14693,0.009032
full,3,27,contaminated,2,"[0.3, 0.5)",8240,0.005908
full,3,27,contaminated,3,"[0.5, 0.7)",4634,0.001188
full,3,27,contaminated,4,"[0.7, 1.0)",2503,0.001402
held_out,3,27,contaminated,0,"[0.0, 0.1)",2315,0.011939
held_out,3,27,contaminated,1,"[0.1, 0.3)",4126,0.011019
held_out,3,27,contaminated,2,"[0.3, 0.5)",2524,0.006780
held_out,3,27,contaminated,3,"[0.5, 0.7)",918,-0.000627
held_out,3,27,contaminated,4,"[0.7, 1.0)",187,0.000221
full,3,27,null,0,"[0.0, 0.1)",19742,0.001047
full,3,27,null,1,"[0.1, 0.3)",14693,0.001981
full,3,27,null,2,"[0.3, 0.5)",8240,0.004141
full,3,27,null,3,"[0.5, 0.7)",4634,0.003379
full,3,27,null,4,"[0.7, 1.0)",2503,0.004168
held_out,3,27,null,0,"[0.0, 0.1)",2315,0.001788
held_out,3,27,null,1,"[0.1, 0.3)",4126,0.002543
held_out,3,27,null,2,"[0.3, 0.5)",2524,0.003189
held_out,3,27,null,3,"[0.5, 0.7)",918,-0.000971
held_out,3,27,null,4,"[0.7, 1.0)",187,-0.003348
full,3,28,contaminated,0,"[0.0, 0.1)",19742,0.007278
full,3,28,contaminated,1,"[0.1, 0.3)",14693,0.008158
full,3,28,contaminated,2,"[0.3, 0.5)",8240,0.006177
full,3,28,contaminated,3,"[0.5, 0.7)",4634,0.002352
full,3,28,contaminated,4,"[0.7, 1.0)",2503,-0.000137
held_out,3,28,contaminated,0,"[0.0, 0.1)",2315,0.007991
held_out,3,28,contaminated,1,"[0.1, 0.3)",4126,0.009184
held_out,3,28,contaminated,2,"[0.3, 0.5)",2524,0.007481
held_out,3,28,contaminated,3,"[0.5, 0.7)",918,0.002200
held_out,3,28,contaminated,4,"[0.7, 1.0)",187,-0.008508
full,3,28,null,0,"[0.0, 0.1)",19742,0.000752
full,3,28,null,1,"[0.1, 0.3)",14693,0.002274
full,3,28,null,2,"[0.3, 0.5)",8240,0.003292
full,3,28,null,3,"[0.5, 0.7)",4634,0.003966
full,3,28,null,4,"[0.7, 1.0)",2503,0.003333
held_out,3,28,null,0,"[0.0, 0.1)",2315,0.001590
held_out,3,28,null,1,"[0.1, 0.3)",4126,0.002338
held_out,3,28,null,2,"[0.3, 0.5)",2524,0.002994
held_out,3,28,null,3,"[0.5, 0.7)",918,0.001126
held_out,3,28,null,4,"[0.7, 1.0)",187,-0.001833
full,3,29,contaminated,0,"[0.0, 0.1)",19742,0.009014
full,3,29,contaminated,1,"[0.1, 0.3)",14693,0.007241
full,3,29,contaminated,2,"[0.3, 0.5)",8240,0.005084
full,3,29,contaminated,3,"[0.5, 0.7)",4634,0.003368
full,3,29,contaminated,4,"[0.7, 1.0)",2503,-0.001533
held_out,3,29,contaminated,0,"[0.0, 0.1)",2315,0.009573
held_out,3,29,contaminated,1,"[0.1, 0.3)",4126,0.011266
held_out,3,29,contaminated,2,"[0.3, 0.5)",2524,0.007959
held_out,3,29,contaminated,3,"[0.5, 0.7)",918,-0.000036
held_out,3,29,contaminated,4,"[0.7, 1.0)",187,-0.005696
full,3,29,null,0,"[0.0, 0.1)",19742,0.000820
full,3,29,null,1,"[0.1, 0.3)",14693,0.003134
full,3,29,null,2,"[0.3, 0.5)",8240,0.003888
full,3,29,null,3,"[0.5, 0.7)",4634,0.004701
full,3,29,null,4,"[0.7, 1.0)",2503,0.000844
held_out,3,29,null,0,"[0.0, 0.1)",2315,0.001387
held_out,3,29,null,1,"[0.1, 0.3)",4126,0.002716
held_out,3,29,null,2,"[0.3, 0.5)",2524,0.001735
held_out,3,29,null,3,"[0.5, 0.7)",918,0.000213
held_out,3,29,null,4,"[0.7, 1.0)",187,0.000303
full,10,0,contaminated,0,"[0.0, 0.1)",19742,0.026375
full,10,0,contaminated,1,"[0.1, 0.3)",14693,0.026545
full,10,0,contaminated,2,"[0.3, 0.5)",8240,0.019335
full,10,0,contaminated,3,"[0.5, 0.7)",4634,0.014287
full,10,0,contaminated,4,"[0.7, 1.0)",2503,0.006005
held_out,10,0,contaminated,0,"[0.0, 0.1)",2315,0.029057
held_out,10,0,contaminated,1,"[0.1, 0.3)",4126,0.031762
held_out,10,0,contaminated,2,"[0.3, 0.5)",2524,0.024316
held_out,10,0,contaminated,3,"[0.5, 0.7)",918,0.009537
held_out,10,0,contaminated,4,"[0.7, 1.0)",187,0.000109
full,10,0,null,0,"[0.0, 0.1)",19742,0.002104
full,10,0,null,1,"[0.1, 0.3)",14693,0.010476
full,10,0,null,2,"[0.3, 0.5)",8240,0.016340
full,10,0,null,3,"[0.5, 0.7)",4634,0.018295
full,10,0,null,4,"[0.7, 1.0)",2503,0.012250
held_out,10,0,null,0,"[0.0, 0.1)",2315,0.003757
held_out,10,0,null,1,"[0.1, 0.3)",4126,0.010520
held_out,10,0,null,2,"[0.3, 0.5)",2524,0.010521
held_out,10,0,null,3,"[0.5, 0.7)",918,0.011429
held_out,10,0,null,4,"[0.7, 1.0)",187,0.004014
full,10,1,contaminated,0,"[0.0, 0.1)",19742,0.028757
full,10,1,contaminated,1,"[0.1, 0.3)",14693,0.023921
full,10,1,contaminated,2,"[0.3, 0.5)",8240,0.019976
full,10,1,contaminated,3,"[0.5, 0.7)",4634,0.013311
full,10,1,contaminated,4,"[0.7, 1.0)",2503,0.004414
held_out,10,1,contaminated,0,"[0.0, 0.1)",2315,0.028321
held_out,10,1,contaminated,1,"[0.1, 0.3)",4126,0.030039
held_out,10,1,contaminated,2,"[0.3, 0.5)",2524,0.024876
held_out,10,1,contaminated,3,"[0.5, 0.7)",918,0.011383
held_out,10,1,contaminated,4,"[0.7, 1.0)",187,0.001607
full,10,1,null,0,"[0.0, 0.1)",19742,0.001931
full,10,1,null,1,"[0.1, 0.3)",14693,0.008202
full,10,1,null,2,"[0.3, 0.5)",8240,0.016372
full,10,1,null,3,"[0.5, 0.7)",4634,0.018171
full,10,1,null,4,"[0.7, 1.0)",2503,0.012632
held_out,10,1,null,0,"[0.0, 0.1)",2315,0.003315
held_out,10,1,null,1,"[0.1, 0.3)",4126,0.005777
held_out,10,1,null,2,"[0.3, 0.5)",2524,0.012843
held_out,10,1,null,3,"[0.5, 0.7)",918,0.009883
held_out,10,1,null,4,"[0.7, 1.0)",187,0.006886
full,10,2,contaminated,0,"[0.0, 0.1)",19742,0.025547
full,10,2,contaminated,1,"[0.1, 0.3)",14693,0.025411
full,10,2,contaminated,2,"[0.3, 0.5)",8240,0.019373
full,10,2,contaminated,3,"[0.5, 0.7)",4634,0.016223
full,10,2,contaminated,4,"[0.7, 1.0)",2503,0.005725
held_out,10,2,contaminated,0,"[0.0, 0.1)",2315,0.027720
held_out,10,2,contaminated,1,"[0.1, 0.3)",4126,0.026096
held_out,10,2,contaminated,2,"[0.3, 0.5)",2524,0.025254
held_out,10,2,contaminated,3,"[0.5, 0.7)",918,0.012861
held_out,10,2,contaminated,4,"[0.7, 1.0)",187,0.000844
full,10,2,null,0,"[0.0, 0.1)",19742,0.001725
full,10,2,null,1,"[0.1, 0.3)",14693,0.008719
full,10,2,null,2,"[0.3, 0.5)",8240,0.016821
full,10,2,null,3,"[0.5, 0.7)",4634,0.018962
full,10,2,null,4,"[0.7, 1.0)",2503,0.011649
held_out,10,2,null,0,"[0.0, 0.1)",2315,0.003019
held_out,10,2,null,1,"[0.1, 0.3)",4126,0.007699
held_out,10,2,null,2,"[0.3, 0.5)",2524,0.013806
held_out,10,2,null,3,"[0.5, 0.7)",918,0.009605
held_out,10,2,null,4,"[0.7, 1.0)",187,0.007996
full,10,3,contaminated,0,"[0.0, 0.1)",19742,0.027789
full,10,3,contaminated,1,"[0.1, 0.3)",14693,0.022739
full,10,3,contaminated,2,"[0.3, 0.5)",8240,0.019776
full,10,3,contaminated,3,"[0.5, 0.7)",4634,0.015089
full,10,3,contaminated,4,"[0.7, 1.0)",2503,0.006026
held_out,10,3,contaminated,0,"[0.0, 0.1)",2315,0.029802
held_out,10,3,contaminated,1,"[0.1, 0.3)",4126,0.027242
held_out,10,3,contaminated,2,"[0.3, 0.5)",2524,0.026428
held_out,10,3,contaminated,3,"[0.5, 0.7)",918,0.014757
held_out,10,3,contaminated,4,"[0.7, 1.0)",187,0.002797
full,10,3,null,0,"[0.0, 0.1)",19742,0.002053
full,10,3,null,1,"[0.1, 0.3)",14693,0.007499
full,10,3,null,2,"[0.3, 0.5)",8240,0.014793
full,10,3,null,3,"[0.5, 0.7)",4634,0.020328
full,10,3,null,4,"[0.7, 1.0)",2503,0.013579
held_out,10,3,null,0,"[0.0, 0.1)",2315,0.002702
held_out,10,3,null,1,"[0.1, 0.3)",4126,0.008116
held_out,10,3,null,2,"[0.3, 0.5)",2524,0.010360
held_out,10,3,null,3,"[0.5, 0.7)",918,0.010538
held_out,10,3,null,4,"[0.7, 1.0)",187,0.009969
full,10,4,contaminated,0,"[0.0, 0.1)",19742,0.030054
full,10,4,contaminated,1,"[0.1, 0.3)",14693,0.024589
full,10,4,contaminated,2,"[0.3, 0.5)",8240,0.017938
full,10,4,contaminated,3,"[0.5, 0.7)",4634,0.012442
full,10,4,contaminated,4,"[0.7, 1.0)",2503,0.003846
held_out,10,4,contaminated,0,"[0.0, 0.1)",2315,0.036380
held_out,10,4,contaminated,1,"[0.1, 0.3)",4126,0.030785
held_out,10,4,contaminated,2,"[0.3, 0.5)",2524,0.025461
held_out,10,4,contaminated,3,"[0.5, 0.7)",918,0.011408
held_out,10,4,contaminated,4,"[0.7, 1.0)",187,0.001739
full,10,4,null,0,"[0.0, 0.1)",19742,0.001487
full,10,4,null,1,"[0.1, 0.3)",14693,0.008290
full,10,4,null,2,"[0.3, 0.5)",8240,0.016847
full,10,4,null,3,"[0.5, 0.7)",4634,0.017479
full,10,4,null,4,"[0.7, 1.0)",2503,0.014706
held_out,10,4,null,0,"[0.0, 0.1)",2315,0.002173
held_out,10,4,null,1,"[0.1, 0.3)",4126,0.007955
held_out,10,4,null,2,"[0.3, 0.5)",2524,0.009431
held_out,10,4,null,3,"[0.5, 0.7)",918,0.012460
held_out,10,4,null,4,"[0.7, 1.0)",187,0.009333
full,10,5,contaminated,0,"[0.0, 0.1)",19742,0.029659
full,10,5,contaminated,1,"[0.1, 0.3)",14693,0.027596
full,10,5,contaminated,2,"[0.3, 0.5)",8240,0.019311
full,10,5,contaminated,3,"[0.5, 0.7)",4634,0.012783
full,10,5,contaminated,4,"[0.7, 1.0)",2503,0.005674
held_out,10,5,contaminated,0,"[0.0, 0.1)",2315,0.027996
held_out,10,5,contaminated,1,"[0.1, 0.3)",4126,0.032251
held_out,10,5,contaminated,2,"[0.3, 0.5)",2524,0.025283
held_out,10,5,contaminated,3,"[0.5, 0.7)",918,0.009136
held_out,10,5,contaminated,4,"[0.7, 1.0)",187,-0.001039
full,10,5,null,0,"[0.0, 0.1)",19742,0.001638
full,10,5,null,1,"[0.1, 0.3)",14693,0.008313
full,10,5,null,2,"[0.3, 0.5)",8240,0.017068
full,10,5,null,3,"[0.5, 0.7)",4634,0.019294
full,10,5,null,4,"[0.7, 1.0)",2503,0.012021
held_out,10,5,null,0,"[0.0, 0.1)",2315,0.003003
held_out,10,5,null,1,"[0.1, 0.3)",4126,0.008156
held_out,10,5,null,2,"[0.3, 0.5)",2524,0.011257
held_out,10,5,null,3,"[0.5, 0.7)",918,0.011752
held_out,10,5,null,4,"[0.7, 1.0)",187,0.005117
full,10,6,contaminated,0,"[0.0, 0.1)",19742,0.025497
full,10,6,contaminated,1,"[0.1, 0.3)",14693,0.027360
full,10,6,contaminated,2,"[0.3, 0.5)",8240,0.019652
full,10,6,contaminated,3,"[0.5, 0.7)",4634,0.013755
full,10,6,contaminated,4,"[0.7, 1.0)",2503,0.004730
held_out,10,6,contaminated,0,"[0.0, 0.1)",2315,0.030790
held_out,10,6,contaminated,1,"[0.1, 0.3)",4126,0.031525
held_out,10,6,contaminated,2,"[0.3, 0.5)",2524,0.024751
held_out,10,6,contaminated,3,"[0.5, 0.7)",918,0.012220
held_out,10,6,contaminated,4,"[0.7, 1.0)",187,0.002141
full,10,6,null,0,"[0.0, 0.1)",19742,0.001741
full,10,6,null,1,"[0.1, 0.3)",14693,0.008449
full,10,6,null,2,"[0.3, 0.5)",8240,0.017813
full,10,6,null,3,"[0.5, 0.7)",4634,0.016155
full,10,6,null,4,"[0.7, 1.0)",2503,0.011718
held_out,10,6,null,0,"[0.0, 0.1)",2315,0.003358
held_out,10,6,null,1,"[0.1, 0.3)",4126,0.007039
held_out,10,6,null,2,"[0.3, 0.5)",2524,0.012584
held_out,10,6,null,3,"[0.5, 0.7)",918,0.010822
held_out,10,6,null,4,"[0.7, 1.0)",187,0.000088
full,10,7,contaminated,0,"[0.0, 0.1)",19742,0.027145
full,10,7,contaminated,1,"[0.1, 0.3)",14693,0.024467
full,10,7,contaminated,2,"[0.3, 0.5)",8240,0.020829
full,10,7,contaminated,3,"[0.5, 0.7)",4634,0.012380
full,10,7,contaminated,4,"[0.7, 1.0)",2503,0.006469
held_out,10,7,contaminated,0,"[0.0, 0.1)",2315,0.026858
held_out,10,7,contaminated,1,"[0.1, 0.3)",4126,0.030398
held_out,10,7,contaminated,2,"[0.3, 0.5)",2524,0.025892
held_out,10,7,contaminated,3,"[0.5, 0.7)",918,0.008947
held_out,10,7,contaminated,4,"[0.7, 1.0)",187,-0.001649
full,10,7,null,0,"[0.0, 0.1)",19742,0.002095
full,10,7,null,1,"[0.1, 0.3)",14693,0.009042
full,10,7,null,2,"[0.3, 0.5)",8240,0.018048
full,10,7,null,3,"[0.5, 0.7)",4634,0.016012
full,10,7,null,4,"[0.7, 1.0)",2503,0.013045
held_out,10,7,null,0,"[0.0, 0.1)",2315,0.003096
held_out,10,7,null,1,"[0.1, 0.3)",4126,0.008962
held_out,10,7,null,2,"[0.3, 0.5)",2524,0.010880
held_out,10,7,null,3,"[0.5, 0.7)",918,0.009825
held_out,10,7,null,4,"[0.7, 1.0)",187,0.000241
full,10,8,contaminated,0,"[0.0, 0.1)",19742,0.027570
full,10,8,contaminated,1,"[0.1, 0.3)",14693,0.026041
full,10,8,contaminated,2,"[0.3, 0.5)",8240,0.016633
full,10,8,contaminated,3,"[0.5, 0.7)",4634,0.012098
full,10,8,contaminated,4,"[0.7, 1.0)",2503,0.005027
held_out,10,8,contaminated,0,"[0.0, 0.1)",2315,0.027924
held_out,10,8,contaminated,1,"[0.1, 0.3)",4126,0.029484
held_out,10,8,contaminated,2,"[0.3, 0.5)",2524,0.023651
held_out,10,8,contaminated,3,"[0.5, 0.7)",918,0.009633
held_out,10,8,contaminated,4,"[0.7, 1.0)",187,0.000972
full,10,8,null,0,"[0.0, 0.1)",19742,0.001581
full,10,8,null,1,"[0.1, 0.3)",14693,0.008270
full,10,8,null,2,"[0.3, 0.5)",8240,0.016288
full,10,8,null,3,"[0.5, 0.7)",4634,0.017567
full,10,8,null,4,"[0.7, 1.0)",2503,0.011813
held_out,10,8,null,0,"[0.0, 0.1)",2315,0.003131
held_out,10,8,null,1,"[0.1, 0.3)",4126,0.007702
held_out,10,8,null,2,"[0.3, 0.5)",2524,0.011387
held_out,10,8,null,3,"[0.5, 0.7)",918,0.009377
held_out,10,8,null,4,"[0.7, 1.0)",187,-0.002026
full,10,9,contaminated,0,"[0.0, 0.1)",19742,0.027259
full,10,9,contaminated,1,"[0.1, 0.3)",14693,0.024439
full,10,9,contaminated,2,"[0.3, 0.5)",8240,0.019785
full,10,9,contaminated,3,"[0.5, 0.7)",4634,0.013791
full,10,9,contaminated,4,"[0.7, 1.0)",2503,0.004835
held_out,10,9,contaminated,0,"[0.0, 0.1)",2315,0.028226
held_out,10,9,contaminated,1,"[0.1, 0.3)",4126,0.029769
held_out,10,9,contaminated,2,"[0.3, 0.5)",2524,0.024531
held_out,10,9,contaminated,3,"[0.5, 0.7)",918,0.010552
held_out,10,9,contaminated,4,"[0.7, 1.0)",187,-0.001755
full,10,9,null,0,"[0.0, 0.1)",19742,0.001688
full,10,9,null,1,"[0.1, 0.3)",14693,0.008568
full,10,9,null,2,"[0.3, 0.5)",8240,0.017433
full,10,9,null,3,"[0.5, 0.7)",4634,0.018578
full,10,9,null,4,"[0.7, 1.0)",2503,0.011511
held_out,10,9,null,0,"[0.0, 0.1)",2315,0.002745
held_out,10,9,null,1,"[0.1, 0.3)",4126,0.008154
held_out,10,9,null,2,"[0.3, 0.5)",2524,0.013538
held_out,10,9,null,3,"[0.5, 0.7)",918,0.010652
held_out,10,9,null,4,"[0.7, 1.0)",187,0.003331
full,10,10,contaminated,0,"[0.0, 0.1)",19742,0.026901
full,10,10,contaminated,1,"[0.1, 0.3)",14693,0.025739
full,10,10,contaminated,2,"[0.3, 0.5)",8240,0.020044
full,10,10,contaminated,3,"[0.5, 0.7)",4634,0.014983
full,10,10,contaminated,4,"[0.7, 1.0)",2503,0.006367
held_out,10,10,contaminated,0,"[0.0, 0.1)",2315,0.028376
held_out,10,10,contaminated,1,"[0.1, 0.3)",4126,0.030486
held_out,10,10,contaminated,2,"[0.3, 0.5)",2524,0.024669
held_out,10,10,contaminated,3,"[0.5, 0.7)",918,0.010402
held_out,10,10,contaminated,4,"[0.7, 1.0)",187,0.004489
full,10,10,null,0,"[0.0, 0.1)",19742,0.001719
full,10,10,null,1,"[0.1, 0.3)",14693,0.008148
full,10,10,null,2,"[0.3, 0.5)",8240,0.017928
full,10,10,null,3,"[0.5, 0.7)",4634,0.020805
full,10,10,null,4,"[0.7, 1.0)",2503,0.012530
held_out,10,10,null,0,"[0.0, 0.1)",2315,0.003306
held_out,10,10,null,1,"[0.1, 0.3)",4126,0.007717
held_out,10,10,null,2,"[0.3, 0.5)",2524,0.012181
held_out,10,10,null,3,"[0.5, 0.7)",918,0.013138
held_out,10,10,null,4,"[0.7, 1.0)",187,0.005376
full,10,11,contaminated,0,"[0.0, 0.1)",19742,0.027497
full,10,11,contaminated,1,"[0.1, 0.3)",14693,0.025292
full,10,11,contaminated,2,"[0.3, 0.5)",8240,0.017663
full,10,11,contaminated,3,"[0.5, 0.7)",4634,0.014204
full,10,11,contaminated,4,"[0.7, 1.0)",2503,0.005100
held_out,10,11,contaminated,0,"[0.0, 0.1)",2315,0.032681
held_out,10,11,contaminated,1,"[0.1, 0.3)",4126,0.028140
held_out,10,11,contaminated,2,"[0.3, 0.5)",2524,0.023121
held_out,10,11,contaminated,3,"[0.5, 0.7)",918,0.010200
held_out,10,11,contaminated,4,"[0.7, 1.0)",187,0.000759
full,10,11,null,0,"[0.0, 0.1)",19742,0.002072
full,10,11,null,1,"[0.1, 0.3)",14693,0.009021
full,10,11,null,2,"[0.3, 0.5)",8240,0.015235
full,10,11,null,3,"[0.5, 0.7)",4634,0.019320
full,10,11,null,4,"[0.7, 1.0)",2503,0.014065
held_out,10,11,null,0,"[0.0, 0.1)",2315,0.003575
held_out,10,11,null,1,"[0.1, 0.3)",4126,0.007326
held_out,10,11,null,2,"[0.3, 0.5)",2524,0.011058
held_out,10,11,null,3,"[0.5, 0.7)",918,0.013026
held_out,10,11,null,4,"[0.7, 1.0)",187,0.012047
full,10,12,contaminated,0,"[0.0, 0.1)",19742,0.026213
full,10,12,contaminated,1,"[0.1, 0.3)",14693,0.024154
full,10,12,contaminated,2,"[0.3, 0.5)",8240,0.021943
full,10,12,contaminated,3,"[0.5, 0.7)",4634,0.013038
full,10,12,contaminated,4,"[0.7, 1.0)",2503,0.005634
held_out,10,12,contaminated,0,"[0.0, 0.1)",2315,0.026810
held_out,10,12,contaminated,1,"[0.1, 0.3)",4126,0.027742
held_out,10,12,contaminated,2,"[0.3, 0.5)",2524,0.025884
held_out,10,12,contaminated,3,"[0.5, 0.7)",918,0.011332
held_out,10,12,contaminated,4,"[0.7, 1.0)",187,0.001405
full,10,12,null,0,"[0.0, 0.1)",19742,0.001666
full,10,12,null,1,"[0.1, 0.3)",14693,0.009797
full,10,12,null,2,"[0.3, 0.5)",8240,0.017553
full,10,12,null,3,"[0.5, 0.7)",4634,0.016038
full,10,12,null,4,"[0.7, 1.0)",2503,0.012874
held_out,10,12,null,0,"[0.0, 0.1)",2315,0.004164
held_out,10,12,null,1,"[0.1, 0.3)",4126,0.007252
held_out,10,12,null,2,"[0.3, 0.5)",2524,0.012327
held_out,10,12,null,3,"[0.5, 0.7)",918,0.008562
held_out,10,12,null,4,"[0.7, 1.0)",187,0.012190
full,10,13,contaminated,0,"[0.0, 0.1)",19742,0.025415
full,10,13,contaminated,1,"[0.1, 0.3)",14693,0.026014
full,10,13,contaminated,2,"[0.3, 0.5)",8240,0.019341
full,10,13,contaminated,3,"[0.5, 0.7)",4634,0.013399
full,10,13,contaminated,4,"[0.7, 1.0)",2503,0.005219
held_out,10,13,contaminated,0,"[0.0, 0.1)",2315,0.024300
held_out,10,13,contaminated,1,"[0.1, 0.3)",4126,0.030638
held_out,10,13,contaminated,2,"[0.3, 0.5)",2524,0.024809
held_out,10,13,contaminated,3,"[0.5, 0.7)",918,0.010815
held_out,10,13,contaminated,4,"[0.7, 1.0)",187,0.001038
full,10,13,null,0,"[0.0, 0.1)",19742,0.002201
full,10,13,null,1,"[0.1, 0.3)",14693,0.010829
full,10,13,null,2,"[0.3, 0.5)",8240,0.016648
full,10,13,null,3,"[0.5, 0.7)",4634,0.016569
full,10,13,null,4,"[0.7, 1.0)",2503,0.013856
held_out,10,13,null,0,"[0.0, 0.1)",2315,0.004025
held_out,10,13,null,1,"[0.1, 0.3)",4126,0.007608
held_out,10,13,null,2,"[0.3, 0.5)",2524,0.011335
held_out,10,13,null,3,"[0.5, 0.7)",918,0.012454
held_out,10,13,null,4,"[0.7, 1.0)",187,0.003914
full,10,14,contaminated,0,"[0.0, 0.1)",19742,0.025598
full,10,14,contaminated,1,"[0.1, 0.3)",14693,0.024881
full,10,14,contaminated,2,"[0.3, 0.5)",8240,0.018719
full,10,14,contaminated,3,"[0.5, 0.7)",4634,0.011659
full,10,14,contaminated,4,"[0.7, 1.0)",2503,0.005597
held_out,10,14,contaminated,0,"[0.0, 0.1)",2315,0.026303
held_out,10,14,contaminated,1,"[0.1, 0.3)",4126,0.028844
held_out,10,14,contaminated,2,"[0.3, 0.5)",2524,0.022820
held_out,10,14,contaminated,3,"[0.5, 0.7)",918,0.011862
held_out,10,14,contaminated,4,"[0.7, 1.0)",187,-0.000894
full,10,14,null,0,"[0.0, 0.1)",19742,0.001588
full,10,14,null,1,"[0.1, 0.3)",14693,0.009325
full,10,14,null,2,"[0.3, 0.5)",8240,0.017733
full,10,14,null,3,"[0.5, 0.7)",4634,0.013520
full,10,14,null,4,"[0.7, 1.0)",2503,0.012033
held_out,10,14,null,0,"[0.0, 0.1)",2315,0.002745
held_out,10,14,null,1,"[0.1, 0.3)",4126,0.007145
held_out,10,14,null,2,"[0.3, 0.5)",2524,0.010814
held_out,10,14,null,3,"[0.5, 0.7)",918,0.009211
held_out,10,14,null,4,"[0.7, 1.0)",187,-0.000084
full,10,15,contaminated,0,"[0.0, 0.1)",19742,0.027827
full,10,15,contaminated,1,"[0.1, 0.3)",14693,0.025648
full,10,15,contaminated,2,"[0.3, 0.5)",8240,0.017675
full,10,15,contaminated,3,"[0.5, 0.7)",4634,0.012887
full,10,15,contaminated,4,"[0.7, 1.0)",2503,0.004559
held_out,10,15,contaminated,0,"[0.0, 0.1)",2315,0.028644
held_out,10,15,contaminated,1,"[0.1, 0.3)",4126,0.032834
held_out,10,15,contaminated,2,"[0.3, 0.5)",2524,0.025141
held_out,10,15,contaminated,3,"[0.5, 0.7)",918,0.010232
held_out,10,15,contaminated,4,"[0.7, 1.0)",187,0.003123
full,10,15,null,0,"[0.0, 0.1)",19742,0.002168
full,10,15,null,1,"[0.1, 0.3)",14693,0.009891
full,10,15,null,2,"[0.3, 0.5)",8240,0.018230
full,10,15,null,3,"[0.5, 0.7)",4634,0.015925
full,10,15,null,4,"[0.7, 1.0)",2503,0.011928
held_out,10,15,null,0,"[0.0, 0.1)",2315,0.004159
held_out,10,15,null,1,"[0.1, 0.3)",4126,0.007558
held_out,10,15,null,2,"[0.3, 0.5)",2524,0.010863
held_out,10,15,null,3,"[0.5, 0.7)",918,0.009865
held_out,10,15,null,4,"[0.7, 1.0)",187,0.007722
full,10,16,contaminated,0,"[0.0, 0.1)",19742,0.028441
full,10,16,contaminated,1,"[0.1, 0.3)",14693,0.024422
full,10,16,contaminated,2,"[0.3, 0.5)",8240,0.017889
full,10,16,contaminated,3,"[0.5, 0.7)",4634,0.014195
full,10,16,contaminated,4,"[0.7, 1.0)",2503,0.005584
held_out,10,16,contaminated,0,"[0.0, 0.1)",2315,0.029113
held_out,10,16,contaminated,1,"[0.1, 0.3)",4126,0.029940
held_out,10,16,contaminated,2,"[0.3, 0.5)",2524,0.024849
held_out,10,16,contaminated,3,"[0.5, 0.7)",918,0.013418
held_out,10,16,contaminated,4,"[0.7, 1.0)",187,-0.003363
full,10,16,null,0,"[0.0, 0.1)",19742,0.002329
full,10,16,null,1,"[0.1, 0.3)",14693,0.007812
full,10,16,null,2,"[0.3, 0.5)",8240,0.016880
full,10,16,null,3,"[0.5, 0.7)",4634,0.016463
full,10,16,null,4,"[0.7, 1.0)",2503,0.012570
held_out,10,16,null,0,"[0.0, 0.1)",2315,0.002324
held_out,10,16,null,1,"[0.1, 0.3)",4126,0.005851
held_out,10,16,null,2,"[0.3, 0.5)",2524,0.011583
held_out,10,16,null,3,"[0.5, 0.7)",918,0.011218
held_out,10,16,null,4,"[0.7, 1.0)",187,0.003251
full,10,17,contaminated,0,"[0.0, 0.1)",19742,0.029382
full,10,17,contaminated,1,"[0.1, 0.3)",14693,0.026273
full,10,17,contaminated,2,"[0.3, 0.5)",8240,0.019331
full,10,17,contaminated,3,"[0.5, 0.7)",4634,0.013335
full,10,17,contaminated,4,"[0.7, 1.0)",2503,0.005024
held_out,10,17,contaminated,0,"[0.0, 0.1)",2315,0.028771
held_out,10,17,contaminated,1,"[0.1, 0.3)",4126,0.031583
held_out,10,17,contaminated,2,"[0.3, 0.5)",2524,0.025210
held_out,10,17,contaminated,3,"[0.5, 0.7)",918,0.009059
held_out,10,17,contaminated,4,"[0.7, 1.0)",187,0.000093
full,10,17,null,0,"[0.0, 0.1)",19742,0.002209
full,10,17,null,1,"[0.1, 0.3)",14693,0.008419
full,10,17,null,2,"[0.3, 0.5)",8240,0.016793
full,10,17,null,3,"[0.5, 0.7)",4634,0.017494
full,10,17,null,4,"[0.7, 1.0)",2503,0.013552
held_out,10,17,null,0,"[0.0, 0.1)",2315,0.003350
held_out,10,17,null,1,"[0.1, 0.3)",4126,0.007638
held_out,10,17,null,2,"[0.3, 0.5)",2524,0.010335
held_out,10,17,null,3,"[0.5, 0.7)",918,0.013944
held_out,10,17,null,4,"[0.7, 1.0)",187,0.010116
full,10,18,contaminated,0,"[0.0, 0.1)",19742,0.027793
full,10,18,contaminated,1,"[0.1, 0.3)",14693,0.024041
full,10,18,contaminated,2,"[0.3, 0.5)",8240,0.017792
full,10,18,contaminated,3,"[0.5, 0.7)",4634,0.014600
full,10,18,contaminated,4,"[0.7, 1.0)",2503,0.006356
held_out,10,18,contaminated,0,"[0.0, 0.1)",2315,0.025787
held_out,10,18,contaminated,1,"[0.1, 0.3)",4126,0.028480
held_out,10,18,contaminated,2,"[0.3, 0.5)",2524,0.025419
held_out,10,18,contaminated,3,"[0.5, 0.7)",918,0.013437
held_out,10,18,contaminated,4,"[0.7, 1.0)",187,0.000395
full,10,18,null,0,"[0.0, 0.1)",19742,0.001803
full,10,18,null,1,"[0.1, 0.3)",14693,0.009349
full,10,18,null,2,"[0.3, 0.5)",8240,0.014609
full,10,18,null,3,"[0.5, 0.7)",4634,0.019481
full,10,18,null,4,"[0.7, 1.0)",2503,0.013816
held_out,10,18,null,0,"[0.0, 0.1)",2315,0.002347
held_out,10,18,null,1,"[0.1, 0.3)",4126,0.007688
held_out,10,18,null,2,"[0.3, 0.5)",2524,0.012054
held_out,10,18,null,3,"[0.5, 0.7)",918,0.011653
held_out,10,18,null,4,"[0.7, 1.0)",187,-0.000071
full,10,19,contaminated,0,"[0.0, 0.1)",19742,0.025381
full,10,19,contaminated,1,"[0.1, 0.3)",14693,0.025787
full,10,19,contaminated,2,"[0.3, 0.5)",8240,0.020217
full,10,19,contaminated,3,"[0.5, 0.7)",4634,0.013530
full,10,19,contaminated,4,"[0.7, 1.0)",2503,0.007048
held_out,10,19,contaminated,0,"[0.0, 0.1)",2315,0.028679
held_out,10,19,contaminated,1,"[0.1, 0.3)",4126,0.031403
held_out,10,19,contaminated,2,"[0.3, 0.5)",2524,0.025827
held_out,10,19,contaminated,3,"[0.5, 0.7)",918,0.010071
held_out,10,19,contaminated,4,"[0.7, 1.0)",187,-0.000472
full,10,19,null,0,"[0.0, 0.1)",19742,0.001483
full,10,19,null,1,"[0.1, 0.3)",14693,0.009287
full,10,19,null,2,"[0.3, 0.5)",8240,0.017404
full,10,19,null,3,"[0.5, 0.7)",4634,0.014621
full,10,19,null,4,"[0.7, 1.0)",2503,0.013429
held_out,10,19,null,0,"[0.0, 0.1)",2315,0.003661
held_out,10,19,null,1,"[0.1, 0.3)",4126,0.006748
held_out,10,19,null,2,"[0.3, 0.5)",2524,0.010305
held_out,10,19,null,3,"[0.5, 0.7)",918,0.009890
held_out,10,19,null,4,"[0.7, 1.0)",187,-0.001191
full,10,20,contaminated,0,"[0.0, 0.1)",19742,0.025096
full,10,20,contaminated,1,"[0.1, 0.3)",14693,0.029580
full,10,20,contaminated,2,"[0.3, 0.5)",8240,0.019456
full,10,20,contaminated,3,"[0.5, 0.7)",4634,0.012116
full,10,20,contaminated,4,"[0.7, 1.0)",2503,0.004777
held_out,10,20,contaminated,0,"[0.0, 0.1)",2315,0.028251
held_out,10,20,contaminated,1,"[0.1, 0.3)",4126,0.034126
held_out,10,20,contaminated,2,"[0.3, 0.5)",2524,0.024637
held_out,10,20,contaminated,3,"[0.5, 0.7)",918,0.011197
held_out,10,20,contaminated,4,"[0.7, 1.0)",187,-0.000550
full,10,20,null,0,"[0.0, 0.1)",19742,0.002033
full,10,20,null,1,"[0.1, 0.3)",14693,0.008958
full,10,20,null,2,"[0.3, 0.5)",8240,0.017112
full,10,20,null,3,"[0.5, 0.7)",4634,0.015881
full,10,20,null,4,"[0.7, 1.0)",2503,0.014783
held_out,10,20,null,0,"[0.0, 0.1)",2315,0.003558
held_out,10,20,null,1,"[0.1, 0.3)",4126,0.006927
held_out,10,20,null,2,"[0.3, 0.5)",2524,0.011549
held_out,10,20,null,3,"[0.5, 0.7)",918,0.007269
held_out,10,20,null,4,"[0.7, 1.0)",187,0.010705
full,10,21,contaminated,0,"[0.0, 0.1)",19742,0.030153
full,10,21,contaminated,1,"[0.1, 0.3)",14693,0.024599
full,10,21,contaminated,2,"[0.3, 0.5)",8240,0.017860
full,10,21,contaminated,3,"[0.5, 0.7)",4634,0.012281
full,10,21,contaminated,4,"[0.7, 1.0)",2503,0.004457
held_out,10,21,contaminated,0,"[0.0, 0.1)",2315,0.029060
held_out,10,21,contaminated,1,"[0.1, 0.3)",4126,0.029542
held_out,10,21,contaminated,2,"[0.3, 0.5)",2524,0.022933
held_out,10,21,contaminated,3,"[0.5, 0.7)",918,0.009467
held_out,10,21,contaminated,4,"[0.7, 1.0)",187,0.004389
full,10,21,null,0,"[0.0, 0.1)",19742,0.001825
full,10,21,null,1,"[0.1, 0.3)",14693,0.010311
full,10,21,null,2,"[0.3, 0.5)",8240,0.016786
full,10,21,null,3,"[0.5, 0.7)",4634,0.015324
full,10,21,null,4,"[0.7, 1.0)",2503,0.013838
held_out,10,21,null,0,"[0.0, 0.1)",2315,0.005361
held_out,10,21,null,1,"[0.1, 0.3)",4126,0.008777
held_out,10,21,null,2,"[0.3, 0.5)",2524,0.012036
held_out,10,21,null,3,"[0.5, 0.7)",918,0.006472
held_out,10,21,null,4,"[0.7, 1.0)",187,0.004447
full,10,22,contaminated,0,"[0.0, 0.1)",19742,0.027845
full,10,22,contaminated,1,"[0.1, 0.3)",14693,0.026734
full,10,22,contaminated,2,"[0.3, 0.5)",8240,0.017655
full,10,22,contaminated,3,"[0.5, 0.7)",4634,0.011665
full,10,22,contaminated,4,"[0.7, 1.0)",2503,0.005370
held_out,10,22,contaminated,0,"[0.0, 0.1)",2315,0.030871
held_out,10,22,contaminated,1,"[0.1, 0.3)",4126,0.030673
held_out,10,22,contaminated,2,"[0.3, 0.5)",2524,0.021671
held_out,10,22,contaminated,3,"[0.5, 0.7)",918,0.006792
held_out,10,22,contaminated,4,"[0.7, 1.0)",187,0.001852
full,10,22,null,0,"[0.0, 0.1)",19742,0.002205
full,10,22,null,1,"[0.1, 0.3)",14693,0.008327
full,10,22,null,2,"[0.3, 0.5)",8240,0.014396
full,10,22,null,3,"[0.5, 0.7)",4634,0.018196
full,10,22,null,4,"[0.7, 1.0)",2503,0.014353
held_out,10,22,null,0,"[0.0, 0.1)",2315,0.003867
held_out,10,22,null,1,"[0.1, 0.3)",4126,0.007488
held_out,10,22,null,2,"[0.3, 0.5)",2524,0.011441
held_out,10,22,null,3,"[0.5, 0.7)",918,0.011650
held_out,10,22,null,4,"[0.7, 1.0)",187,0.003303
full,10,23,contaminated,0,"[0.0, 0.1)",19742,0.026462
full,10,23,contaminated,1,"[0.1, 0.3)",14693,0.025556
full,10,23,contaminated,2,"[0.3, 0.5)",8240,0.019753
full,10,23,contaminated,3,"[0.5, 0.7)",4634,0.014064
full,10,23,contaminated,4,"[0.7, 1.0)",2503,0.007351
held_out,10,23,contaminated,0,"[0.0, 0.1)",2315,0.030036
held_out,10,23,contaminated,1,"[0.1, 0.3)",4126,0.029724
held_out,10,23,contaminated,2,"[0.3, 0.5)",2524,0.025899
held_out,10,23,contaminated,3,"[0.5, 0.7)",918,0.011502
held_out,10,23,contaminated,4,"[0.7, 1.0)",187,0.003179
full,10,23,null,0,"[0.0, 0.1)",19742,0.001394
full,10,23,null,1,"[0.1, 0.3)",14693,0.008700
full,10,23,null,2,"[0.3, 0.5)",8240,0.015597
full,10,23,null,3,"[0.5, 0.7)",4634,0.018360
full,10,23,null,4,"[0.7, 1.0)",2503,0.015988
held_out,10,23,null,0,"[0.0, 0.1)",2315,0.002102
held_out,10,23,null,1,"[0.1, 0.3)",4126,0.007080
held_out,10,23,null,2,"[0.3, 0.5)",2524,0.012704
held_out,10,23,null,3,"[0.5, 0.7)",918,0.012740
held_out,10,23,null,4,"[0.7, 1.0)",187,0.002464
full,10,24,contaminated,0,"[0.0, 0.1)",19742,0.028101
full,10,24,contaminated,1,"[0.1, 0.3)",14693,0.025632
full,10,24,contaminated,2,"[0.3, 0.5)",8240,0.019934
full,10,24,contaminated,3,"[0.5, 0.7)",4634,0.014427
full,10,24,contaminated,4,"[0.7, 1.0)",2503,0.005196
held_out,10,24,contaminated,0,"[0.0, 0.1)",2315,0.031230
held_out,10,24,contaminated,1,"[0.1, 0.3)",4126,0.031377
held_out,10,24,contaminated,2,"[0.3, 0.5)",2524,0.021897
held_out,10,24,contaminated,3,"[0.5, 0.7)",918,0.014753
held_out,10,24,contaminated,4,"[0.7, 1.0)",187,0.000449
full,10,24,null,0,"[0.0, 0.1)",19742,0.002293
full,10,24,null,1,"[0.1, 0.3)",14693,0.007488
full,10,24,null,2,"[0.3, 0.5)",8240,0.017131
full,10,24,null,3,"[0.5, 0.7)",4634,0.019639
full,10,24,null,4,"[0.7, 1.0)",2503,0.015299
held_out,10,24,null,0,"[0.0, 0.1)",2315,0.002834
held_out,10,24,null,1,"[0.1, 0.3)",4126,0.006638
held_out,10,24,null,2,"[0.3, 0.5)",2524,0.013319
held_out,10,24,null,3,"[0.5, 0.7)",918,0.015462
held_out,10,24,null,4,"[0.7, 1.0)",187,0.006764
full,10,25,contaminated,0,"[0.0, 0.1)",19742,0.025079
full,10,25,contaminated,1,"[0.1, 0.3)",14693,0.025527
full,10,25,contaminated,2,"[0.3, 0.5)",8240,0.018005
full,10,25,contaminated,3,"[0.5, 0.7)",4634,0.014859
full,10,25,contaminated,4,"[0.7, 1.0)",2503,0.005269
held_out,10,25,contaminated,0,"[0.0, 0.1)",2315,0.022186
held_out,10,25,contaminated,1,"[0.1, 0.3)",4126,0.029083
held_out,10,25,contaminated,2,"[0.3, 0.5)",2524,0.021147
held_out,10,25,contaminated,3,"[0.5, 0.7)",918,0.012415
held_out,10,25,contaminated,4,"[0.7, 1.0)",187,0.002706
full,10,25,null,0,"[0.0, 0.1)",19742,0.001580
full,10,25,null,1,"[0.1, 0.3)",14693,0.008193
full,10,25,null,2,"[0.3, 0.5)",8240,0.017200
full,10,25,null,3,"[0.5, 0.7)",4634,0.018005
full,10,25,null,4,"[0.7, 1.0)",2503,0.011502
held_out,10,25,null,0,"[0.0, 0.1)",2315,0.001973
held_out,10,25,null,1,"[0.1, 0.3)",4126,0.007021
held_out,10,25,null,2,"[0.3, 0.5)",2524,0.013294
held_out,10,25,null,3,"[0.5, 0.7)",918,0.013745
held_out,10,25,null,4,"[0.7, 1.0)",187,0.003414
full,10,26,contaminated,0,"[0.0, 0.1)",19742,0.028376
full,10,26,contaminated,1,"[0.1, 0.3)",14693,0.025140
full,10,26,contaminated,2,"[0.3, 0.5)",8240,0.020512
full,10,26,contaminated,3,"[0.5, 0.7)",4634,0.012622
full,10,26,contaminated,4,"[0.7, 1.0)",2503,0.005001
held_out,10,26,contaminated,0,"[0.0, 0.1)",2315,0.030714
held_out,10,26,contaminated,1,"[0.1, 0.3)",4126,0.029762
held_out,10,26,contaminated,2,"[0.3, 0.5)",2524,0.023574
held_out,10,26,contaminated,3,"[0.5, 0.7)",918,0.010887
held_out,10,26,contaminated,4,"[0.7, 1.0)",187,0.001046
full,10,26,null,0,"[0.0, 0.1)",19742,0.002003
full,10,26,null,1,"[0.1, 0.3)",14693,0.008269
full,10,26,null,2,"[0.3, 0.5)",8240,0.016732
full,10,26,null,3,"[0.5, 0.7)",4634,0.018995
full,10,26,null,4,"[0.7, 1.0)",2503,0.013497
held_out,10,26,null,0,"[0.0, 0.1)",2315,0.003060
held_out,10,26,null,1,"[0.1, 0.3)",4126,0.007499
held_out,10,26,null,2,"[0.3, 0.5)",2524,0.011018
held_out,10,26,null,3,"[0.5, 0.7)",918,0.009602
held_out,10,26,null,4,"[0.7, 1.0)",187,0.002178
full,10,27,contaminated,0,"[0.0, 0.1)",19742,0.025579
full,10,27,contaminated,1,"[0.1, 0.3)",14693,0.024743
full,10,27,contaminated,2,"[0.3, 0.5)",8240,0.019952
full,10,27,contaminated,3,"[0.5, 0.7)",4634,0.012622
full,10,27,contaminated,4,"[0.7, 1.0)",2503,0.007570
held_out,10,27,contaminated,0,"[0.0, 0.1)",2315,0.029678
held_out,10,27,contaminated,1,"[0.1, 0.3)",4126,0.027563
held_out,10,27,contaminated,2,"[0.3, 0.5)",2524,0.023723
held_out,10,27,contaminated,3,"[0.5, 0.7)",918,0.012359
held_out,10,27,contaminated,4,"[0.7, 1.0)",187,0.002535
full,10,27,null,0,"[0.0, 0.1)",19742,0.001538
full,10,27,null,1,"[0.1, 0.3)",14693,0.010919
full,10,27,null,2,"[0.3, 0.5)",8240,0.016477
full,10,27,null,3,"[0.5, 0.7)",4634,0.018869
full,10,27,null,4,"[0.7, 1.0)",2503,0.012402
held_out,10,27,null,0,"[0.0, 0.1)",2315,0.001839
held_out,10,27,null,1,"[0.1, 0.3)",4126,0.007293
held_out,10,27,null,2,"[0.3, 0.5)",2524,0.010127
held_out,10,27,null,3,"[0.5, 0.7)",918,0.009035
held_out,10,27,null,4,"[0.7, 1.0)",187,0.001819
full,10,28,contaminated,0,"[0.0, 0.1)",19742,0.027128
full,10,28,contaminated,1,"[0.1, 0.3)",14693,0.025689
full,10,28,contaminated,2,"[0.3, 0.5)",8240,0.018949
full,10,28,contaminated,3,"[0.5, 0.7)",4634,0.014445
full,10,28,contaminated,4,"[0.7, 1.0)",2503,0.005447
held_out,10,28,contaminated,0,"[0.0, 0.1)",2315,0.030159
held_out,10,28,contaminated,1,"[0.1, 0.3)",4126,0.030705
held_out,10,28,contaminated,2,"[0.3, 0.5)",2524,0.026987
held_out,10,28,contaminated,3,"[0.5, 0.7)",918,0.010826
held_out,10,28,contaminated,4,"[0.7, 1.0)",187,0.007373
full,10,28,null,0,"[0.0, 0.1)",19742,0.001602
full,10,28,null,1,"[0.1, 0.3)",14693,0.008165
full,10,28,null,2,"[0.3, 0.5)",8240,0.016356
full,10,28,null,3,"[0.5, 0.7)",4634,0.017824
full,10,28,null,4,"[0.7, 1.0)",2503,0.013534
held_out,10,28,null,0,"[0.0, 0.1)",2315,0.002605
held_out,10,28,null,1,"[0.1, 0.3)",4126,0.007047
held_out,10,28,null,2,"[0.3, 0.5)",2524,0.012208
held_out,10,28,null,3,"[0.5, 0.7)",918,0.012485
held_out,10,28,null,4,"[0.7, 1.0)",187,0.003285
full,10,29,contaminated,0,"[0.0, 0.1)",19742,0.027458
full,10,29,contaminated,1,"[0.1, 0.3)",14693,0.024005
full,10,29,contaminated,2,"[0.3, 0.5)",8240,0.018865
full,10,29,contaminated,3,"[0.5, 0.7)",4634,0.014772
full,10,29,contaminated,4,"[0.7, 1.0)",2503,0.004749
held_out,10,29,contaminated,0,"[0.0, 0.1)",2315,0.031253
held_out,10,29,contaminated,1,"[0.1, 0.3)",4126,0.028742
held_out,10,29,contaminated,2,"[0.3, 0.5)",2524,0.022067
held_out,10,29,contaminated,3,"[0.5, 0.7)",918,0.011362
held_out,10,29,contaminated,4,"[0.7, 1.0)",187,-0.000779
full,10,29,null,0,"[0.0, 0.1)",19742,0.001366
full,10,29,null,1,"[0.1, 0.3)",14693,0.009039
full,10,29,null,2,"[0.3, 0.5)",8240,0.016252
full,10,29,null,3,"[0.5, 0.7)",4634,0.018743
full,10,29,null,4,"[0.7, 1.0)",2503,0.010902
held_out,10,29,null,0,"[0.0, 0.1)",2315,0.003388
held_out,10,29,null,1,"[0.1, 0.3)",4126,0.007462
held_out,10,29,null,2,"[0.3, 0.5)",2524,0.012154
held_out,10,29,null,3,"[0.5, 0.7)",918,0.009930
held_out,10,29,null,4,"[0.7, 1.0)",187,-0.000247
full,20,0,contaminated,0,"[0.0, 0.1)",19742,0.055584
full,20,0,contaminated,1,"[0.1, 0.3)",14693,0.052043
full,20,0,contaminated,2,"[0.3, 0.5)",8240,0.039602
full,20,0,contaminated,3,"[0.5, 0.7)",4634,0.029564
full,20,0,contaminated,4,"[0.7, 1.0)",2503,0.014895
held_out,20,0,contaminated,0,"[0.0, 0.1)",2315,0.061197
held_out,20,0,contaminated,1,"[0.1, 0.3)",4126,0.061337
held_out,20,0,contaminated,2,"[0.3, 0.5)",2524,0.051841
held_out,20,0,contaminated,3,"[0.5, 0.7)",918,0.027824
held_out,20,0,contaminated,4,"[0.7, 1.0)",187,0.011808
full,20,0,null,0,"[0.0, 0.1)",19742,0.002621
full,20,0,null,1,"[0.1, 0.3)",14693,0.019231
full,20,0,null,2,"[0.3, 0.5)",8240,0.037392
full,20,0,null,3,"[0.5, 0.7)",4634,0.042501
full,20,0,null,4,"[0.7, 1.0)",2503,0.031502
held_out,20,0,null,0,"[0.0, 0.1)",2315,0.005337
held_out,20,0,null,1,"[0.1, 0.3)",4126,0.015701
held_out,20,0,null,2,"[0.3, 0.5)",2524,0.028996
held_out,20,0,null,3,"[0.5, 0.7)",918,0.029897
held_out,20,0,null,4,"[0.7, 1.0)",187,0.017695
full,20,1,contaminated,0,"[0.0, 0.1)",19742,0.055182
full,20,1,contaminated,1,"[0.1, 0.3)",14693,0.052057
full,20,1,contaminated,2,"[0.3, 0.5)",8240,0.039510
full,20,1,contaminated,3,"[0.5, 0.7)",4634,0.028363
full,20,1,contaminated,4,"[0.7, 1.0)",2503,0.013653
held_out,20,1,contaminated,0,"[0.0, 0.1)",2315,0.055504
held_out,20,1,contaminated,1,"[0.1, 0.3)",4126,0.060150
held_out,20,1,contaminated,2,"[0.3, 0.5)",2524,0.051026
held_out,20,1,contaminated,3,"[0.5, 0.7)",918,0.026147
held_out,20,1,contaminated,4,"[0.7, 1.0)",187,0.010995
full,20,1,null,0,"[0.0, 0.1)",19742,0.003494
full,20,1,null,1,"[0.1, 0.3)",14693,0.017917
full,20,1,null,2,"[0.3, 0.5)",8240,0.036842
full,20,1,null,3,"[0.5, 0.7)",4634,0.043248
full,20,1,null,4,"[0.7, 1.0)",2503,0.028341
held_out,20,1,null,0,"[0.0, 0.1)",2315,0.005793
held_out,20,1,null,1,"[0.1, 0.3)",4126,0.015834
held_out,20,1,null,2,"[0.3, 0.5)",2524,0.026729
held_out,20,1,null,3,"[0.5, 0.7)",918,0.030182
held_out,20,1,null,4,"[0.7, 1.0)",187,0.015551
full,20,2,contaminated,0,"[0.0, 0.1)",19742,0.055638
full,20,2,contaminated,1,"[0.1, 0.3)",14693,0.054385
full,20,2,contaminated,2,"[0.3, 0.5)",8240,0.039787
full,20,2,contaminated,3,"[0.5, 0.7)",4634,0.028465
full,20,2,contaminated,4,"[0.7, 1.0)",2503,0.012545
held_out,20,2,contaminated,0,"[0.0, 0.1)",2315,0.056796
held_out,20,2,contaminated,1,"[0.1, 0.3)",4126,0.064348
held_out,20,2,contaminated,2,"[0.3, 0.5)",2524,0.052066
held_out,20,2,contaminated,3,"[0.5, 0.7)",918,0.021516
held_out,20,2,contaminated,4,"[0.7, 1.0)",187,0.007607
full,20,2,null,0,"[0.0, 0.1)",19742,0.002967
full,20,2,null,1,"[0.1, 0.3)",14693,0.020633
full,20,2,null,2,"[0.3, 0.5)",8240,0.034810
full,20,2,null,3,"[0.5, 0.7)",4634,0.044764
full,20,2,null,4,"[0.7, 1.0)",2503,0.031161
held_out,20,2,null,0,"[0.0, 0.1)",2315,0.004092
held_out,20,2,null,1,"[0.1, 0.3)",4126,0.016681
held_out,20,2,null,2,"[0.3, 0.5)",2524,0.029276
held_out,20,2,null,3,"[0.5, 0.7)",918,0.029919
held_out,20,2,null,4,"[0.7, 1.0)",187,0.022006
full,20,3,contaminated,0,"[0.0, 0.1)",19742,0.055598
full,20,3,contaminated,1,"[0.1, 0.3)",14693,0.051770
full,20,3,contaminated,2,"[0.3, 0.5)",8240,0.038734
full,20,3,contaminated,3,"[0.5, 0.7)",4634,0.030168
full,20,3,contaminated,4,"[0.7, 1.0)",2503,0.013568
held_out,20,3,contaminated,0,"[0.0, 0.1)",2315,0.055863
held_out,20,3,contaminated,1,"[0.1, 0.3)",4126,0.061146
held_out,20,3,contaminated,2,"[0.3, 0.5)",2524,0.049818
held_out,20,3,contaminated,3,"[0.5, 0.7)",918,0.029216
held_out,20,3,contaminated,4,"[0.7, 1.0)",187,0.013762
full,20,3,null,0,"[0.0, 0.1)",19742,0.003112
full,20,3,null,1,"[0.1, 0.3)",14693,0.018324
full,20,3,null,2,"[0.3, 0.5)",8240,0.035909
full,20,3,null,3,"[0.5, 0.7)",4634,0.040113
full,20,3,null,4,"[0.7, 1.0)",2503,0.032450
held_out,20,3,null,0,"[0.0, 0.1)",2315,0.004971
held_out,20,3,null,1,"[0.1, 0.3)",4126,0.013788
held_out,20,3,null,2,"[0.3, 0.5)",2524,0.026745
held_out,20,3,null,3,"[0.5, 0.7)",918,0.028100
held_out,20,3,null,4,"[0.7, 1.0)",187,0.033463
full,20,4,contaminated,0,"[0.0, 0.1)",19742,0.056275
full,20,4,contaminated,1,"[0.1, 0.3)",14693,0.053146
full,20,4,contaminated,2,"[0.3, 0.5)",8240,0.037379
full,20,4,contaminated,3,"[0.5, 0.7)",4634,0.028911
full,20,4,contaminated,4,"[0.7, 1.0)",2503,0.012890
held_out,20,4,contaminated,0,"[0.0, 0.1)",2315,0.051071
held_out,20,4,contaminated,1,"[0.1, 0.3)",4126,0.063129
held_out,20,4,contaminated,2,"[0.3, 0.5)",2524,0.047724
held_out,20,4,contaminated,3,"[0.5, 0.7)",918,0.026669
held_out,20,4,contaminated,4,"[0.7, 1.0)",187,0.009127
full,20,4,null,0,"[0.0, 0.1)",19742,0.002771
full,20,4,null,1,"[0.1, 0.3)",14693,0.019729
full,20,4,null,2,"[0.3, 0.5)",8240,0.037985
full,20,4,null,3,"[0.5, 0.7)",4634,0.038937
full,20,4,null,4,"[0.7, 1.0)",2503,0.029258
held_out,20,4,null,0,"[0.0, 0.1)",2315,0.005540
held_out,20,4,null,1,"[0.1, 0.3)",4126,0.016158
held_out,20,4,null,2,"[0.3, 0.5)",2524,0.026339
held_out,20,4,null,3,"[0.5, 0.7)",918,0.022077
held_out,20,4,null,4,"[0.7, 1.0)",187,0.023809
full,20,5,contaminated,0,"[0.0, 0.1)",19742,0.057773
full,20,5,contaminated,1,"[0.1, 0.3)",14693,0.052592
full,20,5,contaminated,2,"[0.3, 0.5)",8240,0.035593
full,20,5,contaminated,3,"[0.5, 0.7)",4634,0.029955
full,20,5,contaminated,4,"[0.7, 1.0)",2503,0.014127
held_out,20,5,contaminated,0,"[0.0, 0.1)",2315,0.060580
held_out,20,5,contaminated,1,"[0.1, 0.3)",4126,0.062427
held_out,20,5,contaminated,2,"[0.3, 0.5)",2524,0.048443
held_out,20,5,contaminated,3,"[0.5, 0.7)",918,0.025393
held_out,20,5,contaminated,4,"[0.7, 1.0)",187,0.007427
full,20,5,null,0,"[0.0, 0.1)",19742,0.003167
full,20,5,null,1,"[0.1, 0.3)",14693,0.020421
full,20,5,null,2,"[0.3, 0.5)",8240,0.037599
full,20,5,null,3,"[0.5, 0.7)",4634,0.040555
full,20,5,null,4,"[0.7, 1.0)",2503,0.032797
held_out,20,5,null,0,"[0.0, 0.1)",2315,0.005111
held_out,20,5,null,1,"[0.1, 0.3)",4126,0.012723
held_out,20,5,null,2,"[0.3, 0.5)",2524,0.026814
held_out,20,5,null,3,"[0.5, 0.7)",918,0.029966
held_out,20,5,null,4,"[0.7, 1.0)",187,0.024989
full,20,6,contaminated,0,"[0.0, 0.1)",19742,0.054697
full,20,6,contaminated,1,"[0.1, 0.3)",14693,0.051691
full,20,6,contaminated,2,"[0.3, 0.5)",8240,0.040773
full,20,6,contaminated,3,"[0.5, 0.7)",4634,0.027517
full,20,6,contaminated,4,"[0.7, 1.0)",2503,0.014516
held_out,20,6,contaminated,0,"[0.0, 0.1)",2315,0.056669
held_out,20,6,contaminated,1,"[0.1, 0.3)",4126,0.060284
held_out,20,6,contaminated,2,"[0.3, 0.5)",2524,0.050289
held_out,20,6,contaminated,3,"[0.5, 0.7)",918,0.027368
held_out,20,6,contaminated,4,"[0.7, 1.0)",187,0.011689
full,20,6,null,0,"[0.0, 0.1)",19742,0.003037
full,20,6,null,1,"[0.1, 0.3)",14693,0.020998
full,20,6,null,2,"[0.3, 0.5)",8240,0.037086
full,20,6,null,3,"[0.5, 0.7)",4634,0.040242
full,20,6,null,4,"[0.7, 1.0)",2503,0.030504
held_out,20,6,null,0,"[0.0, 0.1)",2315,0.005521
held_out,20,6,null,1,"[0.1, 0.3)",4126,0.016356
held_out,20,6,null,2,"[0.3, 0.5)",2524,0.025528
held_out,20,6,null,3,"[0.5, 0.7)",918,0.027939
held_out,20,6,null,4,"[0.7, 1.0)",187,0.020032
full,20,7,contaminated,0,"[0.0, 0.1)",19742,0.058693
full,20,7,contaminated,1,"[0.1, 0.3)",14693,0.050964
full,20,7,contaminated,2,"[0.3, 0.5)",8240,0.040558
full,20,7,contaminated,3,"[0.5, 0.7)",4634,0.028087
full,20,7,contaminated,4,"[0.7, 1.0)",2503,0.012997
held_out,20,7,contaminated,0,"[0.0, 0.1)",2315,0.060347
held_out,20,7,contaminated,1,"[0.1, 0.3)",4126,0.058997
held_out,20,7,contaminated,2,"[0.3, 0.5)",2524,0.051047
held_out,20,7,contaminated,3,"[0.5, 0.7)",918,0.026360
held_out,20,7,contaminated,4,"[0.7, 1.0)",187,0.007402
full,20,7,null,0,"[0.0, 0.1)",19742,0.003214
full,20,7,null,1,"[0.1, 0.3)",14693,0.020567
full,20,7,null,2,"[0.3, 0.5)",8240,0.039012
full,20,7,null,3,"[0.5, 0.7)",4634,0.041630
full,20,7,null,4,"[0.7, 1.0)",2503,0.027747
held_out,20,7,null,0,"[0.0, 0.1)",2315,0.005422
held_out,20,7,null,1,"[0.1, 0.3)",4126,0.015329
held_out,20,7,null,2,"[0.3, 0.5)",2524,0.028085
held_out,20,7,null,3,"[0.5, 0.7)",918,0.030155
held_out,20,7,null,4,"[0.7, 1.0)",187,0.019979
full,20,8,contaminated,0,"[0.0, 0.1)",19742,0.056032
full,20,8,contaminated,1,"[0.1, 0.3)",14693,0.050051
full,20,8,contaminated,2,"[0.3, 0.5)",8240,0.038050
full,20,8,contaminated,3,"[0.5, 0.7)",4634,0.029976
full,20,8,contaminated,4,"[0.7, 1.0)",2503,0.013177
held_out,20,8,contaminated,0,"[0.0, 0.1)",2315,0.058531
held_out,20,8,contaminated,1,"[0.1, 0.3)",4126,0.059669
held_out,20,8,contaminated,2,"[0.3, 0.5)",2524,0.047970
held_out,20,8,contaminated,3,"[0.5, 0.7)",918,0.025792
held_out,20,8,contaminated,4,"[0.7, 1.0)",187,0.005944
full,20,8,null,0,"[0.0, 0.1)",19742,0.002619
full,20,8,null,1,"[0.1, 0.3)",14693,0.017865
full,20,8,null,2,"[0.3, 0.5)",8240,0.037663
full,20,8,null,3,"[0.5, 0.7)",4634,0.043110
full,20,8,null,4,"[0.7, 1.0)",2503,0.029683
held_out,20,8,null,0,"[0.0, 0.1)",2315,0.005349
held_out,20,8,null,1,"[0.1, 0.3)",4126,0.015405
held_out,20,8,null,2,"[0.3, 0.5)",2524,0.027181
held_out,20,8,null,3,"[0.5, 0.7)",918,0.029926
held_out,20,8,null,4,"[0.7, 1.0)",187,0.022611
full,20,9,contaminated,0,"[0.0, 0.1)",19742,0.055251
full,20,9,contaminated,1,"[0.1, 0.3)",14693,0.051883
full,20,9,contaminated,2,"[0.3, 0.5)",8240,0.039437
full,20,9,contaminated,3,"[0.5, 0.7)",4634,0.030210
full,20,9,contaminated,4,"[0.7, 1.0)",2503,0.013704
held_out,20,9,contaminated,0,"[0.0, 0.1)",2315,0.060314
held_out,20,9,contaminated,1,"[0.1, 0.3)",4126,0.061251
held_out,20,9,contaminated,2,"[0.3, 0.5)",2524,0.049135
held_out,20,9,contaminated,3,"[0.5, 0.7)",918,0.027445
held_out,20,9,contaminated,4,"[0.7, 1.0)",187,0.010659
full,20,9,null,0,"[0.0, 0.1)",19742,0.002452
full,20,9,null,1,"[0.1, 0.3)",14693,0.021809
full,20,9,null,2,"[0.3, 0.5)",8240,0.035933
full,20,9,null,3,"[0.5, 0.7)",4634,0.040851
full,20,9,null,4,"[0.7, 1.0)",2503,0.030989
held_out,20,9,null,0,"[0.0, 0.1)",2315,0.005478
held_out,20,9,null,1,"[0.1, 0.3)",4126,0.015315
held_out,20,9,null,2,"[0.3, 0.5)",2524,0.024567
held_out,20,9,null,3,"[0.5, 0.7)",918,0.023181
held_out,20,9,null,4,"[0.7, 1.0)",187,0.020494
full,20,10,contaminated,0,"[0.0, 0.1)",19742,0.057544
full,20,10,contaminated,1,"[0.1, 0.3)",14693,0.051492
full,20,10,contaminated,2,"[0.3, 0.5)",8240,0.039961
full,20,10,contaminated,3,"[0.5, 0.7)",4634,0.030464
full,20,10,contaminated,4,"[0.7, 1.0)",2503,0.013174
held_out,20,10,contaminated,0,"[0.0, 0.1)",2315,0.054350
held_out,20,10,contaminated,1,"[0.1, 0.3)",4126,0.059418
held_out,20,10,contaminated,2,"[0.3, 0.5)",2524,0.050952
held_out,20,10,contaminated,3,"[0.5, 0.7)",918,0.025703
held_out,20,10,contaminated,4,"[0.7, 1.0)",187,0.006320
full,20,10,null,0,"[0.0, 0.1)",19742,0.002961
full,20,10,null,1,"[0.1, 0.3)",14693,0.020667
full,20,10,null,2,"[0.3, 0.5)",8240,0.033883
full,20,10,null,3,"[0.5, 0.7)",4634,0.039950
full,20,10,null,4,"[0.7, 1.0)",2503,0.029925
held_out,20,10,null,0,"[0.0, 0.1)",2315,0.005647
held_out,20,10,null,1,"[0.1, 0.3)",4126,0.015073
held_out,20,10,null,2,"[0.3, 0.5)",2524,0.023823
held_out,20,10,null,3,"[0.5, 0.7)",918,0.026641
held_out,20,10,null,4,"[0.7, 1.0)",187,0.022303
full,20,11,contaminated,0,"[0.0, 0.1)",19742,0.055620
full,20,11,contaminated,1,"[0.1, 0.3)",14693,0.050700
full,20,11,contaminated,2,"[0.3, 0.5)",8240,0.040749
full,20,11,contaminated,3,"[0.5, 0.7)",4634,0.030661
full,20,11,contaminated,4,"[0.7, 1.0)",2503,0.014121
held_out,20,11,contaminated,0,"[0.0, 0.1)",2315,0.058092
held_out,20,11,contaminated,1,"[0.1, 0.3)",4126,0.059344
held_out,20,11,contaminated,2,"[0.3, 0.5)",2524,0.050312
held_out,20,11,contaminated,3,"[0.5, 0.7)",918,0.029815
held_out,20,11,contaminated,4,"[0.7, 1.0)",187,0.010934
full,20,11,null,0,"[0.0, 0.1)",19742,0.002810
full,20,11,null,1,"[0.1, 0.3)",14693,0.019038
full,20,11,null,2,"[0.3, 0.5)",8240,0.036666
full,20,11,null,3,"[0.5, 0.7)",4634,0.040981
full,20,11,null,4,"[0.7, 1.0)",2503,0.031080
held_out,20,11,null,0,"[0.0, 0.1)",2315,0.006521
held_out,20,11,null,1,"[0.1, 0.3)",4126,0.015046
held_out,20,11,null,2,"[0.3, 0.5)",2524,0.029277
held_out,20,11,null,3,"[0.5, 0.7)",918,0.031342
held_out,20,11,null,4,"[0.7, 1.0)",187,0.018166
full,20,12,contaminated,0,"[0.0, 0.1)",19742,0.056701
full,20,12,contaminated,1,"[0.1, 0.3)",14693,0.050879
full,20,12,contaminated,2,"[0.3, 0.5)",8240,0.038673
full,20,12,contaminated,3,"[0.5, 0.7)",4634,0.028892
full,20,12,contaminated,4,"[0.7, 1.0)",2503,0.013629
held_out,20,12,contaminated,0,"[0.0, 0.1)",2315,0.057904
held_out,20,12,contaminated,1,"[0.1, 0.3)",4126,0.060513
held_out,20,12,contaminated,2,"[0.3, 0.5)",2524,0.051578
held_out,20,12,contaminated,3,"[0.5, 0.7)",918,0.025787
held_out,20,12,contaminated,4,"[0.7, 1.0)",187,0.010908
full,20,12,null,0,"[0.0, 0.1)",19742,0.003220
full,20,12,null,1,"[0.1, 0.3)",14693,0.019283
full,20,12,null,2,"[0.3, 0.5)",8240,0.035086
full,20,12,null,3,"[0.5, 0.7)",4634,0.036584
full,20,12,null,4,"[0.7, 1.0)",2503,0.032973
held_out,20,12,null,0,"[0.0, 0.1)",2315,0.005148
held_out,20,12,null,1,"[0.1, 0.3)",4126,0.014200
held_out,20,12,null,2,"[0.3, 0.5)",2524,0.026127
held_out,20,12,null,3,"[0.5, 0.7)",918,0.026222
held_out,20,12,null,4,"[0.7, 1.0)",187,0.019205
full,20,13,contaminated,0,"[0.0, 0.1)",19742,0.057212
full,20,13,contaminated,1,"[0.1, 0.3)",14693,0.050413
full,20,13,contaminated,2,"[0.3, 0.5)",8240,0.037724
full,20,13,contaminated,3,"[0.5, 0.7)",4634,0.029136
full,20,13,contaminated,4,"[0.7, 1.0)",2503,0.013740
held_out,20,13,contaminated,0,"[0.0, 0.1)",2315,0.058835
held_out,20,13,contaminated,1,"[0.1, 0.3)",4126,0.059911
held_out,20,13,contaminated,2,"[0.3, 0.5)",2524,0.048539
held_out,20,13,contaminated,3,"[0.5, 0.7)",918,0.028076
held_out,20,13,contaminated,4,"[0.7, 1.0)",187,0.006545
full,20,13,null,0,"[0.0, 0.1)",19742,0.003075
full,20,13,null,1,"[0.1, 0.3)",14693,0.020090
full,20,13,null,2,"[0.3, 0.5)",8240,0.038907
full,20,13,null,3,"[0.5, 0.7)",4634,0.041781
full,20,13,null,4,"[0.7, 1.0)",2503,0.028406
held_out,20,13,null,0,"[0.0, 0.1)",2315,0.005437
held_out,20,13,null,1,"[0.1, 0.3)",4126,0.016503
held_out,20,13,null,2,"[0.3, 0.5)",2524,0.026518
held_out,20,13,null,3,"[0.5, 0.7)",918,0.027645
held_out,20,13,null,4,"[0.7, 1.0)",187,0.021747
full,20,14,contaminated,0,"[0.0, 0.1)",19742,0.053292
full,20,14,contaminated,1,"[0.1, 0.3)",14693,0.052885
full,20,14,contaminated,2,"[0.3, 0.5)",8240,0.040672
full,20,14,contaminated,3,"[0.5, 0.7)",4634,0.029279
full,20,14,contaminated,4,"[0.7, 1.0)",2503,0.013523
held_out,20,14,contaminated,0,"[0.0, 0.1)",2315,0.055388
held_out,20,14,contaminated,1,"[0.1, 0.3)",4126,0.062031
held_out,20,14,contaminated,2,"[0.3, 0.5)",2524,0.052802
held_out,20,14,contaminated,3,"[0.5, 0.7)",918,0.029195
held_out,20,14,contaminated,4,"[0.7, 1.0)",187,0.011078
full,20,14,null,0,"[0.0, 0.1)",19742,0.003185
full,20,14,null,1,"[0.1, 0.3)",14693,0.020214
full,20,14,null,2,"[0.3, 0.5)",8240,0.039177
full,20,14,null,3,"[0.5, 0.7)",4634,0.038156
full,20,14,null,4,"[0.7, 1.0)",2503,0.028227
held_out,20,14,null,0,"[0.0, 0.1)",2315,0.004260
held_out,20,14,null,1,"[0.1, 0.3)",4126,0.015916
held_out,20,14,null,2,"[0.3, 0.5)",2524,0.028385
held_out,20,14,null,3,"[0.5, 0.7)",918,0.031182
held_out,20,14,null,4,"[0.7, 1.0)",187,0.016693
full,20,15,contaminated,0,"[0.0, 0.1)",19742,0.056786
full,20,15,contaminated,1,"[0.1, 0.3)",14693,0.053845
full,20,15,contaminated,2,"[0.3, 0.5)",8240,0.039087
full,20,15,contaminated,3,"[0.5, 0.7)",4634,0.028346
full,20,15,contaminated,4,"[0.7, 1.0)",2503,0.011678
held_out,20,15,contaminated,0,"[0.0, 0.1)",2315,0.062039
held_out,20,15,contaminated,1,"[0.1, 0.3)",4126,0.063261
held_out,20,15,contaminated,2,"[0.3, 0.5)",2524,0.050429
held_out,20,15,contaminated,3,"[0.5, 0.7)",918,0.026413
held_out,20,15,contaminated,4,"[0.7, 1.0)",187,0.010518
full,20,15,null,0,"[0.0, 0.1)",19742,0.002875
full,20,15,null,1,"[0.1, 0.3)",14693,0.019832
full,20,15,null,2,"[0.3, 0.5)",8240,0.037869
full,20,15,null,3,"[0.5, 0.7)",4634,0.041352
full,20,15,null,4,"[0.7, 1.0)",2503,0.028180
held_out,20,15,null,0,"[0.0, 0.1)",2315,0.005531
held_out,20,15,null,1,"[0.1, 0.3)",4126,0.018375
held_out,20,15,null,2,"[0.3, 0.5)",2524,0.025729
held_out,20,15,null,3,"[0.5, 0.7)",918,0.023491
held_out,20,15,null,4,"[0.7, 1.0)",187,0.017035
full,20,16,contaminated,0,"[0.0, 0.1)",19742,0.055009
full,20,16,contaminated,1,"[0.1, 0.3)",14693,0.051106
full,20,16,contaminated,2,"[0.3, 0.5)",8240,0.038785
full,20,16,contaminated,3,"[0.5, 0.7)",4634,0.031513
full,20,16,contaminated,4,"[0.7, 1.0)",2503,0.013600
held_out,20,16,contaminated,0,"[0.0, 0.1)",2315,0.059597
held_out,20,16,contaminated,1,"[0.1, 0.3)",4126,0.059318
held_out,20,16,contaminated,2,"[0.3, 0.5)",2524,0.052709
held_out,20,16,contaminated,3,"[0.5, 0.7)",918,0.030432
held_out,20,16,contaminated,4,"[0.7, 1.0)",187,0.012032
full,20,16,null,0,"[0.0, 0.1)",19742,0.002894
full,20,16,null,1,"[0.1, 0.3)",14693,0.019207
full,20,16,null,2,"[0.3, 0.5)",8240,0.036201
full,20,16,null,3,"[0.5, 0.7)",4634,0.040885
full,20,16,null,4,"[0.7, 1.0)",2503,0.029313
held_out,20,16,null,0,"[0.0, 0.1)",2315,0.005528
held_out,20,16,null,1,"[0.1, 0.3)",4126,0.015883
held_out,20,16,null,2,"[0.3, 0.5)",2524,0.027183
held_out,20,16,null,3,"[0.5, 0.7)",918,0.034076
held_out,20,16,null,4,"[0.7, 1.0)",187,0.017215
full,20,17,contaminated,0,"[0.0, 0.1)",19742,0.055871
full,20,17,contaminated,1,"[0.1, 0.3)",14693,0.050692
full,20,17,contaminated,2,"[0.3, 0.5)",8240,0.040752
full,20,17,contaminated,3,"[0.5, 0.7)",4634,0.029003
full,20,17,contaminated,4,"[0.7, 1.0)",2503,0.012885
held_out,20,17,contaminated,0,"[0.0, 0.1)",2315,0.058018
held_out,20,17,contaminated,1,"[0.1, 0.3)",4126,0.059377
held_out,20,17,contaminated,2,"[0.3, 0.5)",2524,0.049018
held_out,20,17,contaminated,3,"[0.5, 0.7)",918,0.028290
held_out,20,17,contaminated,4,"[0.7, 1.0)",187,0.008663
full,20,17,null,0,"[0.0, 0.1)",19742,0.003008
full,20,17,null,1,"[0.1, 0.3)",14693,0.019643
full,20,17,null,2,"[0.3, 0.5)",8240,0.038628
full,20,17,null,3,"[0.5, 0.7)",4634,0.042461
full,20,17,null,4,"[0.7, 1.0)",2503,0.029938
held_out,20,17,null,0,"[0.0, 0.1)",2315,0.005841
held_out,20,17,null,1,"[0.1, 0.3)",4126,0.014772
held_out,20,17,null,2,"[0.3, 0.5)",2524,0.027945
held_out,20,17,null,3,"[0.5, 0.7)",918,0.035343
held_out,20,17,null,4,"[0.7, 1.0)",187,0.021607
full,20,18,contaminated,0,"[0.0, 0.1)",19742,0.057046
full,20,18,contaminated,1,"[0.1, 0.3)",14693,0.050995
full,20,18,contaminated,2,"[0.3, 0.5)",8240,0.038421
full,20,18,contaminated,3,"[0.5, 0.7)",4634,0.028816
full,20,18,contaminated,4,"[0.7, 1.0)",2503,0.014836
held_out,20,18,contaminated,0,"[0.0, 0.1)",2315,0.054385
held_out,20,18,contaminated,1,"[0.1, 0.3)",4126,0.060633
held_out,20,18,contaminated,2,"[0.3, 0.5)",2524,0.048643
held_out,20,18,contaminated,3,"[0.5, 0.7)",918,0.024771
held_out,20,18,contaminated,4,"[0.7, 1.0)",187,0.011297
full,20,18,null,0,"[0.0, 0.1)",19742,0.002670
full,20,18,null,1,"[0.1, 0.3)",14693,0.016588
full,20,18,null,2,"[0.3, 0.5)",8240,0.034636
full,20,18,null,3,"[0.5, 0.7)",4634,0.041640
full,20,18,null,4,"[0.7, 1.0)",2503,0.032646
held_out,20,18,null,0,"[0.0, 0.1)",2315,0.004359
held_out,20,18,null,1,"[0.1, 0.3)",4126,0.014046
held_out,20,18,null,2,"[0.3, 0.5)",2524,0.023362
held_out,20,18,null,3,"[0.5, 0.7)",918,0.032096
held_out,20,18,null,4,"[0.7, 1.0)",187,0.023720
full,20,19,contaminated,0,"[0.0, 0.1)",19742,0.057242
full,20,19,contaminated,1,"[0.1, 0.3)",14693,0.050740
full,20,19,contaminated,2,"[0.3, 0.5)",8240,0.040911
full,20,19,contaminated,3,"[0.5, 0.7)",4634,0.033047
full,20,19,contaminated,4,"[0.7, 1.0)",2503,0.014355
held_out,20,19,contaminated,0,"[0.0, 0.1)",2315,0.063977
held_out,20,19,contaminated,1,"[0.1, 0.3)",4126,0.060514
held_out,20,19,contaminated,2,"[0.3, 0.5)",2524,0.050468
held_out,20,19,contaminated,3,"[0.5, 0.7)",918,0.029628
held_out,20,19,contaminated,4,"[0.7, 1.0)",187,0.010987
full,20,19,null,0,"[0.0, 0.1)",19742,0.002612
full,20,19,null,1,"[0.1, 0.3)",14693,0.018155
full,20,19,null,2,"[0.3, 0.5)",8240,0.036644
full,20,19,null,3,"[0.5, 0.7)",4634,0.042797
full,20,19,null,4,"[0.7, 1.0)",2503,0.030993
held_out,20,19,null,0,"[0.0, 0.1)",2315,0.004593
held_out,20,19,null,1,"[0.1, 0.3)",4126,0.015161
held_out,20,19,null,2,"[0.3, 0.5)",2524,0.027323
held_out,20,19,null,3,"[0.5, 0.7)",918,0.029270
held_out,20,19,null,4,"[0.7, 1.0)",187,0.021388
full,20,20,contaminated,0,"[0.0, 0.1)",19742,0.053828
full,20,20,contaminated,1,"[0.1, 0.3)",14693,0.052539
full,20,20,contaminated,2,"[0.3, 0.5)",8240,0.039011
full,20,20,contaminated,3,"[0.5, 0.7)",4634,0.028779
full,20,20,contaminated,4,"[0.7, 1.0)",2503,0.014228
held_out,20,20,contaminated,0,"[0.0, 0.1)",2315,0.054249
held_out,20,20,contaminated,1,"[0.1, 0.3)",4126,0.063905
held_out,20,20,contaminated,2,"[0.3, 0.5)",2524,0.048176
held_out,20,20,contaminated,3,"[0.5, 0.7)",918,0.027984
held_out,20,20,contaminated,4,"[0.7, 1.0)",187,0.012024
full,20,20,null,0,"[0.0, 0.1)",19742,0.003250
full,20,20,null,1,"[0.1, 0.3)",14693,0.020993
full,20,20,null,2,"[0.3, 0.5)",8240,0.040082
full,20,20,null,3,"[0.5, 0.7)",4634,0.040699
full,20,20,null,4,"[0.7, 1.0)",2503,0.029339
held_out,20,20,null,0,"[0.0, 0.1)",2315,0.003731
held_out,20,20,null,1,"[0.1, 0.3)",4126,0.014912
held_out,20,20,null,2,"[0.3, 0.5)",2524,0.026538
held_out,20,20,null,3,"[0.5, 0.7)",918,0.030982
held_out,20,20,null,4,"[0.7, 1.0)",187,0.016851
full,20,21,contaminated,0,"[0.0, 0.1)",19742,0.054769
full,20,21,contaminated,1,"[0.1, 0.3)",14693,0.053264
full,20,21,contaminated,2,"[0.3, 0.5)",8240,0.041288
full,20,21,contaminated,3,"[0.5, 0.7)",4634,0.030551
full,20,21,contaminated,4,"[0.7, 1.0)",2503,0.012174
held_out,20,21,contaminated,0,"[0.0, 0.1)",2315,0.059163
held_out,20,21,contaminated,1,"[0.1, 0.3)",4126,0.061958
held_out,20,21,contaminated,2,"[0.3, 0.5)",2524,0.051508
held_out,20,21,contaminated,3,"[0.5, 0.7)",918,0.028694
held_out,20,21,contaminated,4,"[0.7, 1.0)",187,0.005620
full,20,21,null,0,"[0.0, 0.1)",19742,0.003090
full,20,21,null,1,"[0.1, 0.3)",14693,0.021760
full,20,21,null,2,"[0.3, 0.5)",8240,0.033121
full,20,21,null,3,"[0.5, 0.7)",4634,0.037639
full,20,21,null,4,"[0.7, 1.0)",2503,0.031983
held_out,20,21,null,0,"[0.0, 0.1)",2315,0.004418
held_out,20,21,null,1,"[0.1, 0.3)",4126,0.014206
held_out,20,21,null,2,"[0.3, 0.5)",2524,0.024893
held_out,20,21,null,3,"[0.5, 0.7)",918,0.023887
held_out,20,21,null,4,"[0.7, 1.0)",187,0.024504
full,20,22,contaminated,0,"[0.0, 0.1)",19742,0.059752
full,20,22,contaminated,1,"[0.1, 0.3)",14693,0.051568
full,20,22,contaminated,2,"[0.3, 0.5)",8240,0.037989
full,20,22,contaminated,3,"[0.5, 0.7)",4634,0.028045
full,20,22,contaminated,4,"[0.7, 1.0)",2503,0.012865
held_out,20,22,contaminated,0,"[0.0, 0.1)",2315,0.061597
held_out,20,22,contaminated,1,"[0.1, 0.3)",4126,0.064244
held_out,20,22,contaminated,2,"[0.3, 0.5)",2524,0.047652
held_out,20,22,contaminated,3,"[0.5, 0.7)",918,0.024416
held_out,20,22,contaminated,4,"[0.7, 1.0)",187,0.011632
full,20,22,null,0,"[0.0, 0.1)",19742,0.002228
full,20,22,null,1,"[0.1, 0.3)",14693,0.020539
full,20,22,null,2,"[0.3, 0.5)",8240,0.040161
full,20,22,null,3,"[0.5, 0.7)",4634,0.037874
full,20,22,null,4,"[0.7, 1.0)",2503,0.030945
held_out,20,22,null,0,"[0.0, 0.1)",2315,0.005406
held_out,20,22,null,1,"[0.1, 0.3)",4126,0.015810
held_out,20,22,null,2,"[0.3, 0.5)",2524,0.025554
held_out,20,22,null,3,"[0.5, 0.7)",918,0.026998
held_out,20,22,null,4,"[0.7, 1.0)",187,0.015612
full,20,23,contaminated,0,"[0.0, 0.1)",19742,0.054843
full,20,23,contaminated,1,"[0.1, 0.3)",14693,0.051924
full,20,23,contaminated,2,"[0.3, 0.5)",8240,0.041937
full,20,23,contaminated,3,"[0.5, 0.7)",4634,0.029725
full,20,23,contaminated,4,"[0.7, 1.0)",2503,0.012643
held_out,20,23,contaminated,0,"[0.0, 0.1)",2315,0.055768
held_out,20,23,contaminated,1,"[0.1, 0.3)",4126,0.061989
held_out,20,23,contaminated,2,"[0.3, 0.5)",2524,0.052896
held_out,20,23,contaminated,3,"[0.5, 0.7)",918,0.028646
held_out,20,23,contaminated,4,"[0.7, 1.0)",187,0.005879
full,20,23,null,0,"[0.0, 0.1)",19742,0.002156
full,20,23,null,1,"[0.1, 0.3)",14693,0.019919
full,20,23,null,2,"[0.3, 0.5)",8240,0.036752
full,20,23,null,3,"[0.5, 0.7)",4634,0.037388
full,20,23,null,4,"[0.7, 1.0)",2503,0.031351
held_out,20,23,null,0,"[0.0, 0.1)",2315,0.004763
held_out,20,23,null,1,"[0.1, 0.3)",4126,0.015928
held_out,20,23,null,2,"[0.3, 0.5)",2524,0.026902
held_out,20,23,null,3,"[0.5, 0.7)",918,0.020099
held_out,20,23,null,4,"[0.7, 1.0)",187,0.020546
full,20,24,contaminated,0,"[0.0, 0.1)",19742,0.057050
full,20,24,contaminated,1,"[0.1, 0.3)",14693,0.052291
full,20,24,contaminated,2,"[0.3, 0.5)",8240,0.040140
full,20,24,contaminated,3,"[0.5, 0.7)",4634,0.029252
full,20,24,contaminated,4,"[0.7, 1.0)",2503,0.014087
held_out,20,24,contaminated,0,"[0.0, 0.1)",2315,0.057150
held_out,20,24,contaminated,1,"[0.1, 0.3)",4126,0.062162
held_out,20,24,contaminated,2,"[0.3, 0.5)",2524,0.048220
held_out,20,24,contaminated,3,"[0.5, 0.7)",918,0.026644
held_out,20,24,contaminated,4,"[0.7, 1.0)",187,0.007843
full,20,24,null,0,"[0.0, 0.1)",19742,0.002810
full,20,24,null,1,"[0.1, 0.3)",14693,0.020842
full,20,24,null,2,"[0.3, 0.5)",8240,0.038531
full,20,24,null,3,"[0.5, 0.7)",4634,0.041415
full,20,24,null,4,"[0.7, 1.0)",2503,0.030218
held_out,20,24,null,0,"[0.0, 0.1)",2315,0.005599
held_out,20,24,null,1,"[0.1, 0.3)",4126,0.015864
held_out,20,24,null,2,"[0.3, 0.5)",2524,0.023527
held_out,20,24,null,3,"[0.5, 0.7)",918,0.027887
held_out,20,24,null,4,"[0.7, 1.0)",187,0.028192
full,20,25,contaminated,0,"[0.0, 0.1)",19742,0.054398
full,20,25,contaminated,1,"[0.1, 0.3)",14693,0.051138
full,20,25,contaminated,2,"[0.3, 0.5)",8240,0.040010
full,20,25,contaminated,3,"[0.5, 0.7)",4634,0.030887
full,20,25,contaminated,4,"[0.7, 1.0)",2503,0.012945
held_out,20,25,contaminated,0,"[0.0, 0.1)",2315,0.055893
held_out,20,25,contaminated,1,"[0.1, 0.3)",4126,0.060921
held_out,20,25,contaminated,2,"[0.3, 0.5)",2524,0.050791
held_out,20,25,contaminated,3,"[0.5, 0.7)",918,0.029203
held_out,20,25,contaminated,4,"[0.7, 1.0)",187,0.012719
full,20,25,null,0,"[0.0, 0.1)",19742,0.002905
full,20,25,null,1,"[0.1, 0.3)",14693,0.019511
full,20,25,null,2,"[0.3, 0.5)",8240,0.035174
full,20,25,null,3,"[0.5, 0.7)",4634,0.041486
full,20,25,null,4,"[0.7, 1.0)",2503,0.031761
held_out,20,25,null,0,"[0.0, 0.1)",2315,0.004948
held_out,20,25,null,1,"[0.1, 0.3)",4126,0.014446
held_out,20,25,null,2,"[0.3, 0.5)",2524,0.026641
held_out,20,25,null,3,"[0.5, 0.7)",918,0.027069
held_out,20,25,null,4,"[0.7, 1.0)",187,0.030370
full,20,26,contaminated,0,"[0.0, 0.1)",19742,0.055357
full,20,26,contaminated,1,"[0.1, 0.3)",14693,0.053119
full,20,26,contaminated,2,"[0.3, 0.5)",8240,0.037403
full,20,26,contaminated,3,"[0.5, 0.7)",4634,0.030160
full,20,26,contaminated,4,"[0.7, 1.0)",2503,0.012757
held_out,20,26,contaminated,0,"[0.0, 0.1)",2315,0.057050
held_out,20,26,contaminated,1,"[0.1, 0.3)",4126,0.061720
held_out,20,26,contaminated,2,"[0.3, 0.5)",2524,0.048863
held_out,20,26,contaminated,3,"[0.5, 0.7)",918,0.026392
held_out,20,26,contaminated,4,"[0.7, 1.0)",187,0.005824
full,20,26,null,0,"[0.0, 0.1)",19742,0.003032
full,20,26,null,1,"[0.1, 0.3)",14693,0.019797
full,20,26,null,2,"[0.3, 0.5)",8240,0.037388
full,20,26,null,3,"[0.5, 0.7)",4634,0.038041
full,20,26,null,4,"[0.7, 1.0)",2503,0.030824
held_out,20,26,null,0,"[0.0, 0.1)",2315,0.005345
held_out,20,26,null,1,"[0.1, 0.3)",4126,0.015702
held_out,20,26,null,2,"[0.3, 0.5)",2524,0.025855
held_out,20,26,null,3,"[0.5, 0.7)",918,0.029190
held_out,20,26,null,4,"[0.7, 1.0)",187,0.022711
full,20,27,contaminated,0,"[0.0, 0.1)",19742,0.057923
full,20,27,contaminated,1,"[0.1, 0.3)",14693,0.050735
full,20,27,contaminated,2,"[0.3, 0.5)",8240,0.038889
full,20,27,contaminated,3,"[0.5, 0.7)",4634,0.027924
full,20,27,contaminated,4,"[0.7, 1.0)",2503,0.013723
held_out,20,27,contaminated,0,"[0.0, 0.1)",2315,0.060678
held_out,20,27,contaminated,1,"[0.1, 0.3)",4126,0.060671
held_out,20,27,contaminated,2,"[0.3, 0.5)",2524,0.049444
held_out,20,27,contaminated,3,"[0.5, 0.7)",918,0.023584
held_out,20,27,contaminated,4,"[0.7, 1.0)",187,0.006619
full,20,27,null,0,"[0.0, 0.1)",19742,0.002790
full,20,27,null,1,"[0.1, 0.3)",14693,0.019263
full,20,27,null,2,"[0.3, 0.5)",8240,0.037440
full,20,27,null,3,"[0.5, 0.7)",4634,0.041126
full,20,27,null,4,"[0.7, 1.0)",2503,0.029971
held_out,20,27,null,0,"[0.0, 0.1)",2315,0.004198
held_out,20,27,null,1,"[0.1, 0.3)",4126,0.016095
held_out,20,27,null,2,"[0.3, 0.5)",2524,0.026513
held_out,20,27,null,3,"[0.5, 0.7)",918,0.029495
held_out,20,27,null,4,"[0.7, 1.0)",187,0.015672
full,20,28,contaminated,0,"[0.0, 0.1)",19742,0.056772
full,20,28,contaminated,1,"[0.1, 0.3)",14693,0.052907
full,20,28,contaminated,2,"[0.3, 0.5)",8240,0.036915
full,20,28,contaminated,3,"[0.5, 0.7)",4634,0.030639
full,20,28,contaminated,4,"[0.7, 1.0)",2503,0.013681
held_out,20,28,contaminated,0,"[0.0, 0.1)",2315,0.057586
held_out,20,28,contaminated,1,"[0.1, 0.3)",4126,0.063517
held_out,20,28,contaminated,2,"[0.3, 0.5)",2524,0.048890
held_out,20,28,contaminated,3,"[0.5, 0.7)",918,0.028647
held_out,20,28,contaminated,4,"[0.7, 1.0)",187,0.007779
full,20,28,null,0,"[0.0, 0.1)",19742,0.002375
full,20,28,null,1,"[0.1, 0.3)",14693,0.017853
full,20,28,null,2,"[0.3, 0.5)",8240,0.036386
full,20,28,null,3,"[0.5, 0.7)",4634,0.039437
full,20,28,null,4,"[0.7, 1.0)",2503,0.032173
held_out,20,28,null,0,"[0.0, 0.1)",2315,0.004886
held_out,20,28,null,1,"[0.1, 0.3)",4126,0.013680
held_out,20,28,null,2,"[0.3, 0.5)",2524,0.023415
held_out,20,28,null,3,"[0.5, 0.7)",918,0.028687
held_out,20,28,null,4,"[0.7, 1.0)",187,0.021174
full,20,29,contaminated,0,"[0.0, 0.1)",19742,0.054908
full,20,29,contaminated,1,"[0.1, 0.3)",14693,0.050641
full,20,29,contaminated,2,"[0.3, 0.5)",8240,0.039241
full,20,29,contaminated,3,"[0.5, 0.7)",4634,0.030183
full,20,29,contaminated,4,"[0.7, 1.0)",2503,0.012754
held_out,20,29,contaminated,0,"[0.0, 0.1)",2315,0.057678
held_out,20,29,contaminated,1,"[0.1, 0.3)",4126,0.059683
held_out,20,29,contaminated,2,"[0.3, 0.5)",2524,0.049820
held_out,20,29,contaminated,3,"[0.5, 0.7)",918,0.026438
held_out,20,29,contaminated,4,"[0.7, 1.0)",187,0.009360
full,20,29,null,0,"[0.0, 0.1)",19742,0.002657
full,20,29,null,1,"[0.1, 0.3)",14693,0.019550
full,20,29,null,2,"[0.3, 0.5)",8240,0.034755
full,20,29,null,3,"[0.5, 0.7)",4634,0.040121
full,20,29,null,4,"[0.7, 1.0)",2503,0.030442
held_out,20,29,null,0,"[0.0, 0.1)",2315,0.005446
held_out,20,29,null,1,"[0.1, 0.3)",4126,0.016099
held_out,20,29,null,2,"[0.3, 0.5)",2524,0.026312
held_out,20,29,null,3,"[0.5, 0.7)",918,0.026657
held_out,20,29,null,4,"[0.7, 1.0)",187,0.019590
