entity_dir,track,median_clean_suitability_low_sites,contaminant_bin,peak_excess_bin,n_bins
Procambarus_clarkii_alien,local_only,0.6167,4,4,5
Procambarus_clarkii_alien,upstream_only,0.5499,2,3,4
Procambarus_clarkii_alien,combined,0.5508,4,4,5
Pacifastacus_leniusculus_alien,local_only,0.3092,3,0,5
Pacifastacus_leniusculus_alien,upstream_only,0.4161,3,2,4
Pacifastacus_leniusculus_alien,combined,0.2576,3,2,5
Faxonius_limosus_alien,local_only,0.3595,2,1,5
Faxonius_limosus_alien,upstream_only,0.4483,2,2,4
Faxonius_limosus_alien,combined,0.3562,2,0,5
Astacus_astacus,local_only,0.2647,2,1,5
Astacus_astacus,upstream_only,0.4371,2,1,4
Astacus_astacus,combined,0.2556,2,2,5
Procambarus_clarkii_native,local_only,0.641,4,4,5
Procambarus_clarkii_native,upstream_only,0.5617,3,4,5
Procambarus_clarkii_native,combined,0.6142,4,4,5
Pontastacus_leptodactylus_pooled,local_only,0.4594,3,2,5
Pontastacus_leptodactylus_pooled,upstream_only,0.4854,2,1,4
Pontastacus_leptodactylus_pooled,combined,0.442,3,2,5
Austropotamobius_torrentium_pooled,local_only,0.337,3,1,5
Austropotamobius_torrentium_pooled,upstream_only,0.4783,3,1,4
Austropotamobius_torrentium_pooled,combined,0.3488,3,2,5
Austropotamobius_fulcisianus_pooled,local_only,0.5184,4,0,5
Austropotamobius_fulcisianus_pooled,upstream_only,0.4885,3,3,4
Austropotamobius_fulcisianus_pooled,combined,0.5795,4,4,5
