entity_dir,track,level,method,auc,tss
Procambarus_clarkii_alien,local_only,0,uncalibrated,0.8982,0.6395
Procambarus_clarkii_alien,local_only,0,platt,0.8987,0.6421
Procambarus_clarkii_alien,local_only,3,uncalibrated,0.8931,0.6531
Procambarus_clarkii_alien,local_only,3,platt,0.8934,0.6557
Procambarus_clarkii_alien,local_only,10,uncalibrated,0.8804,0.6072
Procambarus_clarkii_alien,local_only,10,platt,0.8808,0.609
Procambarus_clarkii_alien,local_only,20,uncalibrated,0.8901,0.6457
Procambarus_clarkii_alien,local_only,20,platt,0.8907,0.6498
Procambarus_clarkii_alien,upstream_only,0,uncalibrated,0.8126,0.4317
Procambarus_clarkii_alien,upstream_only,0,platt,0.8156,0.4367
Procambarus_clarkii_alien,upstream_only,3,uncalibrated,0.809,0.4228
Procambarus_clarkii_alien,upstream_only,3,platt,0.8126,0.4259
Procambarus_clarkii_alien,upstream_only,10,uncalibrated,0.7962,0.4088
Procambarus_clarkii_alien,upstream_only,10,platt,0.8004,0.4116
Procambarus_clarkii_alien,upstream_only,20,uncalibrated,0.8064,0.4361
Procambarus_clarkii_alien,upstream_only,20,platt,0.8104,0.44
Procambarus_clarkii_alien,combined,0,uncalibrated,0.8923,0.6337
Procambarus_clarkii_alien,combined,0,platt,0.8945,0.6436
Procambarus_clarkii_alien,combined,3,uncalibrated,0.891,0.6417
Procambarus_clarkii_alien,combined,3,platt,0.8928,0.6467
Procambarus_clarkii_alien,combined,10,uncalibrated,0.8719,0.593
Procambarus_clarkii_alien,combined,10,platt,0.8742,0.6004
Procambarus_clarkii_alien,combined,20,uncalibrated,0.8828,0.6261
Procambarus_clarkii_alien,combined,20,platt,0.885,0.6319
Pacifastacus_leniusculus_alien,local_only,0,uncalibrated,0.8776,0.5875
Pacifastacus_leniusculus_alien,local_only,0,platt,0.8808,0.6051
Pacifastacus_leniusculus_alien,local_only,3,uncalibrated,0.8681,0.5292
Pacifastacus_leniusculus_alien,local_only,3,platt,0.8722,0.5595
Pacifastacus_leniusculus_alien,local_only,10,uncalibrated,0.8422,0.4778
Pacifastacus_leniusculus_alien,local_only,10,platt,0.8457,0.4927
Pacifastacus_leniusculus_alien,local_only,20,uncalibrated,0.8158,0.4526
Pacifastacus_leniusculus_alien,local_only,20,platt,0.8185,0.4671
Pacifastacus_leniusculus_alien,upstream_only,0,uncalibrated,0.8024,0.4772
Pacifastacus_leniusculus_alien,upstream_only,0,platt,0.8176,0.5011
Pacifastacus_leniusculus_alien,upstream_only,3,uncalibrated,0.7942,0.4504
Pacifastacus_leniusculus_alien,upstream_only,3,platt,0.8102,0.4825
Pacifastacus_leniusculus_alien,upstream_only,10,uncalibrated,0.7791,0.423
Pacifastacus_leniusculus_alien,upstream_only,10,platt,0.7939,0.4513
Pacifastacus_leniusculus_alien,upstream_only,20,uncalibrated,0.758,0.3657
Pacifastacus_leniusculus_alien,upstream_only,20,platt,0.7687,0.3983
Pacifastacus_leniusculus_alien,combined,0,uncalibrated,0.8731,0.564
Pacifastacus_leniusculus_alien,combined,0,platt,0.8821,0.5947
Pacifastacus_leniusculus_alien,combined,3,uncalibrated,0.8651,0.5537
Pacifastacus_leniusculus_alien,combined,3,platt,0.8766,0.5819
Pacifastacus_leniusculus_alien,combined,10,uncalibrated,0.8388,0.4954
Pacifastacus_leniusculus_alien,combined,10,platt,0.8496,0.5161
Pacifastacus_leniusculus_alien,combined,20,uncalibrated,0.8168,0.4643
Pacifastacus_leniusculus_alien,combined,20,platt,0.8273,0.4878
Faxonius_limosus_alien,local_only,0,uncalibrated,0.796,0.4404
Faxonius_limosus_alien,local_only,0,platt,0.7957,0.4422
Faxonius_limosus_alien,local_only,3,uncalibrated,0.7866,0.4389
Faxonius_limosus_alien,local_only,3,platt,0.7873,0.4383
Faxonius_limosus_alien,local_only,10,uncalibrated,0.7692,0.3811
Faxonius_limosus_alien,local_only,10,platt,0.7689,0.383
Faxonius_limosus_alien,local_only,20,uncalibrated,0.7479,0.374
Faxonius_limosus_alien,local_only,20,platt,0.7483,0.3761
Faxonius_limosus_alien,upstream_only,0,uncalibrated,0.7295,0.3573
Faxonius_limosus_alien,upstream_only,0,platt,0.7347,0.3676
Faxonius_limosus_alien,upstream_only,3,uncalibrated,0.7334,0.3645
Faxonius_limosus_alien,upstream_only,3,platt,0.739,0.3755
Faxonius_limosus_alien,upstream_only,10,uncalibrated,0.7065,0.3067
Faxonius_limosus_alien,upstream_only,10,platt,0.7108,0.3115
Faxonius_limosus_alien,upstream_only,20,uncalibrated,0.6888,0.2756
Faxonius_limosus_alien,upstream_only,20,platt,0.695,0.2926
Faxonius_limosus_alien,combined,0,uncalibrated,0.7815,0.4373
Faxonius_limosus_alien,combined,0,platt,0.7943,0.4439
Faxonius_limosus_alien,combined,3,uncalibrated,0.785,0.4249
Faxonius_limosus_alien,combined,3,platt,0.7972,0.4449
Faxonius_limosus_alien,combined,10,uncalibrated,0.7565,0.364
Faxonius_limosus_alien,combined,10,platt,0.7712,0.3716
Faxonius_limosus_alien,combined,20,uncalibrated,0.7447,0.3629
Faxonius_limosus_alien,combined,20,platt,0.7532,0.369
Astacus_astacus,local_only,0,uncalibrated,0.8201,0.4909
Astacus_astacus,local_only,0,platt,0.8238,0.4861
Astacus_astacus,local_only,3,uncalibrated,0.7964,0.4332
Astacus_astacus,local_only,3,platt,0.7998,0.4349
Astacus_astacus,local_only,10,uncalibrated,0.8104,0.4864
Astacus_astacus,local_only,10,platt,0.808,0.4651
Astacus_astacus,local_only,20,uncalibrated,0.7068,0.2718
Astacus_astacus,local_only,20,platt,0.7078,0.2604
Astacus_astacus,upstream_only,0,uncalibrated,0.7533,0.3905
Astacus_astacus,upstream_only,0,platt,0.7566,0.3887
Astacus_astacus,upstream_only,3,uncalibrated,0.742,0.3378
Astacus_astacus,upstream_only,3,platt,0.7476,0.346
Astacus_astacus,upstream_only,10,uncalibrated,0.7472,0.3431
Astacus_astacus,upstream_only,10,platt,0.7471,0.3441
Astacus_astacus,upstream_only,20,uncalibrated,0.6861,0.2041
Astacus_astacus,upstream_only,20,platt,0.6894,0.2106
Astacus_astacus,combined,0,uncalibrated,0.8234,0.4982
Astacus_astacus,combined,0,platt,0.8267,0.4902
Astacus_astacus,combined,3,uncalibrated,0.7981,0.4372
Astacus_astacus,combined,3,platt,0.8016,0.4227
Astacus_astacus,combined,10,uncalibrated,0.8062,0.4707
Astacus_astacus,combined,10,platt,0.8057,0.4675
Astacus_astacus,combined,20,uncalibrated,0.7209,0.2722
Astacus_astacus,combined,20,platt,0.7224,0.249
Procambarus_clarkii_native,local_only,0,uncalibrated,0.8051,0.4338
Procambarus_clarkii_native,local_only,0,platt,0.8089,0.441
Procambarus_clarkii_native,local_only,3,uncalibrated,0.6758,0.1087
Procambarus_clarkii_native,local_only,3,platt,0.6784,0.0995
Procambarus_clarkii_native,local_only,10,uncalibrated,0.7119,0.1935
Procambarus_clarkii_native,local_only,10,platt,0.7129,0.1927
Procambarus_clarkii_native,local_only,20,uncalibrated,0.8048,0.3576
Procambarus_clarkii_native,local_only,20,platt,0.807,0.358
Procambarus_clarkii_native,upstream_only,0,uncalibrated,0.7772,0.3337
Procambarus_clarkii_native,upstream_only,0,platt,0.7829,0.3276
Procambarus_clarkii_native,upstream_only,3,uncalibrated,0.6713,0.0888
Procambarus_clarkii_native,upstream_only,3,platt,0.6586,0.0851
Procambarus_clarkii_native,upstream_only,10,uncalibrated,0.6994,0.1429
Procambarus_clarkii_native,upstream_only,10,platt,0.6868,0.1328
Procambarus_clarkii_native,upstream_only,20,uncalibrated,0.8032,0.3206
Procambarus_clarkii_native,upstream_only,20,platt,0.8059,0.3175
Procambarus_clarkii_native,combined,0,uncalibrated,0.8042,0.4697
Procambarus_clarkii_native,combined,0,platt,0.8087,0.4865
Procambarus_clarkii_native,combined,3,uncalibrated,0.6819,0.1433
Procambarus_clarkii_native,combined,3,platt,0.6798,0.1712
Procambarus_clarkii_native,combined,10,uncalibrated,0.7019,0.2257
Procambarus_clarkii_native,combined,10,platt,0.7011,0.2366
Procambarus_clarkii_native,combined,20,uncalibrated,0.7937,0.3818
Procambarus_clarkii_native,combined,20,platt,0.8001,0.3847
Pontastacus_leptodactylus_pooled,local_only,0,uncalibrated,0.7957,0.4593
Pontastacus_leptodactylus_pooled,local_only,0,platt,0.7996,0.467
Pontastacus_leptodactylus_pooled,local_only,3,uncalibrated,0.7974,0.4635
Pontastacus_leptodactylus_pooled,local_only,3,platt,0.8015,0.4675
Pontastacus_leptodactylus_pooled,local_only,10,uncalibrated,0.8033,0.4715
Pontastacus_leptodactylus_pooled,local_only,10,platt,0.8073,0.4834
Pontastacus_leptodactylus_pooled,local_only,20,uncalibrated,0.7862,0.4284
Pontastacus_leptodactylus_pooled,local_only,20,platt,0.7878,0.4296
Pontastacus_leptodactylus_pooled,upstream_only,0,uncalibrated,0.7316,0.3148
Pontastacus_leptodactylus_pooled,upstream_only,0,platt,0.7365,0.3184
Pontastacus_leptodactylus_pooled,upstream_only,3,uncalibrated,0.7265,0.2993
Pontastacus_leptodactylus_pooled,upstream_only,3,platt,0.7324,0.3035
Pontastacus_leptodactylus_pooled,upstream_only,10,uncalibrated,0.7332,0.3057
Pontastacus_leptodactylus_pooled,upstream_only,10,platt,0.7376,0.3151
Pontastacus_leptodactylus_pooled,upstream_only,20,uncalibrated,0.7222,0.2921
Pontastacus_leptodactylus_pooled,upstream_only,20,platt,0.7234,0.2931
Pontastacus_leptodactylus_pooled,combined,0,uncalibrated,0.8067,0.4592
Pontastacus_leptodactylus_pooled,combined,0,platt,0.8083,0.4615
Pontastacus_leptodactylus_pooled,combined,3,uncalibrated,0.8019,0.456
Pontastacus_leptodactylus_pooled,combined,3,platt,0.804,0.47
Pontastacus_leptodactylus_pooled,combined,10,uncalibrated,0.8037,0.4684
Pontastacus_leptodactylus_pooled,combined,10,platt,0.8062,0.478
Pontastacus_leptodactylus_pooled,combined,20,uncalibrated,0.7878,0.4304
Pontastacus_leptodactylus_pooled,combined,20,platt,0.7879,0.43
Austropotamobius_torrentium_pooled,local_only,0,uncalibrated,0.8492,0.4762
Austropotamobius_torrentium_pooled,local_only,0,platt,0.8552,0.4754
Austropotamobius_torrentium_pooled,local_only,3,uncalibrated,0.8472,0.4388
Austropotamobius_torrentium_pooled,local_only,3,platt,0.852,0.4302
Austropotamobius_torrentium_pooled,local_only,10,uncalibrated,0.7816,0.4311
Austropotamobius_torrentium_pooled,local_only,10,platt,0.7888,0.4179
Austropotamobius_torrentium_pooled,local_only,20,uncalibrated,0.7586,0.3289
Austropotamobius_torrentium_pooled,local_only,20,platt,0.7687,0.3283
Austropotamobius_torrentium_pooled,upstream_only,0,uncalibrated,0.7425,0.3978
Austropotamobius_torrentium_pooled,upstream_only,0,platt,0.7394,0.3939
Austropotamobius_torrentium_pooled,upstream_only,3,uncalibrated,0.7376,0.3725
Austropotamobius_torrentium_pooled,upstream_only,3,platt,0.7339,0.3658
Austropotamobius_torrentium_pooled,upstream_only,10,uncalibrated,0.7068,0.3251
Austropotamobius_torrentium_pooled,upstream_only,10,platt,0.7084,0.2529
Austropotamobius_torrentium_pooled,upstream_only,20,uncalibrated,0.6922,0.2909
Austropotamobius_torrentium_pooled,upstream_only,20,platt,0.7086,0.2558
Austropotamobius_torrentium_pooled,combined,0,uncalibrated,0.8645,0.4845
Austropotamobius_torrentium_pooled,combined,0,platt,0.868,0.4636
Austropotamobius_torrentium_pooled,combined,3,uncalibrated,0.8599,0.4502
Austropotamobius_torrentium_pooled,combined,3,platt,0.8648,0.4373
Austropotamobius_torrentium_pooled,combined,10,uncalibrated,0.7838,0.4144
Austropotamobius_torrentium_pooled,combined,10,platt,0.7839,0.4013
Austropotamobius_torrentium_pooled,combined,20,uncalibrated,0.7703,0.3392
Austropotamobius_torrentium_pooled,combined,20,platt,0.7803,0.3378
Austropotamobius_fulcisianus_pooled,local_only,0,uncalibrated,0.79,0.3718
Austropotamobius_fulcisianus_pooled,local_only,0,platt,0.8213,0.4598
Austropotamobius_fulcisianus_pooled,local_only,3,uncalibrated,0.7904,0.3077
Austropotamobius_fulcisianus_pooled,local_only,3,platt,0.804,0.4087
Austropotamobius_fulcisianus_pooled,local_only,10,uncalibrated,0.7767,0.3489
Austropotamobius_fulcisianus_pooled,local_only,10,platt,0.7988,0.4035
Austropotamobius_fulcisianus_pooled,local_only,20,uncalibrated,0.7683,0.2852
Austropotamobius_fulcisianus_pooled,local_only,20,platt,0.7856,0.3744
Austropotamobius_fulcisianus_pooled,upstream_only,0,uncalibrated,0.7136,0.2512
Austropotamobius_fulcisianus_pooled,upstream_only,0,platt,0.7095,0.2108
Austropotamobius_fulcisianus_pooled,upstream_only,3,uncalibrated,0.6496,0.1716
Austropotamobius_fulcisianus_pooled,upstream_only,3,platt,0.6657,0.1511
Austropotamobius_fulcisianus_pooled,upstream_only,10,uncalibrated,0.6802,0.1954
Austropotamobius_fulcisianus_pooled,upstream_only,10,platt,0.6668,0.1528
Austropotamobius_fulcisianus_pooled,upstream_only,20,uncalibrated,0.6751,0.1699
Austropotamobius_fulcisianus_pooled,upstream_only,20,platt,0.6659,0.1229
Austropotamobius_fulcisianus_pooled,combined,0,uncalibrated,0.8403,0.4907
Austropotamobius_fulcisianus_pooled,combined,0,platt,0.8458,0.5315
Austropotamobius_fulcisianus_pooled,combined,3,uncalibrated,0.7968,0.3912
Austropotamobius_fulcisianus_pooled,combined,3,platt,0.8036,0.3957
Austropotamobius_fulcisianus_pooled,combined,10,uncalibrated,0.8157,0.4526
Austropotamobius_fulcisianus_pooled,combined,10,platt,0.8225,0.4404
Austropotamobius_fulcisianus_pooled,combined,20,uncalibrated,0.772,0.3518
Austropotamobius_fulcisianus_pooled,combined,20,platt,0.7788,0.3607
