entity_dir,algorithm,track,level,n_reps,n_subc,null_coverage,null_width,coverage_uncorrected,auc_cont_oos,passes_gate_contaminated,threshold,deficit_vs_null,miscovered_090,miscovered_adj,silent_090,silent_adj,local_coverage,local_width,rep0_max_abs_diff,rep0_r,local_minus_submitted,miscovered_adj_local,silent_adj_local
Astacus_astacus,random_forest,combined,3,30,14562,0.89679,0.18031,0.8764,0.8207,True,0.85195,0.02039,True,False,True,False,0.87708,0.22406,0.092,0.99838,0.00068,False,False
Astacus_astacus,random_forest,combined,10,30,14562,0.888,0.17971,0.753,0.8095,True,0.8436,0.135,True,True,True,True,0.75196,0.27248,0.06913,0.99827,-0.00104,True,True
Astacus_astacus,random_forest,combined,20,30,14562,0.8733,0.17797,0.6456,0.7773,True,0.82964,0.2277,True,True,True,True,0.64339,0.29527,0.11,0.99884,-0.00221,True,True
Astacus_astacus,random_forest,local_only,3,30,14562,0.89239,0.18084,0.8664,0.8205,True,0.84777,0.02599,True,False,True,False,0.86568,0.22352,0.028,0.99972,-0.00072,False,False
Astacus_astacus,random_forest,local_only,10,30,14562,0.88765,0.18011,0.7478,0.8097,True,0.84327,0.13985,True,True,True,True,0.74571,0.27099,0.028,0.9996,-0.00209,True,True
Astacus_astacus,random_forest,local_only,20,30,14562,0.87,0.17831,0.6415,0.7745,True,0.8265,0.2285,True,True,True,True,0.64208,0.29396,0.033,0.9996,0.00058,True,True
Astacus_astacus,random_forest,upstream_only,3,30,14562,0.94032,0.1338,0.9414,0.7236,True,0.89331,-0.00108,False,False,False,False,0.94032,0.15044,0.2295,0.99791,-0.00108,False,False
Astacus_astacus,random_forest,upstream_only,10,30,14562,0.93497,0.13138,0.4876,0.7161,True,0.88822,0.44737,True,True,True,True,0.48723,0.16914,0.2,0.99849,-0.00037,True,True
Astacus_astacus,random_forest,upstream_only,20,30,14562,0.92982,0.13593,0.4379,0.6958,False,0.88333,0.49192,True,True,False,False,0.44019,0.18061,0.27434,0.99887,0.00229,True,False
Astacus_astacus,xgboost,combined,3,30,14562,0.89974,0.19101,0.7467,0.797,True,0.85475,0.15304,True,True,True,True,0.74289,0.24776,0.37499,0.9812,-0.00381,True,True
Astacus_astacus,xgboost,combined,10,30,14562,0.90709,0.18947,0.5694,0.7876,True,0.86173,0.33769,True,True,True,True,0.5697,0.31391,0.40574,0.9722,0.0003,True,True
Astacus_astacus,xgboost,combined,20,30,14562,0.90819,0.18813,0.4921,0.7581,True,0.86278,0.41609,True,True,True,True,0.49341,0.34693,0.45192,0.97108,0.00131,True,True
Astacus_astacus,xgboost,local_only,3,30,14562,0.90413,0.19127,0.7274,0.8,True,0.85893,0.17673,True,True,True,True,0.73136,0.2469,0.4358,0.98127,0.00396,True,True
Astacus_astacus,xgboost,local_only,10,30,14562,0.91196,0.18905,0.5433,0.7923,True,0.86636,0.36866,True,True,True,True,0.54539,0.3139,0.42767,0.97348,0.00209,True,True
Astacus_astacus,xgboost,local_only,20,30,14562,0.91807,0.1874,0.4706,0.7593,True,0.87217,0.44747,True,True,True,True,0.47198,0.34749,0.44789,0.97391,0.00138,True,True
Astacus_astacus,xgboost,upstream_only,3,30,14562,0.93909,0.14649,0.9149,0.703,True,0.89213,0.02419,False,False,False,False,0.91272,0.16772,0.50749,0.98749,-0.00218,False,False
Astacus_astacus,xgboost,upstream_only,10,30,14562,0.51696,0.14448,0.4273,0.7022,True,0.49111,0.08966,True,True,True,True,0.42618,0.19546,0.38716,0.9848,-0.00112,True,True
Astacus_astacus,xgboost,upstream_only,20,30,14562,0.9474,0.14874,0.385,0.6844,False,0.9,0.5624,True,True,False,False,0.38394,0.21142,0.52422,0.98629,-0.00106,True,False
Austropotamobius_fulcisianus_pooled,random_forest,combined,3,30,12681,0.91263,0.13578,0.9144,0.8186,True,0.86699,-0.00177,False,False,False,False,0.91444,0.14409,0.012,0.99996,4e-05,False,False
Austropotamobius_fulcisianus_pooled,random_forest,combined,10,30,12681,0.90119,0.13678,0.8663,0.8088,True,0.85613,0.03489,True,False,True,False,0.86665,0.1518,0.014,0.99995,0.00035,False,False
Austropotamobius_fulcisianus_pooled,random_forest,combined,20,30,12681,0.89756,0.13643,0.7872,0.8006,True,0.85269,0.11036,True,True,True,True,0.78708,0.15673,0.012,0.99996,-0.00012,True,True
Austropotamobius_fulcisianus_pooled,random_forest,local_only,3,30,12681,0.91263,0.13578,0.9144,0.8186,True,0.86699,-0.00177,False,False,False,False,0.91444,0.14409,0.012,0.99996,4e-05,False,False
Austropotamobius_fulcisianus_pooled,random_forest,local_only,10,30,12681,0.90119,0.13678,0.8663,0.8088,True,0.85613,0.03489,True,False,True,False,0.86665,0.1518,0.014,0.99995,0.00035,False,False
Austropotamobius_fulcisianus_pooled,random_forest,local_only,20,30,12681,0.89756,0.13643,0.7872,0.8006,True,0.85269,0.11036,True,True,True,True,0.78708,0.15673,0.012,0.99996,-0.00012,True,True
Austropotamobius_fulcisianus_pooled,xgboost,combined,3,30,12681,0.92288,0.16124,0.9144,0.8272,True,0.87673,0.00848,False,False,False,False,0.9172,0.17177,0.3547,0.98877,0.0028,False,False
Austropotamobius_fulcisianus_pooled,xgboost,combined,10,30,12681,0.91539,0.16068,0.8469,0.8122,True,0.86962,0.06849,True,True,True,True,0.8534,0.178,0.42184,0.98723,0.0065,True,True
Austropotamobius_fulcisianus_pooled,xgboost,combined,20,30,12681,0.92225,0.15795,0.785,0.804,True,0.87613,0.13725,True,True,True,True,0.7859,0.1832,0.43177,0.9897,0.0009,True,True
Austropotamobius_fulcisianus_pooled,xgboost,local_only,3,30,12681,0.92288,0.16124,0.9144,0.8272,True,0.87673,0.00848,False,False,False,False,0.9172,0.17177,0.3547,0.98877,0.0028,False,False
Austropotamobius_fulcisianus_pooled,xgboost,local_only,10,30,12681,0.91539,0.16068,0.8469,0.8122,True,0.86962,0.06849,True,True,True,True,0.8534,0.178,0.42184,0.98723,0.0065,True,True
Austropotamobius_fulcisianus_pooled,xgboost,local_only,20,30,12681,0.92225,0.15795,0.785,0.804,True,0.87613,0.13725,True,True,True,True,0.7859,0.1832,0.43177,0.9897,0.0009,True,True
Austropotamobius_torrentium_pooled,random_forest,combined,3,30,11872,0.87332,0.15484,0.8843,0.8089,True,0.82965,-0.01098,True,False,True,False,0.88384,0.18592,0.044,0.99956,-0.00046,False,False
Austropotamobius_torrentium_pooled,random_forest,combined,10,30,11872,0.85487,0.15449,0.7871,0.8057,True,0.81213,0.06777,True,True,True,True,0.78892,0.22432,0.02,0.99988,0.00182,True,True
Austropotamobius_torrentium_pooled,random_forest,combined,20,30,11872,0.8707,0.15627,0.6849,0.7918,True,0.82717,0.1858,True,True,True,True,0.68531,0.24518,0.0695,0.99984,0.00041,True,True
Austropotamobius_torrentium_pooled,random_forest,local_only,3,30,11872,0.87871,0.15541,0.8843,0.8065,True,0.83477,-0.00559,True,False,True,False,0.88384,0.18525,0.016,0.99992,-0.00046,False,False
Austropotamobius_torrentium_pooled,random_forest,local_only,10,30,11872,0.86717,0.15559,0.7877,0.8036,True,0.82381,0.07947,True,True,True,True,0.78673,0.22417,0.016,0.9999,-0.00097,True,True
Austropotamobius_torrentium_pooled,random_forest,local_only,20,30,11872,0.87904,0.15652,0.6876,0.7898,True,0.83509,0.19144,True,True,True,True,0.68716,0.24391,0.018,0.99989,-0.00044,True,True
Austropotamobius_torrentium_pooled,random_forest,upstream_only,3,30,11872,0.94053,0.11403,0.9567,0.7044,True,0.89351,-0.01617,False,False,False,False,0.95569,0.12469,0.16,0.99885,-0.00101,False,False
Austropotamobius_torrentium_pooled,random_forest,upstream_only,10,30,11872,0.93733,0.11997,0.5076,0.7054,True,0.89046,0.42973,True,True,True,True,0.50884,0.14096,0.08055,0.99992,0.00124,True,True
Austropotamobius_torrentium_pooled,random_forest,upstream_only,20,30,11872,0.94146,0.12069,0.471,0.7058,True,0.89439,0.47046,True,True,True,True,0.4701,0.14894,0.29745,0.99982,-0.0009,True,True
Austropotamobius_torrentium_pooled,xgboost,combined,3,30,11872,0.87761,0.14826,0.8128,0.8003,True,0.83373,0.06481,True,True,True,True,0.80913,0.20012,0.42789,0.98638,-0.00367,True,True
Austropotamobius_torrentium_pooled,xgboost,combined,10,30,11872,0.88005,0.14848,0.6809,0.8023,True,0.83605,0.19915,True,True,True,True,0.6795,0.26882,0.46448,0.98367,-0.0014,True,True
Austropotamobius_torrentium_pooled,xgboost,combined,20,30,11872,0.8905,0.14824,0.5754,0.7912,True,0.84597,0.3151,True,True,True,True,0.57303,0.30323,0.42541,0.97996,-0.00237,True,True
Austropotamobius_torrentium_pooled,xgboost,local_only,3,30,11872,0.89269,0.14927,0.8068,0.8052,True,0.84805,0.08589,True,True,True,True,0.80778,0.20208,0.39669,0.98724,0.00098,True,True
Austropotamobius_torrentium_pooled,xgboost,local_only,10,30,11872,0.89951,0.14978,0.6646,0.8052,True,0.85454,0.23491,True,True,True,True,0.66686,0.26916,0.4657,0.98419,0.00226,True,True
Austropotamobius_torrentium_pooled,xgboost,local_only,20,30,11872,0.90313,0.14718,0.5577,0.7937,True,0.85798,0.34543,True,True,True,True,0.55585,0.30438,0.45721,0.98119,-0.00185,True,True
Austropotamobius_torrentium_pooled,xgboost,upstream_only,3,30,11872,0.9332,0.12291,0.9406,0.7022,True,0.88654,-0.0074,False,False,False,False,0.94222,0.14039,0.36539,0.9913,0.00162,False,False
Austropotamobius_torrentium_pooled,xgboost,upstream_only,10,30,11872,0.93683,0.12751,0.4692,0.7085,True,0.88998,0.46763,True,True,True,True,0.46774,0.16193,0.37376,0.99187,-0.00146,True,True
Austropotamobius_torrentium_pooled,xgboost,upstream_only,20,30,11872,0.93784,0.1293,0.4364,0.7101,True,0.89095,0.50144,True,True,True,True,0.44036,0.17603,0.46439,0.99108,0.00396,True,True
Faxonius_limosus_alien,random_forest,combined,3,30,20052,0.89747,0.25931,0.8884,0.7951,True,0.85259,0.00907,True,False,True,False,0.89068,0.28961,0.118,0.99693,0.00228,False,False
Faxonius_limosus_alien,random_forest,combined,10,30,20052,0.88794,0.25699,0.8356,0.7778,True,0.84354,0.05234,True,True,True,True,0.83563,0.31257,0.168,0.99722,3e-05,True,True
Faxonius_limosus_alien,random_forest,combined,20,30,20052,0.85857,0.25256,0.7424,0.7496,True,0.81564,0.11617,True,True,True,True,0.74426,0.31747,0.14683,0.99786,0.00186,True,True
Faxonius_limosus_alien,random_forest,local_only,3,30,20052,0.89328,0.25956,0.8899,0.7929,True,0.84861,0.00338,True,False,True,False,0.88804,0.28987,0.0452,0.99911,-0.00186,False,False
Faxonius_limosus_alien,random_forest,local_only,10,30,20052,0.8835,0.25726,0.8342,0.7756,True,0.83933,0.0493,True,True,True,True,0.83378,0.31224,0.0438,0.99919,-0.00042,True,True
Faxonius_limosus_alien,random_forest,local_only,20,30,20052,0.85004,0.25248,0.7393,0.7487,True,0.80754,0.11074,True,True,True,True,0.74052,0.31706,0.0572,0.99909,0.00122,True,True
Faxonius_limosus_alien,random_forest,upstream_only,3,30,20052,0.51112,0.18017,0.5146,0.7369,True,0.48557,-0.00348,True,False,True,False,0.51451,0.18924,0.37,0.99654,-9e-05,False,False
Faxonius_limosus_alien,random_forest,upstream_only,10,30,20052,0.92739,0.18014,0.5075,0.7221,True,0.88102,0.41989,True,True,True,True,0.50728,0.19849,0.33233,0.99683,-0.00022,True,True
Faxonius_limosus_alien,random_forest,upstream_only,20,30,20052,0.91756,0.17845,0.482,0.6972,False,0.87169,0.43556,True,True,False,False,0.4825,0.19792,0.4055,0.99751,0.0005,True,False
Faxonius_limosus_alien,xgboost,combined,3,30,20052,0.90295,0.24276,0.8396,0.787,True,0.8578,0.06335,True,True,True,True,0.84301,0.27195,0.42566,0.97648,0.00341,True,True
Faxonius_limosus_alien,xgboost,combined,10,30,20052,0.91063,0.24406,0.7115,0.7714,True,0.8651,0.19913,True,True,True,True,0.7114,0.29418,0.38034,0.97455,-0.0001,True,True
Faxonius_limosus_alien,xgboost,combined,20,30,20052,0.9047,0.24197,0.6334,0.7459,True,0.85946,0.2713,True,True,True,True,0.63595,0.29858,0.3855,0.97641,0.00255,True,True
Faxonius_limosus_alien,xgboost,local_only,3,30,20052,0.89697,0.24004,0.8239,0.7858,True,0.85212,0.07307,True,True,True,True,0.82216,0.27103,0.47908,0.97534,-0.00174,True,True
Faxonius_limosus_alien,xgboost,local_only,10,30,20052,0.90011,0.24142,0.6896,0.7699,True,0.8551,0.21051,True,True,True,True,0.69021,0.29317,0.40934,0.97455,0.00061,True,True
Faxonius_limosus_alien,xgboost,local_only,20,30,20052,0.90425,0.24034,0.6228,0.7462,True,0.85904,0.28145,True,True,True,True,0.62123,0.29859,0.36459,0.97681,-0.00157,True,True
Faxonius_limosus_alien,xgboost,upstream_only,3,30,20052,0.93572,0.17291,0.5114,0.7315,True,0.88893,0.42432,True,True,True,True,0.51167,0.18309,0.36411,0.98285,0.00027,True,True
Faxonius_limosus_alien,xgboost,upstream_only,10,30,20052,0.93921,0.17451,0.4845,0.7161,True,0.89225,0.45471,True,True,True,True,0.48778,0.19314,0.37314,0.98119,0.00328,True,True
Faxonius_limosus_alien,xgboost,upstream_only,20,30,20052,0.93731,0.17486,0.4482,0.6907,False,0.89045,0.48911,True,True,False,False,0.44734,0.19468,0.33946,0.98208,-0.00086,True,False
Pacifastacus_leniusculus_alien,random_forest,combined,3,30,37449,0.90454,0.155,0.8933,0.8641,True,0.85931,0.01124,True,False,True,False,0.89143,0.17631,0.284,0.99827,-0.00187,False,False
Pacifastacus_leniusculus_alien,random_forest,combined,10,30,37449,0.89548,0.1528,0.8339,0.8427,True,0.85071,0.06158,True,True,True,True,0.83359,0.1867,0.21,0.99886,-0.00031,True,True
Pacifastacus_leniusculus_alien,random_forest,combined,20,30,37449,0.87949,0.15074,0.7764,0.8233,True,0.83551,0.10309,True,True,True,True,0.77639,0.18933,0.211,0.9989,-1e-05,True,True
Pacifastacus_leniusculus_alien,random_forest,local_only,3,30,37449,0.90088,0.15602,0.8937,0.8609,True,0.85583,0.00718,True,False,True,False,0.89444,0.17665,0.042,0.99965,0.00074,False,False
Pacifastacus_leniusculus_alien,random_forest,local_only,10,30,37449,0.89044,0.15424,0.8321,0.8397,True,0.84592,0.05834,True,True,True,True,0.8338,0.18668,0.048,0.99958,0.0017,True,True
Pacifastacus_leniusculus_alien,random_forest,local_only,20,30,37449,0.87159,0.15212,0.7775,0.8202,True,0.82801,0.09409,True,True,True,True,0.77716,0.18949,0.048,0.99968,-0.00034,True,True
Pacifastacus_leniusculus_alien,random_forest,upstream_only,3,30,37449,0.94355,0.11021,0.5925,0.8026,True,0.89637,0.35105,True,True,True,True,0.59171,0.11817,0.404,0.99865,-0.00079,True,True
Pacifastacus_leniusculus_alien,random_forest,upstream_only,10,30,37449,0.93896,0.11125,0.5708,0.783,True,0.89201,0.36816,True,True,True,True,0.57016,0.12484,0.304,0.9991,-0.00064,True,True
Pacifastacus_leniusculus_alien,random_forest,upstream_only,20,30,37449,0.93119,0.11073,0.5407,0.765,True,0.88463,0.39049,True,True,True,True,0.54164,0.12418,0.278,0.99906,0.00094,True,True
Pacifastacus_leniusculus_alien,xgboost,combined,3,30,37449,0.89143,0.15735,0.7493,0.8681,True,0.84685,0.14213,True,True,True,True,0.7515,0.18389,0.37909,0.98244,0.0022,True,True
Pacifastacus_leniusculus_alien,xgboost,combined,10,30,37449,0.89263,0.156,0.6717,0.8448,True,0.848,0.22093,True,True,True,True,0.66173,0.19546,0.46822,0.98308,-0.00997,True,True
Pacifastacus_leniusculus_alien,xgboost,combined,20,30,37449,0.8886,0.15494,0.6214,0.8209,True,0.84417,0.2672,True,True,True,True,0.62071,0.19527,0.44539,0.9839,-0.00069,True,True
Pacifastacus_leniusculus_alien,xgboost,local_only,3,30,37449,0.90547,0.15677,0.7352,0.8636,True,0.8602,0.17027,True,True,True,True,0.74186,0.18483,0.414,0.98325,0.00666,True,True
Pacifastacus_leniusculus_alien,xgboost,local_only,10,30,37449,0.91207,0.1551,0.6419,0.839,True,0.86646,0.27017,True,True,True,True,0.63585,0.19625,0.40811,0.98288,-0.00605,True,True
Pacifastacus_leniusculus_alien,xgboost,local_only,20,30,37449,0.90625,0.1545,0.5966,0.8162,True,0.86093,0.30965,True,True,True,True,0.60239,0.19613,0.35395,0.98512,0.00579,True,True
Pacifastacus_leniusculus_alien,xgboost,upstream_only,3,30,37449,0.93976,0.11387,0.5601,0.8097,True,0.89277,0.37966,True,True,True,True,0.56074,0.12405,0.47776,0.99042,0.00064,True,True
Pacifastacus_leniusculus_alien,xgboost,upstream_only,10,30,37449,0.94125,0.11474,0.5001,0.7884,True,0.89419,0.44115,True,True,True,True,0.50009,0.13234,0.49025,0.99036,-1e-05,True,True
Pacifastacus_leniusculus_alien,xgboost,upstream_only,20,30,37449,0.94328,0.11483,0.4623,0.7693,True,0.89612,0.48098,True,True,True,True,0.46073,0.1309,0.33822,0.99054,-0.00157,True,True
Pontastacus_leptodactylus_pooled,random_forest,combined,3,30,22945,0.89484,0.21048,0.9097,0.8016,True,0.85009,-0.01486,False,False,False,False,0.90913,0.22206,0.026,0.99957,-0.00057,False,False
Pontastacus_leptodactylus_pooled,random_forest,combined,10,30,22945,0.88891,0.21107,0.9038,0.7916,True,0.84446,-0.01489,False,False,False,False,0.90377,0.23826,0.028,0.99965,-3e-05,False,False
Pontastacus_leptodactylus_pooled,random_forest,combined,20,30,22945,0.86455,0.21007,0.8661,0.7853,True,0.82132,-0.00155,True,False,True,False,0.86529,0.2454,0.03,0.99951,-0.00081,False,False
Pontastacus_leptodactylus_pooled,random_forest,local_only,3,30,22945,0.89484,0.21048,0.9097,0.8016,True,0.85009,-0.01486,False,False,False,False,0.90913,0.22206,0.026,0.99957,-0.00057,False,False
Pontastacus_leptodactylus_pooled,random_forest,local_only,10,30,22945,0.88891,0.21107,0.9038,0.7916,True,0.84446,-0.01489,False,False,False,False,0.90377,0.23826,0.028,0.99965,-3e-05,False,False
Pontastacus_leptodactylus_pooled,random_forest,local_only,20,30,22945,0.86455,0.21007,0.8661,0.7853,True,0.82132,-0.00155,True,False,True,False,0.86529,0.2454,0.03,0.99951,-0.00081,False,False
Pontastacus_leptodactylus_pooled,xgboost,combined,3,30,22945,0.8856,0.26136,0.876,0.8081,True,0.84132,0.0096,True,False,True,False,0.87514,0.28118,0.41588,0.97205,-0.00086,False,False
Pontastacus_leptodactylus_pooled,xgboost,combined,10,30,22945,0.8951,0.26058,0.8394,0.7987,True,0.85034,0.0557,True,True,True,True,0.83569,0.31089,0.4628,0.9714,-0.00371,True,True
Pontastacus_leptodactylus_pooled,xgboost,combined,20,30,22945,0.8978,0.25597,0.7715,0.7909,True,0.85291,0.1263,True,True,True,True,0.77333,0.32848,0.40781,0.96668,0.00183,True,True
Pontastacus_leptodactylus_pooled,xgboost,local_only,3,30,22945,0.8856,0.26136,0.876,0.8081,True,0.84132,0.0096,True,False,True,False,0.87514,0.28118,0.41588,0.97205,-0.00086,False,False
Pontastacus_leptodactylus_pooled,xgboost,local_only,10,30,22945,0.8951,0.26058,0.8394,0.7987,True,0.85034,0.0557,True,True,True,True,0.83569,0.31089,0.4628,0.9714,-0.00371,True,True
Pontastacus_leptodactylus_pooled,xgboost,local_only,20,30,22945,0.8978,0.25597,0.7715,0.7909,True,0.85291,0.1263,True,True,True,True,0.77333,0.32848,0.40781,0.96668,0.00183,True,True
Procambarus_clarkii_alien,random_forest,combined,3,30,48267,0.89877,0.15848,0.9097,0.9088,True,0.85383,-0.01093,False,False,False,False,0.91037,0.16937,0.044,0.9995,0.00067,False,False
Procambarus_clarkii_alien,random_forest,combined,10,30,48267,0.89119,0.1572,0.9054,0.9005,True,0.84663,-0.01421,False,False,False,False,0.90594,0.18671,0.054,0.99945,0.00054,False,False
Procambarus_clarkii_alien,random_forest,combined,20,30,48267,0.86867,0.15461,0.8817,0.8939,True,0.82523,-0.01303,True,False,True,False,0.88218,0.19751,0.05367,0.99942,0.00048,False,False
Procambarus_clarkii_alien,random_forest,local_only,3,30,48267,0.89877,0.15848,0.9097,0.9088,True,0.85383,-0.01093,False,False,False,False,0.91037,0.16937,0.044,0.9995,0.00067,False,False
Procambarus_clarkii_alien,random_forest,local_only,10,30,48267,0.89119,0.1572,0.9054,0.9005,True,0.84663,-0.01421,False,False,False,False,0.90594,0.18671,0.054,0.99945,0.00054,False,False
Procambarus_clarkii_alien,random_forest,local_only,20,30,48267,0.86867,0.15461,0.8817,0.8939,True,0.82523,-0.01303,True,False,True,False,0.88218,0.19751,0.05367,0.99942,0.00048,False,False
Procambarus_clarkii_alien,xgboost,combined,3,30,48267,0.90107,0.13526,0.8943,0.9085,True,0.85602,0.00677,True,False,True,False,0.89293,0.14284,0.37546,0.9873,-0.00137,False,False
Procambarus_clarkii_alien,xgboost,combined,10,30,48267,0.91218,0.13551,0.8568,0.8994,True,0.86657,0.05538,True,True,True,True,0.85526,0.15278,0.38475,0.98692,-0.00154,True,True
Procambarus_clarkii_alien,xgboost,combined,20,30,48267,0.91191,0.13781,0.8058,0.894,True,0.86631,0.10611,True,True,True,True,0.80264,0.16,0.40944,0.98724,-0.00316,True,True
Procambarus_clarkii_alien,xgboost,local_only,3,30,48267,0.90107,0.13526,0.8943,0.9085,True,0.85602,0.00677,True,False,True,False,0.89293,0.14284,0.37546,0.9873,-0.00137,False,False
Procambarus_clarkii_alien,xgboost,local_only,10,30,48267,0.91218,0.13551,0.8568,0.8994,True,0.86657,0.05538,True,True,True,True,0.85526,0.15278,0.38475,0.98692,-0.00154,True,True
Procambarus_clarkii_alien,xgboost,local_only,20,30,48267,0.91191,0.13781,0.8058,0.894,True,0.86631,0.10611,True,True,True,True,0.80264,0.16,0.40944,0.98724,-0.00316,True,True
Procambarus_clarkii_native,random_forest,combined,3,30,19320,0.91708,0.099,0.916,0.8218,True,0.87123,0.00108,False,False,False,False,0.9163,0.10128,0.012,0.99997,0.0003,False,False
Procambarus_clarkii_native,random_forest,combined,10,30,19320,0.9131,0.09954,0.9109,0.8156,True,0.86744,0.0022,False,False,False,False,0.91092,0.10352,0.018,0.99993,2e-05,False,False
Procambarus_clarkii_native,random_forest,combined,20,30,19320,0.91118,0.09969,0.8983,0.8307,True,0.86562,0.01288,True,False,True,False,0.8986,0.10524,0.014,0.99995,0.0003,False,False
Procambarus_clarkii_native,random_forest,local_only,3,30,19320,0.91708,0.099,0.916,0.8218,True,0.87123,0.00108,False,False,False,False,0.9163,0.10128,0.012,0.99997,0.0003,False,False
Procambarus_clarkii_native,random_forest,local_only,10,30,19320,0.9131,0.09954,0.9109,0.8156,True,0.86744,0.0022,False,False,False,False,0.91092,0.10352,0.018,0.99993,2e-05,False,False
Procambarus_clarkii_native,random_forest,local_only,20,30,19320,0.91118,0.09969,0.8983,0.8307,True,0.86562,0.01288,True,False,True,False,0.8986,0.10524,0.014,0.99995,0.0003,False,False
Procambarus_clarkii_native,xgboost,combined,3,30,19320,0.89581,0.11042,0.8982,0.8141,True,0.85102,-0.00239,True,False,True,False,0.89291,0.11231,0.4192,0.98934,-0.00529,False,False
Procambarus_clarkii_native,xgboost,combined,10,30,19320,0.90248,0.11234,0.8957,0.8127,True,0.85736,0.00678,True,False,True,False,0.89705,0.1156,0.34893,0.99098,0.00135,False,False
Procambarus_clarkii_native,xgboost,combined,20,30,19320,0.91134,0.10884,0.8784,0.8275,True,0.86577,0.03294,True,False,True,False,0.87764,0.11497,0.39579,0.99164,-0.00076,False,False
Procambarus_clarkii_native,xgboost,local_only,3,30,19320,0.89581,0.11042,0.8982,0.8141,True,0.85102,-0.00239,True,False,True,False,0.89291,0.11231,0.4192,0.98934,-0.00529,False,False
Procambarus_clarkii_native,xgboost,local_only,10,30,19320,0.90248,0.11234,0.8957,0.8127,True,0.85736,0.00678,True,False,True,False,0.89705,0.1156,0.34893,0.99098,0.00135,False,False
Procambarus_clarkii_native,xgboost,local_only,20,30,19320,0.91134,0.10884,0.8784,0.8275,True,0.86577,0.03294,True,False,True,False,0.87764,0.11497,0.39579,0.99164,-0.00076,False,False
