entity_dir,track,level,method,cov_first_order,cov_higher_order,share_first_order
Procambarus_clarkii_alien,local_only,3,uncalibrated,0.99017,0.99368,0.34779
Procambarus_clarkii_alien,local_only,10,uncalibrated,0.96569,0.9838,0.34779
Procambarus_clarkii_alien,local_only,20,uncalibrated,0.9231,0.96579,0.34779
Procambarus_clarkii_alien,local_only,3,platt,0.99047,0.99438,0.34779
Procambarus_clarkii_alien,local_only,10,platt,0.96247,0.9831,0.34779
Procambarus_clarkii_alien,local_only,20,platt,0.92202,0.9663,0.34779
Procambarus_clarkii_alien,upstream_only,3,uncalibrated,1.0,0.99454,0.34779
Procambarus_clarkii_alien,upstream_only,10,uncalibrated,1.0,0.98796,0.34779
Procambarus_clarkii_alien,upstream_only,20,uncalibrated,1.0,0.97621,0.34779
Procambarus_clarkii_alien,upstream_only,3,platt,1.0,0.99492,0.34779
Procambarus_clarkii_alien,upstream_only,10,platt,1.0,0.98828,0.34779
Procambarus_clarkii_alien,upstream_only,20,platt,1.0,0.97633,0.34779
Procambarus_clarkii_alien,combined,3,uncalibrated,0.99249,0.99447,0.34779
Procambarus_clarkii_alien,combined,10,uncalibrated,0.97188,0.98726,0.34779
Procambarus_clarkii_alien,combined,20,uncalibrated,0.93942,0.9729,0.34779
Procambarus_clarkii_alien,combined,3,platt,0.99255,0.99555,0.34779
Procambarus_clarkii_alien,combined,10,platt,0.97313,0.98764,0.34779
Procambarus_clarkii_alien,combined,20,platt,0.94365,0.97449,0.34779
Pacifastacus_leniusculus_alien,local_only,3,uncalibrated,0.95486,0.9839,0.34965
Pacifastacus_leniusculus_alien,local_only,10,uncalibrated,0.851,0.93948,0.34965
Pacifastacus_leniusculus_alien,local_only,20,uncalibrated,0.78517,0.9061,0.34965
Pacifastacus_leniusculus_alien,local_only,3,platt,0.95326,0.97619,0.34965
Pacifastacus_leniusculus_alien,local_only,10,platt,0.85932,0.93529,0.34965
Pacifastacus_leniusculus_alien,local_only,20,platt,0.78654,0.89883,0.34965
Pacifastacus_leniusculus_alien,upstream_only,3,uncalibrated,1.0,0.99117,0.34965
Pacifastacus_leniusculus_alien,upstream_only,10,uncalibrated,0.0,0.96551,0.34965
Pacifastacus_leniusculus_alien,upstream_only,20,uncalibrated,0.0,0.94083,0.34965
Pacifastacus_leniusculus_alien,upstream_only,3,platt,1.0,0.99162,0.34965
Pacifastacus_leniusculus_alien,upstream_only,10,platt,1.0,0.96592,0.34965
Pacifastacus_leniusculus_alien,upstream_only,20,platt,0.0,0.9396,0.34965
Pacifastacus_leniusculus_alien,combined,3,uncalibrated,0.93898,0.98616,0.34965
Pacifastacus_leniusculus_alien,combined,10,uncalibrated,0.82931,0.94461,0.34965
Pacifastacus_leniusculus_alien,combined,20,uncalibrated,0.76524,0.90909,0.34965
Pacifastacus_leniusculus_alien,combined,3,platt,0.95807,0.98744,0.34965
Pacifastacus_leniusculus_alien,combined,10,platt,0.85925,0.95639,0.34965
Pacifastacus_leniusculus_alien,combined,20,platt,0.78517,0.92782,0.34965
Faxonius_limosus_alien,local_only,3,uncalibrated,0.96467,0.98093,0.42205
Faxonius_limosus_alien,local_only,10,uncalibrated,0.86482,0.93874,0.42205
Faxonius_limosus_alien,local_only,20,uncalibrated,0.77337,0.89223,0.42205
Faxonius_limosus_alien,local_only,3,platt,0.95746,0.97903,0.42205
Faxonius_limosus_alien,local_only,10,platt,0.86081,0.93968,0.42205
Faxonius_limosus_alien,local_only,20,platt,0.75611,0.88972,0.42205
Faxonius_limosus_alien,upstream_only,3,uncalibrated,1.0,0.9698,0.42205
Faxonius_limosus_alien,upstream_only,10,uncalibrated,0.0,0.94443,0.42205
Faxonius_limosus_alien,upstream_only,20,uncalibrated,0.0,0.88929,0.42205
Faxonius_limosus_alien,upstream_only,3,platt,1.0,0.97014,0.42205
Faxonius_limosus_alien,upstream_only,10,platt,1.0,0.94659,0.42205
Faxonius_limosus_alien,upstream_only,20,platt,0.0,0.89412,0.42205
Faxonius_limosus_alien,combined,3,uncalibrated,0.96124,0.98386,0.42205
Faxonius_limosus_alien,combined,10,uncalibrated,0.84899,0.95289,0.42205
Faxonius_limosus_alien,combined,20,uncalibrated,0.73461,0.90767,0.42205
Faxonius_limosus_alien,combined,3,platt,0.96656,0.98309,0.42205
Faxonius_limosus_alien,combined,10,platt,0.86943,0.95668,0.42205
Faxonius_limosus_alien,combined,20,platt,0.77254,0.90888,0.42205
Astacus_astacus,local_only,3,uncalibrated,0.96014,0.98558,0.42384
Astacus_astacus,local_only,10,uncalibrated,0.75567,0.89869,0.42384
Astacus_astacus,local_only,20,uncalibrated,0.58085,0.81728,0.42384
Astacus_astacus,local_only,3,platt,0.94362,0.98701,0.42384
Astacus_astacus,local_only,10,platt,0.70431,0.90238,0.42384
Astacus_astacus,local_only,20,platt,0.52301,0.80656,0.42384
Astacus_astacus,upstream_only,3,uncalibrated,1.0,0.99356,0.42384
Astacus_astacus,upstream_only,10,uncalibrated,0.0,0.95006,0.42384
Astacus_astacus,upstream_only,20,uncalibrated,0.0,0.85959,0.42384
Astacus_astacus,upstream_only,3,platt,1.0,0.99499,0.42384
Astacus_astacus,upstream_only,10,platt,0.0,0.9379,0.42384
Astacus_astacus,upstream_only,20,platt,0.0,0.83647,0.42384
Astacus_astacus,combined,3,uncalibrated,0.93714,0.98892,0.42384
Astacus_astacus,combined,10,uncalibrated,0.69119,0.91645,0.42384
Astacus_astacus,combined,20,uncalibrated,0.52511,0.81728,0.42384
Astacus_astacus,combined,3,platt,0.93454,0.98701,0.42384
Astacus_astacus,combined,10,platt,0.66802,0.89344,0.42384
Astacus_astacus,combined,20,platt,0.49044,0.79559,0.42384
Procambarus_clarkii_native,local_only,3,uncalibrated,0.99895,0.99846,0.29513
Procambarus_clarkii_native,local_only,10,uncalibrated,0.99386,0.99581,0.29513
Procambarus_clarkii_native,local_only,20,uncalibrated,0.98825,0.99222,0.29513
Procambarus_clarkii_native,local_only,3,platt,0.9979,0.99875,0.29513
Procambarus_clarkii_native,local_only,10,platt,0.99158,0.99449,0.29513
Procambarus_clarkii_native,local_only,20,platt,0.98281,0.99031,0.29513
Procambarus_clarkii_native,upstream_only,3,uncalibrated,1.0,0.99853,0.29513
Procambarus_clarkii_native,upstream_only,10,uncalibrated,1.0,0.99449,0.29513
Procambarus_clarkii_native,upstream_only,20,uncalibrated,1.0,0.99273,0.29513
Procambarus_clarkii_native,upstream_only,3,platt,1.0,0.99941,0.29513
Procambarus_clarkii_native,upstream_only,10,platt,1.0,0.99699,0.29513
Procambarus_clarkii_native,upstream_only,20,platt,1.0,0.99515,0.29513
Procambarus_clarkii_native,combined,3,uncalibrated,0.99895,0.99868,0.29513
Procambarus_clarkii_native,combined,10,uncalibrated,0.99544,0.9953,0.29513
Procambarus_clarkii_native,combined,20,uncalibrated,0.98878,0.9928,0.29513
Procambarus_clarkii_native,combined,3,platt,0.99842,0.99883,0.29513
Procambarus_clarkii_native,combined,10,platt,0.99562,0.99589,0.29513
Procambarus_clarkii_native,combined,20,platt,0.9865,0.99207,0.29513
Pontastacus_leptodactylus_pooled,local_only,3,uncalibrated,0.98814,0.98972,0.38945
Pontastacus_leptodactylus_pooled,local_only,10,uncalibrated,0.94942,0.96888,0.38945
Pontastacus_leptodactylus_pooled,local_only,20,uncalibrated,0.89156,0.94368,0.38945
Pontastacus_leptodactylus_pooled,local_only,3,platt,0.99116,0.99286,0.38945
Pontastacus_leptodactylus_pooled,local_only,10,platt,0.94416,0.97573,0.38945
Pontastacus_leptodactylus_pooled,local_only,20,platt,0.8778,0.94282,0.38945
Pontastacus_leptodactylus_pooled,upstream_only,3,uncalibrated,1.0,0.99165,0.38945
Pontastacus_leptodactylus_pooled,upstream_only,10,uncalibrated,1.0,0.97444,0.38945
Pontastacus_leptodactylus_pooled,upstream_only,20,uncalibrated,0.0,0.9496,0.38945
Pontastacus_leptodactylus_pooled,upstream_only,3,platt,1.0,0.99036,0.38945
Pontastacus_leptodactylus_pooled,upstream_only,10,platt,1.0,0.97059,0.38945
Pontastacus_leptodactylus_pooled,upstream_only,20,platt,0.0,0.94361,0.38945
Pontastacus_leptodactylus_pooled,combined,3,uncalibrated,0.98277,0.99172,0.38945
Pontastacus_leptodactylus_pooled,combined,10,uncalibrated,0.94393,0.9753,0.38945
Pontastacus_leptodactylus_pooled,combined,20,uncalibrated,0.87433,0.94475,0.38945
Pontastacus_leptodactylus_pooled,combined,3,platt,0.98668,0.99229,0.38945
Pontastacus_leptodactylus_pooled,combined,10,platt,0.9502,0.96709,0.38945
Pontastacus_leptodactylus_pooled,combined,20,platt,0.87925,0.93675,0.38945
Austropotamobius_torrentium_pooled,local_only,3,uncalibrated,0.97981,0.98726,0.43809
Austropotamobius_torrentium_pooled,local_only,10,uncalibrated,0.90079,0.93974,0.43809
Austropotamobius_torrentium_pooled,local_only,20,uncalibrated,0.78562,0.90106,0.43809
Austropotamobius_torrentium_pooled,local_only,3,platt,0.97981,0.98786,0.43809
Austropotamobius_torrentium_pooled,local_only,10,platt,0.87118,0.93404,0.43809
Austropotamobius_torrentium_pooled,local_only,20,platt,0.72832,0.88188,0.43809
Austropotamobius_torrentium_pooled,upstream_only,3,uncalibrated,1.0,0.99011,0.43809
Austropotamobius_torrentium_pooled,upstream_only,10,uncalibrated,1.0,0.95698,0.43809
Austropotamobius_torrentium_pooled,upstream_only,20,uncalibrated,0.0,0.9255,0.43809
Austropotamobius_torrentium_pooled,upstream_only,3,platt,1.0,0.98771,0.43809
Austropotamobius_torrentium_pooled,upstream_only,10,platt,1.0,0.94813,0.43809
Austropotamobius_torrentium_pooled,upstream_only,20,platt,0.0,0.9207,0.43809
Austropotamobius_torrentium_pooled,combined,3,uncalibrated,0.9777,0.98906,0.43809
Austropotamobius_torrentium_pooled,combined,10,uncalibrated,0.90213,0.94499,0.43809
Austropotamobius_torrentium_pooled,combined,20,uncalibrated,0.78427,0.90451,0.43809
Austropotamobius_torrentium_pooled,combined,3,platt,0.97385,0.98756,0.43809
Austropotamobius_torrentium_pooled,combined,10,platt,0.87156,0.9285,0.43809
Austropotamobius_torrentium_pooled,combined,20,platt,0.72563,0.88667,0.43809
Austropotamobius_fulcisianus_pooled,local_only,3,uncalibrated,0.99527,0.99582,0.43372
Austropotamobius_fulcisianus_pooled,local_only,10,uncalibrated,0.98727,0.9883,0.43372
Austropotamobius_fulcisianus_pooled,local_only,20,uncalibrated,0.96527,0.97466,0.43372
Austropotamobius_fulcisianus_pooled,local_only,3,platt,0.994,0.99735,0.43372
Austropotamobius_fulcisianus_pooled,local_only,10,platt,0.98364,0.99053,0.43372
Austropotamobius_fulcisianus_pooled,local_only,20,platt,0.96691,0.98162,0.43372
Austropotamobius_fulcisianus_pooled,upstream_only,3,uncalibrated,1.0,0.99499,0.43372
Austropotamobius_fulcisianus_pooled,upstream_only,10,uncalibrated,1.0,0.97285,0.43372
Austropotamobius_fulcisianus_pooled,upstream_only,20,uncalibrated,1.0,0.95725,0.43372
Austropotamobius_fulcisianus_pooled,upstream_only,3,platt,1.0,0.99568,0.43372
Austropotamobius_fulcisianus_pooled,upstream_only,10,platt,1.0,0.9773,0.43372
Austropotamobius_fulcisianus_pooled,upstream_only,20,platt,1.0,0.96143,0.43372
Austropotamobius_fulcisianus_pooled,combined,3,uncalibrated,0.998,0.99708,0.43372
Austropotamobius_fulcisianus_pooled,combined,10,uncalibrated,0.98636,0.99053,0.43372
Austropotamobius_fulcisianus_pooled,combined,20,uncalibrated,0.966,0.97619,0.43372
Austropotamobius_fulcisianus_pooled,combined,3,platt,0.99673,0.99596,0.43372
Austropotamobius_fulcisianus_pooled,combined,10,platt,0.98164,0.98496,0.43372
Austropotamobius_fulcisianus_pooled,combined,20,platt,0.96527,0.9709,0.43372
