entity_dir,track,method,mean_pearson,mean_spearman
Procambarus_clarkii_alien,local_only,uncalibrated,0.7785,0.804
Procambarus_clarkii_alien,local_only,platt,0.7731,0.804
Procambarus_clarkii_alien,upstream_only,uncalibrated,0.7711,0.7936
Procambarus_clarkii_alien,upstream_only,platt,0.7693,0.7936
Procambarus_clarkii_alien,combined,uncalibrated,0.6408,0.6983
Procambarus_clarkii_alien,combined,platt,0.6369,0.6983
Pacifastacus_leniusculus_alien,local_only,uncalibrated,0.6869,0.7826
Pacifastacus_leniusculus_alien,local_only,platt,0.6696,0.7826
Pacifastacus_leniusculus_alien,upstream_only,uncalibrated,0.5993,0.6309
Pacifastacus_leniusculus_alien,upstream_only,platt,0.5948,0.6309
Pacifastacus_leniusculus_alien,combined,uncalibrated,0.7118,0.787
Pacifastacus_leniusculus_alien,combined,platt,0.6862,0.787
Faxonius_limosus_alien,local_only,uncalibrated,0.5559,0.5638
Faxonius_limosus_alien,local_only,platt,0.5617,0.5638
Faxonius_limosus_alien,upstream_only,uncalibrated,0.3999,0.3891
Faxonius_limosus_alien,upstream_only,platt,0.3605,0.3891
Faxonius_limosus_alien,combined,uncalibrated,0.5749,0.6091
Faxonius_limosus_alien,combined,platt,0.5476,0.6091
Astacus_astacus,local_only,uncalibrated,0.685,0.6979
Astacus_astacus,local_only,platt,0.7101,0.6979
Astacus_astacus,upstream_only,uncalibrated,0.6728,0.6836
Astacus_astacus,upstream_only,platt,0.7058,0.6836
Astacus_astacus,combined,uncalibrated,0.6872,0.7181
Astacus_astacus,combined,platt,0.717,0.7181
Procambarus_clarkii_native,local_only,uncalibrated,0.6352,0.4176
Procambarus_clarkii_native,local_only,platt,0.64,0.4176
Procambarus_clarkii_native,upstream_only,uncalibrated,0.8081,0.7514
Procambarus_clarkii_native,upstream_only,platt,0.7939,0.7514
Procambarus_clarkii_native,combined,uncalibrated,0.5297,0.3918
Procambarus_clarkii_native,combined,platt,0.5409,0.3918
Pontastacus_leptodactylus_pooled,local_only,uncalibrated,0.6035,0.613
Pontastacus_leptodactylus_pooled,local_only,platt,0.6064,0.613
Pontastacus_leptodactylus_pooled,upstream_only,uncalibrated,0.6295,0.6331
Pontastacus_leptodactylus_pooled,upstream_only,platt,0.6396,0.6331
Pontastacus_leptodactylus_pooled,combined,uncalibrated,0.5819,0.586
Pontastacus_leptodactylus_pooled,combined,platt,0.589,0.586
Austropotamobius_torrentium_pooled,local_only,uncalibrated,0.5759,0.6234
Austropotamobius_torrentium_pooled,local_only,platt,0.5902,0.6234
Austropotamobius_torrentium_pooled,upstream_only,uncalibrated,0.5518,0.578
Austropotamobius_torrentium_pooled,upstream_only,platt,-0.004,0.0409
Austropotamobius_torrentium_pooled,combined,uncalibrated,0.5645,0.571
Austropotamobius_torrentium_pooled,combined,platt,0.562,0.571
Austropotamobius_fulcisianus_pooled,local_only,uncalibrated,0.6069,0.6042
Austropotamobius_fulcisianus_pooled,local_only,platt,0.5856,0.6042
Austropotamobius_fulcisianus_pooled,upstream_only,uncalibrated,0.7518,0.7754
Austropotamobius_fulcisianus_pooled,upstream_only,platt,0.6627,0.7754
Austropotamobius_fulcisianus_pooled,combined,uncalibrated,0.6918,0.7154
Austropotamobius_fulcisianus_pooled,combined,platt,0.6715,0.7154
