entity_dir,algorithm,track,level,n_reps,n_subc,null_coverage,null_width,coverage_uncorrected,auc_cont_oos,passes_gate_contaminated,threshold,deficit_vs_null,miscovered_090,miscovered_adj,silent_090,silent_adj
Astacus_astacus,random_forest,combined,3,30,14562,0.89679,0.18031,0.8764,0.8207,True,0.85195,0.02039,True,False,True,False
Astacus_astacus,random_forest,combined,10,30,14562,0.888,0.17971,0.753,0.8095,True,0.8436,0.135,True,True,True,True
Astacus_astacus,random_forest,combined,20,30,14562,0.8733,0.17797,0.6456,0.7773,True,0.82964,0.2277,True,True,True,True
Astacus_astacus,random_forest,local_only,3,30,14562,0.89239,0.18084,0.8664,0.8205,True,0.84777,0.02599,True,False,True,False
Astacus_astacus,random_forest,local_only,10,30,14562,0.88765,0.18011,0.7478,0.8097,True,0.84327,0.13985,True,True,True,True
Astacus_astacus,random_forest,local_only,20,30,14562,0.87,0.17831,0.6415,0.7745,True,0.8265,0.2285,True,True,True,True
Astacus_astacus,random_forest,upstream_only,3,30,14562,0.94032,0.1338,0.9414,0.7236,True,0.89331,-0.00108,False,False,False,False
Astacus_astacus,random_forest,upstream_only,10,30,14562,0.93497,0.13138,0.4876,0.7161,True,0.88822,0.44737,True,True,True,True
Astacus_astacus,random_forest,upstream_only,20,30,14562,0.92982,0.13593,0.4379,0.6958,False,0.88333,0.49192,True,True,False,False
Astacus_astacus,xgboost,combined,3,30,14562,0.89974,0.19101,0.7467,0.797,True,0.85475,0.15304,True,True,True,True
Astacus_astacus,xgboost,combined,10,30,14562,0.90709,0.18947,0.5694,0.7876,True,0.86173,0.33769,True,True,True,True
Astacus_astacus,xgboost,combined,20,30,14562,0.90819,0.18813,0.4921,0.7581,True,0.86278,0.41609,True,True,True,True
Astacus_astacus,xgboost,local_only,3,30,14562,0.90413,0.19127,0.7274,0.8,True,0.85893,0.17673,True,True,True,True
Astacus_astacus,xgboost,local_only,10,30,14562,0.91196,0.18905,0.5433,0.7923,True,0.86636,0.36866,True,True,True,True
Astacus_astacus,xgboost,local_only,20,30,14562,0.91807,0.1874,0.4706,0.7593,True,0.87217,0.44747,True,True,True,True
Astacus_astacus,xgboost,upstream_only,3,30,14562,0.93909,0.14649,0.9149,0.703,True,0.89213,0.02419,False,False,False,False
Astacus_astacus,xgboost,upstream_only,10,30,14562,0.51696,0.14448,0.4273,0.7022,True,0.49111,0.08966,True,True,True,True
Astacus_astacus,xgboost,upstream_only,20,30,14562,0.9474,0.14874,0.385,0.6844,False,0.9,0.5624,True,True,False,False
Austropotamobius_fulcisianus_pooled,random_forest,combined,3,30,12681,0.91263,0.13578,0.9144,0.8186,True,0.86699,-0.00177,False,False,False,False
Austropotamobius_fulcisianus_pooled,random_forest,combined,10,30,12681,0.90119,0.13678,0.8663,0.8088,True,0.85613,0.03489,True,False,True,False
Austropotamobius_fulcisianus_pooled,random_forest,combined,20,30,12681,0.89756,0.13643,0.7872,0.8006,True,0.85269,0.11036,True,True,True,True
Austropotamobius_fulcisianus_pooled,random_forest,local_only,3,30,12681,0.91263,0.13578,0.9144,0.8186,True,0.86699,-0.00177,False,False,False,False
Austropotamobius_fulcisianus_pooled,random_forest,local_only,10,30,12681,0.90119,0.13678,0.8663,0.8088,True,0.85613,0.03489,True,False,True,False
Austropotamobius_fulcisianus_pooled,random_forest,local_only,20,30,12681,0.89756,0.13643,0.7872,0.8006,True,0.85269,0.11036,True,True,True,True
Austropotamobius_fulcisianus_pooled,xgboost,combined,3,30,12681,0.92288,0.16124,0.9144,0.8272,True,0.87673,0.00848,False,False,False,False
Austropotamobius_fulcisianus_pooled,xgboost,combined,10,30,12681,0.91539,0.16068,0.8469,0.8122,True,0.86962,0.06849,True,True,True,True
Austropotamobius_fulcisianus_pooled,xgboost,combined,20,30,12681,0.92225,0.15795,0.785,0.804,True,0.87613,0.13725,True,True,True,True
Austropotamobius_fulcisianus_pooled,xgboost,local_only,3,30,12681,0.92288,0.16124,0.9144,0.8272,True,0.87673,0.00848,False,False,False,False
Austropotamobius_fulcisianus_pooled,xgboost,local_only,10,30,12681,0.91539,0.16068,0.8469,0.8122,True,0.86962,0.06849,True,True,True,True
Austropotamobius_fulcisianus_pooled,xgboost,local_only,20,30,12681,0.92225,0.15795,0.785,0.804,True,0.87613,0.13725,True,True,True,True
Austropotamobius_torrentium_pooled,random_forest,combined,3,30,11872,0.87332,0.15484,0.8843,0.8089,True,0.82965,-0.01098,True,False,True,False
Austropotamobius_torrentium_pooled,random_forest,combined,10,30,11872,0.85487,0.15449,0.7871,0.8057,True,0.81213,0.06777,True,True,True,True
Austropotamobius_torrentium_pooled,random_forest,combined,20,30,11872,0.8707,0.15627,0.6849,0.7918,True,0.82717,0.1858,True,True,True,True
Austropotamobius_torrentium_pooled,random_forest,local_only,3,30,11872,0.87871,0.15541,0.8843,0.8065,True,0.83477,-0.00559,True,False,True,False
Austropotamobius_torrentium_pooled,random_forest,local_only,10,30,11872,0.86717,0.15559,0.7877,0.8036,True,0.82381,0.07947,True,True,True,True
Austropotamobius_torrentium_pooled,random_forest,local_only,20,30,11872,0.87904,0.15652,0.6876,0.7898,True,0.83509,0.19144,True,True,True,True
Austropotamobius_torrentium_pooled,random_forest,upstream_only,3,30,11872,0.94053,0.11403,0.9567,0.7044,True,0.89351,-0.01617,False,False,False,False
Austropotamobius_torrentium_pooled,random_forest,upstream_only,10,30,11872,0.93733,0.11997,0.5076,0.7054,True,0.89046,0.42973,True,True,True,True
Austropotamobius_torrentium_pooled,random_forest,upstream_only,20,30,11872,0.94146,0.12069,0.471,0.7058,True,0.89439,0.47046,True,True,True,True
Austropotamobius_torrentium_pooled,xgboost,combined,3,30,11872,0.87761,0.14826,0.8128,0.8003,True,0.83373,0.06481,True,True,True,True
Austropotamobius_torrentium_pooled,xgboost,combined,10,30,11872,0.88005,0.14848,0.6809,0.8023,True,0.83605,0.19915,True,True,True,True
Austropotamobius_torrentium_pooled,xgboost,combined,20,30,11872,0.8905,0.14824,0.5754,0.7912,True,0.84597,0.3151,True,True,True,True
Austropotamobius_torrentium_pooled,xgboost,local_only,3,30,11872,0.89269,0.14927,0.8068,0.8052,True,0.84805,0.08589,True,True,True,True
Austropotamobius_torrentium_pooled,xgboost,local_only,10,30,11872,0.89951,0.14978,0.6646,0.8052,True,0.85454,0.23491,True,True,True,True
Austropotamobius_torrentium_pooled,xgboost,local_only,20,30,11872,0.90313,0.14718,0.5577,0.7937,True,0.85798,0.34543,True,True,True,True
Austropotamobius_torrentium_pooled,xgboost,upstream_only,3,30,11872,0.9332,0.12291,0.9406,0.7022,True,0.88654,-0.0074,False,False,False,False
Austropotamobius_torrentium_pooled,xgboost,upstream_only,10,30,11872,0.93683,0.12751,0.4692,0.7085,True,0.88998,0.46763,True,True,True,True
Austropotamobius_torrentium_pooled,xgboost,upstream_only,20,30,11872,0.93784,0.1293,0.4364,0.7101,True,0.89095,0.50144,True,True,True,True
Faxonius_limosus_alien,random_forest,combined,3,30,20052,0.89747,0.25931,0.8884,0.7951,True,0.85259,0.00907,True,False,True,False
Faxonius_limosus_alien,random_forest,combined,10,30,20052,0.88794,0.25699,0.8356,0.7778,True,0.84354,0.05234,True,True,True,True
Faxonius_limosus_alien,random_forest,combined,20,30,20052,0.85857,0.25256,0.7424,0.7496,True,0.81564,0.11617,True,True,True,True
Faxonius_limosus_alien,random_forest,local_only,3,30,20052,0.89328,0.25956,0.8899,0.7929,True,0.84861,0.00338,True,False,True,False
Faxonius_limosus_alien,random_forest,local_only,10,30,20052,0.8835,0.25726,0.8342,0.7756,True,0.83933,0.0493,True,True,True,True
Faxonius_limosus_alien,random_forest,local_only,20,30,20052,0.85004,0.25248,0.7393,0.7487,True,0.80754,0.11074,True,True,True,True
Faxonius_limosus_alien,random_forest,upstream_only,3,30,20052,0.51112,0.18017,0.5146,0.7369,True,0.48557,-0.00348,True,False,True,False
Faxonius_limosus_alien,random_forest,upstream_only,10,30,20052,0.92739,0.18014,0.5075,0.7221,True,0.88102,0.41989,True,True,True,True
Faxonius_limosus_alien,random_forest,upstream_only,20,30,20052,0.91756,0.17845,0.482,0.6972,False,0.87169,0.43556,True,True,False,False
Faxonius_limosus_alien,xgboost,combined,3,30,20052,0.90295,0.24276,0.8396,0.787,True,0.8578,0.06335,True,True,True,True
Faxonius_limosus_alien,xgboost,combined,10,30,20052,0.91063,0.24406,0.7115,0.7714,True,0.8651,0.19913,True,True,True,True
Faxonius_limosus_alien,xgboost,combined,20,30,20052,0.9047,0.24197,0.6334,0.7459,True,0.85946,0.2713,True,True,True,True
Faxonius_limosus_alien,xgboost,local_only,3,30,20052,0.89697,0.24004,0.8239,0.7858,True,0.85212,0.07307,True,True,True,True
Faxonius_limosus_alien,xgboost,local_only,10,30,20052,0.90011,0.24142,0.6896,0.7699,True,0.8551,0.21051,True,True,True,True
Faxonius_limosus_alien,xgboost,local_only,20,30,20052,0.90425,0.24034,0.6228,0.7462,True,0.85904,0.28145,True,True,True,True
Faxonius_limosus_alien,xgboost,upstream_only,3,30,20052,0.93572,0.17291,0.5114,0.7315,True,0.88893,0.42432,True,True,True,True
Faxonius_limosus_alien,xgboost,upstream_only,10,30,20052,0.93921,0.17451,0.4845,0.7161,True,0.89225,0.45471,True,True,True,True
Faxonius_limosus_alien,xgboost,upstream_only,20,30,20052,0.93731,0.17486,0.4482,0.6907,False,0.89045,0.48911,True,True,False,False
Pacifastacus_leniusculus_alien,random_forest,combined,3,30,37449,0.90454,0.155,0.8933,0.8641,True,0.85931,0.01124,True,False,True,False
Pacifastacus_leniusculus_alien,random_forest,combined,10,30,37449,0.89548,0.1528,0.8339,0.8427,True,0.85071,0.06158,True,True,True,True
Pacifastacus_leniusculus_alien,random_forest,combined,20,30,37449,0.87949,0.15074,0.7764,0.8233,True,0.83551,0.10309,True,True,True,True
Pacifastacus_leniusculus_alien,random_forest,local_only,3,30,37449,0.90088,0.15602,0.8937,0.8609,True,0.85583,0.00718,True,False,True,False
Pacifastacus_leniusculus_alien,random_forest,local_only,10,30,37449,0.89044,0.15424,0.8321,0.8397,True,0.84592,0.05834,True,True,True,True
Pacifastacus_leniusculus_alien,random_forest,local_only,20,30,37449,0.87159,0.15212,0.7775,0.8202,True,0.82801,0.09409,True,True,True,True
Pacifastacus_leniusculus_alien,random_forest,upstream_only,3,30,37449,0.94355,0.11021,0.5925,0.8026,True,0.89637,0.35105,True,True,True,True
Pacifastacus_leniusculus_alien,random_forest,upstream_only,10,30,37449,0.93896,0.11125,0.5708,0.783,True,0.89201,0.36816,True,True,True,True
Pacifastacus_leniusculus_alien,random_forest,upstream_only,20,30,37449,0.93119,0.11073,0.5407,0.765,True,0.88463,0.39049,True,True,True,True
Pacifastacus_leniusculus_alien,xgboost,combined,3,30,37449,0.89143,0.15735,0.7493,0.8681,True,0.84685,0.14213,True,True,True,True
Pacifastacus_leniusculus_alien,xgboost,combined,10,30,37449,0.89263,0.156,0.6717,0.8448,True,0.848,0.22093,True,True,True,True
Pacifastacus_leniusculus_alien,xgboost,combined,20,30,37449,0.8886,0.15494,0.6214,0.8209,True,0.84417,0.2672,True,True,True,True
Pacifastacus_leniusculus_alien,xgboost,local_only,3,30,37449,0.90547,0.15677,0.7352,0.8636,True,0.8602,0.17027,True,True,True,True
Pacifastacus_leniusculus_alien,xgboost,local_only,10,30,37449,0.91207,0.1551,0.6419,0.839,True,0.86646,0.27017,True,True,True,True
Pacifastacus_leniusculus_alien,xgboost,local_only,20,30,37449,0.90625,0.1545,0.5966,0.8162,True,0.86093,0.30965,True,True,True,True
Pacifastacus_leniusculus_alien,xgboost,upstream_only,3,30,37449,0.93976,0.11387,0.5601,0.8097,True,0.89277,0.37966,True,True,True,True
Pacifastacus_leniusculus_alien,xgboost,upstream_only,10,30,37449,0.94125,0.11474,0.5001,0.7884,True,0.89419,0.44115,True,True,True,True
Pacifastacus_leniusculus_alien,xgboost,upstream_only,20,30,37449,0.94328,0.11483,0.4623,0.7693,True,0.89612,0.48098,True,True,True,True
Pontastacus_leptodactylus_pooled,random_forest,combined,3,30,22945,0.89484,0.21048,0.9097,0.8016,True,0.85009,-0.01486,False,False,False,False
Pontastacus_leptodactylus_pooled,random_forest,combined,10,30,22945,0.88891,0.21107,0.9038,0.7916,True,0.84446,-0.01489,False,False,False,False
Pontastacus_leptodactylus_pooled,random_forest,combined,20,30,22945,0.86455,0.21007,0.8661,0.7853,True,0.82132,-0.00155,True,False,True,False
Pontastacus_leptodactylus_pooled,random_forest,local_only,3,30,22945,0.89484,0.21048,0.9097,0.8016,True,0.85009,-0.01486,False,False,False,False
Pontastacus_leptodactylus_pooled,random_forest,local_only,10,30,22945,0.88891,0.21107,0.9038,0.7916,True,0.84446,-0.01489,False,False,False,False
Pontastacus_leptodactylus_pooled,random_forest,local_only,20,30,22945,0.86455,0.21007,0.8661,0.7853,True,0.82132,-0.00155,True,False,True,False
Pontastacus_leptodactylus_pooled,xgboost,combined,3,30,22945,0.8856,0.26136,0.876,0.8081,True,0.84132,0.0096,True,False,True,False
Pontastacus_leptodactylus_pooled,xgboost,combined,10,30,22945,0.8951,0.26058,0.8394,0.7987,True,0.85034,0.0557,True,True,True,True
Pontastacus_leptodactylus_pooled,xgboost,combined,20,30,22945,0.8978,0.25597,0.7715,0.7909,True,0.85291,0.1263,True,True,True,True
Pontastacus_leptodactylus_pooled,xgboost,local_only,3,30,22945,0.8856,0.26136,0.876,0.8081,True,0.84132,0.0096,True,False,True,False
Pontastacus_leptodactylus_pooled,xgboost,local_only,10,30,22945,0.8951,0.26058,0.8394,0.7987,True,0.85034,0.0557,True,True,True,True
Pontastacus_leptodactylus_pooled,xgboost,local_only,20,30,22945,0.8978,0.25597,0.7715,0.7909,True,0.85291,0.1263,True,True,True,True
Procambarus_clarkii_alien,random_forest,combined,3,30,48267,0.89877,0.15848,0.9097,0.9088,True,0.85383,-0.01093,False,False,False,False
Procambarus_clarkii_alien,random_forest,combined,10,30,48267,0.89119,0.1572,0.9054,0.9005,True,0.84663,-0.01421,False,False,False,False
Procambarus_clarkii_alien,random_forest,combined,20,30,48267,0.86867,0.15461,0.8817,0.8939,True,0.82523,-0.01303,True,False,True,False
Procambarus_clarkii_alien,random_forest,local_only,3,30,48267,0.89877,0.15848,0.9097,0.9088,True,0.85383,-0.01093,False,False,False,False
Procambarus_clarkii_alien,random_forest,local_only,10,30,48267,0.89119,0.1572,0.9054,0.9005,True,0.84663,-0.01421,False,False,False,False
Procambarus_clarkii_alien,random_forest,local_only,20,30,48267,0.86867,0.15461,0.8817,0.8939,True,0.82523,-0.01303,True,False,True,False
Procambarus_clarkii_alien,xgboost,combined,3,30,48267,0.90107,0.13526,0.8943,0.9085,True,0.85602,0.00677,True,False,True,False
Procambarus_clarkii_alien,xgboost,combined,10,30,48267,0.91218,0.13551,0.8568,0.8994,True,0.86657,0.05538,True,True,True,True
Procambarus_clarkii_alien,xgboost,combined,20,30,48267,0.91191,0.13781,0.8058,0.894,True,0.86631,0.10611,True,True,True,True
Procambarus_clarkii_alien,xgboost,local_only,3,30,48267,0.90107,0.13526,0.8943,0.9085,True,0.85602,0.00677,True,False,True,False
Procambarus_clarkii_alien,xgboost,local_only,10,30,48267,0.91218,0.13551,0.8568,0.8994,True,0.86657,0.05538,True,True,True,True
Procambarus_clarkii_alien,xgboost,local_only,20,30,48267,0.91191,0.13781,0.8058,0.894,True,0.86631,0.10611,True,True,True,True
Procambarus_clarkii_native,random_forest,combined,3,30,19320,0.91708,0.099,0.916,0.8218,True,0.87123,0.00108,False,False,False,False
Procambarus_clarkii_native,random_forest,combined,10,30,19320,0.9131,0.09954,0.9109,0.8156,True,0.86744,0.0022,False,False,False,False
Procambarus_clarkii_native,random_forest,combined,20,30,19320,0.91118,0.09969,0.8983,0.8307,True,0.86562,0.01288,True,False,True,False
Procambarus_clarkii_native,random_forest,local_only,3,30,19320,0.91708,0.099,0.916,0.8218,True,0.87123,0.00108,False,False,False,False
Procambarus_clarkii_native,random_forest,local_only,10,30,19320,0.9131,0.09954,0.9109,0.8156,True,0.86744,0.0022,False,False,False,False
Procambarus_clarkii_native,random_forest,local_only,20,30,19320,0.91118,0.09969,0.8983,0.8307,True,0.86562,0.01288,True,False,True,False
Procambarus_clarkii_native,xgboost,combined,3,30,19320,0.89581,0.11042,0.8982,0.8141,True,0.85102,-0.00239,True,False,True,False
Procambarus_clarkii_native,xgboost,combined,10,30,19320,0.90248,0.11234,0.8957,0.8127,True,0.85736,0.00678,True,False,True,False
Procambarus_clarkii_native,xgboost,combined,20,30,19320,0.91134,0.10884,0.8784,0.8275,True,0.86577,0.03294,True,False,True,False
Procambarus_clarkii_native,xgboost,local_only,3,30,19320,0.89581,0.11042,0.8982,0.8141,True,0.85102,-0.00239,True,False,True,False
Procambarus_clarkii_native,xgboost,local_only,10,30,19320,0.90248,0.11234,0.8957,0.8127,True,0.85736,0.00678,True,False,True,False
Procambarus_clarkii_native,xgboost,local_only,20,30,19320,0.91134,0.10884,0.8784,0.8275,True,0.86577,0.03294,True,False,True,False
