bin,n,bench_min,bench_max,div_cont,div_null,frac_over_cont,frac_over_null,excess,method,entity_dir,track,level
0,9654,0.004297,0.038422,0.0015,0.000107,0.74653,0.51388,0.001393,uncalibrated,Procambarus_clarkii_alien,local_only,3
1,9653,0.038426,0.093623,0.001249,-0.000163,0.643427,0.477054,0.001411,uncalibrated,Procambarus_clarkii_alien,local_only,3
2,9653,0.09364,0.201053,0.002243,-0.000579,0.650989,0.465348,0.002822,uncalibrated,Procambarus_clarkii_alien,local_only,3
3,9653,0.201058,0.39882,0.004913,-0.00111,0.609966,0.446079,0.006023,uncalibrated,Procambarus_clarkii_alien,local_only,3
4,9654,0.398826,0.994321,0.004814,-0.00195,0.564844,0.458566,0.006764,uncalibrated,Procambarus_clarkii_alien,local_only,3
0,9654,0.004297,0.038422,0.002626,0.000195,0.786617,0.552206,0.002431,uncalibrated,Procambarus_clarkii_alien,local_only,10
1,9653,0.038426,0.093623,0.002281,-0.000414,0.650057,0.477157,0.002695,uncalibrated,Procambarus_clarkii_alien,local_only,10
2,9653,0.09364,0.201053,0.004782,-0.002047,0.680617,0.370973,0.006829,uncalibrated,Procambarus_clarkii_alien,local_only,10
3,9653,0.201058,0.39882,0.012912,-0.0041,0.638662,0.35792,0.017012,uncalibrated,Procambarus_clarkii_alien,local_only,10
4,9654,0.398826,0.994321,0.01519,-0.005364,0.625129,0.394862,0.020554,uncalibrated,Procambarus_clarkii_alien,local_only,10
0,9654,0.004297,0.038422,0.003931,-0.000146,0.79076,0.455459,0.004077,uncalibrated,Procambarus_clarkii_alien,local_only,20
1,9653,0.038426,0.093623,0.00366,-0.000781,0.63545,0.440899,0.004441,uncalibrated,Procambarus_clarkii_alien,local_only,20
2,9653,0.09364,0.201053,0.008245,-0.003787,0.676163,0.300114,0.012032,uncalibrated,Procambarus_clarkii_alien,local_only,20
3,9653,0.201058,0.39882,0.022051,-0.006795,0.63659,0.291516,0.028846,uncalibrated,Procambarus_clarkii_alien,local_only,20
4,9654,0.398826,0.994321,0.028266,-0.009668,0.664388,0.334058,0.037934,uncalibrated,Procambarus_clarkii_alien,local_only,20
0,9654,0.003518,0.080831,0.001383,-0.000185,0.74508,0.430599,0.001569,uncalibrated,Procambarus_clarkii_alien,upstream_only,3
1,9653,0.080834,0.221707,0.002771,-0.00019,0.659898,0.466384,0.002961,uncalibrated,Procambarus_clarkii_alien,upstream_only,3
2,26361,0.221708,0.548742,0.001988,-0.000202,0.837146,0.809453,0.00219,uncalibrated,Procambarus_clarkii_alien,upstream_only,3
3,2599,0.548849,0.978619,0.001288,-0.001554,0.503655,0.464025,0.002842,uncalibrated,Procambarus_clarkii_alien,upstream_only,3
0,9654,0.003518,0.080831,0.002807,-0.000583,0.843485,0.398281,0.00339,uncalibrated,Procambarus_clarkii_alien,upstream_only,10
1,9653,0.080834,0.221707,0.005851,-0.000975,0.713975,0.479851,0.006826,uncalibrated,Procambarus_clarkii_alien,upstream_only,10
2,26361,0.221708,0.548742,0.005535,-0.001332,0.840332,0.158416,0.006868,uncalibrated,Procambarus_clarkii_alien,upstream_only,10
3,2599,0.548849,0.978619,0.003187,-0.0061,0.508272,0.38284,0.009287,uncalibrated,Procambarus_clarkii_alien,upstream_only,10
0,9654,0.003518,0.080831,0.00736,-0.000574,0.94334,0.483012,0.007934,uncalibrated,Procambarus_clarkii_alien,upstream_only,20
1,9653,0.080834,0.221707,0.013156,-0.002231,0.791049,0.451051,0.015387,uncalibrated,Procambarus_clarkii_alien,upstream_only,20
2,26361,0.221708,0.548742,0.009536,-0.002715,0.837411,0.120481,0.012251,uncalibrated,Procambarus_clarkii_alien,upstream_only,20
3,2599,0.548849,0.978619,0.006443,-0.012839,0.525587,0.295498,0.019282,uncalibrated,Procambarus_clarkii_alien,upstream_only,20
0,9654,0.002806,0.07678,0.001963,0.000481,0.794386,0.605759,0.001482,uncalibrated,Procambarus_clarkii_alien,combined,3
1,9653,0.076781,0.149946,0.002933,0.000561,0.769916,0.588625,0.002373,uncalibrated,Procambarus_clarkii_alien,combined,3
2,9653,0.149948,0.258208,0.003493,0.000288,0.693981,0.532581,0.003204,uncalibrated,Procambarus_clarkii_alien,combined,3
3,9653,0.25821,0.416922,0.003726,-0.000457,0.591837,0.4784,0.004183,uncalibrated,Procambarus_clarkii_alien,combined,3
4,9654,0.416923,0.989711,0.003471,-0.002656,0.539051,0.441475,0.006127,uncalibrated,Procambarus_clarkii_alien,combined,3
0,9654,0.002806,0.07678,0.00412,-0.000435,0.851875,0.436503,0.004555,uncalibrated,Procambarus_clarkii_alien,combined,10
1,9653,0.076781,0.149946,0.007281,-0.000636,0.854242,0.468766,0.007917,uncalibrated,Procambarus_clarkii_alien,combined,10
2,9653,0.149948,0.258208,0.00968,-0.00144,0.799233,0.429918,0.01112,uncalibrated,Procambarus_clarkii_alien,combined,10
3,9653,0.25821,0.416922,0.01074,-0.003014,0.663317,0.394178,0.013754,uncalibrated,Procambarus_clarkii_alien,combined,10
4,9654,0.416923,0.989711,0.010565,-0.006301,0.591879,0.380568,0.016866,uncalibrated,Procambarus_clarkii_alien,combined,10
0,9654,0.002806,0.07678,0.010007,-0.000783,0.953594,0.457116,0.010789,uncalibrated,Procambarus_clarkii_alien,combined,20
1,9653,0.076781,0.149946,0.014974,-0.001285,0.936496,0.464208,0.016259,uncalibrated,Procambarus_clarkii_alien,combined,20
2,9653,0.149948,0.258208,0.018032,-0.002694,0.866052,0.397907,0.020726,uncalibrated,Procambarus_clarkii_alien,combined,20
3,9653,0.25821,0.416922,0.018584,-0.005793,0.679478,0.323526,0.024378,uncalibrated,Procambarus_clarkii_alien,combined,20
4,9654,0.416923,0.989711,0.01989,-0.010464,0.602237,0.313134,0.030353,uncalibrated,Procambarus_clarkii_alien,combined,20
0,7490,0.000811,0.036447,0.008307,0.000187,0.966355,0.565821,0.008121,uncalibrated,Pacifastacus_leniusculus_alien,local_only,3
1,7490,0.036457,0.098046,0.014059,0.000504,0.92243,0.535514,0.013555,uncalibrated,Pacifastacus_leniusculus_alien,local_only,3
2,7489,0.09807,0.27144,0.014628,0.000633,0.638403,0.494191,0.013995,uncalibrated,Pacifastacus_leniusculus_alien,local_only,3
3,7490,0.271456,0.447985,0.012079,-0.000453,0.573164,0.475033,0.012532,uncalibrated,Pacifastacus_leniusculus_alien,local_only,3
4,7490,0.448009,0.968474,0.00344,-0.003379,0.492256,0.43725,0.006819,uncalibrated,Pacifastacus_leniusculus_alien,local_only,3
0,7490,0.000811,0.036447,0.026579,-0.000365,0.975434,0.440854,0.026944,uncalibrated,Pacifastacus_leniusculus_alien,local_only,10
1,7490,0.036457,0.098046,0.041696,-0.000852,0.94526,0.378772,0.042548,uncalibrated,Pacifastacus_leniusculus_alien,local_only,10
2,7489,0.09807,0.27144,0.039831,-0.00176,0.656696,0.374683,0.04159,uncalibrated,Pacifastacus_leniusculus_alien,local_only,10
3,7490,0.271456,0.447985,0.029753,-0.002842,0.535514,0.402403,0.032595,uncalibrated,Pacifastacus_leniusculus_alien,local_only,10
4,7490,0.448009,0.968474,0.004827,-0.006336,0.453004,0.402136,0.011163,uncalibrated,Pacifastacus_leniusculus_alien,local_only,10
0,7490,0.000811,0.036447,0.042846,-0.000107,0.982109,0.478638,0.042954,uncalibrated,Pacifastacus_leniusculus_alien,local_only,20
1,7490,0.036457,0.098046,0.065406,-0.00044,0.957143,0.463685,0.065846,uncalibrated,Pacifastacus_leniusculus_alien,local_only,20
2,7489,0.09807,0.27144,0.064009,-0.002021,0.678729,0.378155,0.066029,uncalibrated,Pacifastacus_leniusculus_alien,local_only,20
3,7490,0.271456,0.447985,0.045281,-0.005253,0.523097,0.36996,0.050534,uncalibrated,Pacifastacus_leniusculus_alien,local_only,20
4,7490,0.448009,0.968474,0.003403,-0.010845,0.430574,0.337517,0.014248,uncalibrated,Pacifastacus_leniusculus_alien,local_only,20
0,7490,0.000268,0.11665,0.000801,0.000674,0.558879,0.659413,0.000127,uncalibrated,Pacifastacus_leniusculus_alien,upstream_only,3
1,7490,0.116664,0.283833,0.003637,0.000739,0.579706,0.596262,0.002897,uncalibrated,Pacifastacus_leniusculus_alien,upstream_only,3
2,17713,0.283845,0.423721,0.010258,-2e-06,0.881612,0.866765,0.01026,uncalibrated,Pacifastacus_leniusculus_alien,upstream_only,3
3,4756,0.423772,0.98022,-0.001291,-0.003786,0.444912,0.426409,0.002495,uncalibrated,Pacifastacus_leniusculus_alien,upstream_only,3
0,7490,0.000268,0.11665,0.005018,0.001051,0.516021,0.74219,0.003967,uncalibrated,Pacifastacus_leniusculus_alien,upstream_only,10
1,7490,0.116664,0.283833,0.01315,0.00089,0.57223,0.599466,0.01226,uncalibrated,Pacifastacus_leniusculus_alien,upstream_only,10
2,17713,0.283845,0.423721,0.028268,0.000542,0.884153,0.849771,0.027726,uncalibrated,Pacifastacus_leniusculus_alien,upstream_only,10
3,4756,0.423772,0.98022,0.001712,-0.006241,0.410849,0.377628,0.007953,uncalibrated,Pacifastacus_leniusculus_alien,upstream_only,10
0,7490,0.000268,0.11665,0.007642,0.000763,0.473832,0.59733,0.006879,uncalibrated,Pacifastacus_leniusculus_alien,upstream_only,20
1,7490,0.116664,0.283833,0.021402,0.001239,0.576101,0.589987,0.020163,uncalibrated,Pacifastacus_leniusculus_alien,upstream_only,20
2,17713,0.283845,0.423721,0.048377,-0.002172,0.880935,0.111556,0.050549,uncalibrated,Pacifastacus_leniusculus_alien,upstream_only,20
3,4756,0.423772,0.98022,-0.001992,-0.008701,0.351766,0.354079,0.006709,uncalibrated,Pacifastacus_leniusculus_alien,upstream_only,20
0,7490,0.000187,0.035223,0.002013,-0.000142,0.847931,0.421495,0.002154,uncalibrated,Pacifastacus_leniusculus_alien,combined,3
1,7490,0.03523,0.106211,0.007888,-0.000242,0.864352,0.411081,0.008131,uncalibrated,Pacifastacus_leniusculus_alien,combined,3
2,7489,0.106213,0.221938,0.024197,0.000771,0.776339,0.498331,0.023425,uncalibrated,Pacifastacus_leniusculus_alien,combined,3
3,7490,0.22194,0.424819,0.013929,-0.000199,0.64486,0.466222,0.014127,uncalibrated,Pacifastacus_leniusculus_alien,combined,3
4,7490,0.424847,0.988351,0.004558,-0.003203,0.497196,0.436315,0.007761,uncalibrated,Pacifastacus_leniusculus_alien,combined,3
0,7490,0.000187,0.035223,0.007169,-0.0001,0.907877,0.353939,0.007269,uncalibrated,Pacifastacus_leniusculus_alien,combined,10
1,7490,0.03523,0.106211,0.02373,-0.000982,0.910547,0.316288,0.024712,uncalibrated,Pacifastacus_leniusculus_alien,combined,10
2,7489,0.106213,0.221938,0.068327,-0.001568,0.821204,0.370543,0.069895,uncalibrated,Pacifastacus_leniusculus_alien,combined,10
3,7490,0.22194,0.424819,0.036583,-0.003006,0.673965,0.374099,0.039589,uncalibrated,Pacifastacus_leniusculus_alien,combined,10
4,7490,0.424847,0.988351,0.00868,-0.006503,0.478905,0.382644,0.015183,uncalibrated,Pacifastacus_leniusculus_alien,combined,10
0,7490,0.000187,0.035223,0.014122,0.000485,0.926035,0.52243,0.013637,uncalibrated,Pacifastacus_leniusculus_alien,combined,20
1,7490,0.03523,0.106211,0.040785,-0.000196,0.930574,0.454072,0.040981,uncalibrated,Pacifastacus_leniusculus_alien,combined,20
2,7489,0.106213,0.221938,0.111318,-0.002427,0.833089,0.405662,0.113745,uncalibrated,Pacifastacus_leniusculus_alien,combined,20
3,7490,0.22194,0.424819,0.05523,-0.005327,0.673298,0.349933,0.060557,uncalibrated,Pacifastacus_leniusculus_alien,combined,20
4,7490,0.424847,0.988351,0.007647,-0.011149,0.442056,0.321629,0.018797,uncalibrated,Pacifastacus_leniusculus_alien,combined,20
0,4011,0.007109,0.192858,0.00993,-0.000786,0.804288,0.429569,0.010716,uncalibrated,Faxonius_limosus_alien,local_only,3
1,4010,0.192873,0.279785,0.013518,-0.000612,0.682793,0.46384,0.01413,uncalibrated,Faxonius_limosus_alien,local_only,3
2,4010,0.279796,0.356131,0.013519,-0.001044,0.645636,0.457606,0.014563,uncalibrated,Faxonius_limosus_alien,local_only,3
3,4010,0.356134,0.478453,0.008743,-0.002473,0.567332,0.450623,0.011216,uncalibrated,Faxonius_limosus_alien,local_only,3
4,4011,0.478515,0.922696,-0.001884,-0.003811,0.444278,0.437547,0.001927,uncalibrated,Faxonius_limosus_alien,local_only,3
0,4011,0.007109,0.192858,0.022476,-0.001909,0.859387,0.339566,0.024386,uncalibrated,Faxonius_limosus_alien,local_only,10
1,4010,0.192873,0.279785,0.033425,-0.002293,0.711721,0.407232,0.035717,uncalibrated,Faxonius_limosus_alien,local_only,10
2,4010,0.279796,0.356131,0.03293,-0.003741,0.612968,0.383541,0.03667,uncalibrated,Faxonius_limosus_alien,local_only,10
3,4010,0.356134,0.478453,0.01837,-0.006537,0.500748,0.37207,0.024907,uncalibrated,Faxonius_limosus_alien,local_only,10
4,4011,0.478515,0.922696,-0.003973,-0.008739,0.381202,0.360259,0.004766,uncalibrated,Faxonius_limosus_alien,local_only,10
0,4011,0.007109,0.192858,0.040599,-0.007802,0.885814,0.203191,0.048401,uncalibrated,Faxonius_limosus_alien,local_only,20
1,4010,0.192873,0.279785,0.054253,-0.006511,0.740399,0.304738,0.060764,uncalibrated,Faxonius_limosus_alien,local_only,20
2,4010,0.279796,0.356131,0.049612,-0.007568,0.598753,0.321446,0.05718,uncalibrated,Faxonius_limosus_alien,local_only,20
3,4010,0.356134,0.478453,0.024522,-0.012386,0.453367,0.294264,0.036908,uncalibrated,Faxonius_limosus_alien,local_only,20
4,4011,0.478515,0.922696,-0.011449,-0.017397,0.308402,0.273249,0.005948,uncalibrated,Faxonius_limosus_alien,local_only,20
0,4011,0.0417,0.284708,0.00083,-0.002557,0.498379,0.420593,0.003387,uncalibrated,Faxonius_limosus_alien,upstream_only,3
1,4010,0.284747,0.421056,0.003702,-0.002834,0.474564,0.41197,0.006536,uncalibrated,Faxonius_limosus_alien,upstream_only,3
2,8495,0.421144,0.422733,0.007405,0.000122,0.99847,0.998587,0.007284,uncalibrated,Faxonius_limosus_alien,upstream_only,3
3,3536,0.422739,0.941463,0.002251,-0.000172,0.47879,0.460973,0.002423,uncalibrated,Faxonius_limosus_alien,upstream_only,3
0,4011,0.0417,0.284708,0.003971,-0.002781,0.510097,0.397906,0.006752,uncalibrated,Faxonius_limosus_alien,upstream_only,10
1,4010,0.284747,0.421056,0.006535,-0.005156,0.424938,0.365087,0.011691,uncalibrated,Faxonius_limosus_alien,upstream_only,10
2,8495,0.421144,0.422733,0.02424,-0.001425,0.998234,0.001648,0.025665,uncalibrated,Faxonius_limosus_alien,upstream_only,10
3,3536,0.422739,0.941463,-0.002603,-0.005065,0.409785,0.415441,0.002462,uncalibrated,Faxonius_limosus_alien,upstream_only,10
0,4011,0.0417,0.284708,0.007735,-0.006115,0.495637,0.371977,0.013851,uncalibrated,Faxonius_limosus_alien,upstream_only,20
1,4010,0.284747,0.421056,0.009094,-0.010146,0.419701,0.323691,0.019239,uncalibrated,Faxonius_limosus_alien,upstream_only,20
2,8495,0.421144,0.422733,0.044015,-0.003849,0.998117,0.001177,0.047864,uncalibrated,Faxonius_limosus_alien,upstream_only,20
3,3536,0.422739,0.941463,-0.010035,-0.011785,0.357749,0.348982,0.00175,uncalibrated,Faxonius_limosus_alien,upstream_only,20
0,4011,0.002334,0.171743,0.014497,0.000127,0.931688,0.512341,0.01437,uncalibrated,Faxonius_limosus_alien,combined,3
1,4010,0.171777,0.284302,0.019707,0.000229,0.77581,0.494015,0.019478,uncalibrated,Faxonius_limosus_alien,combined,3
2,4010,0.284308,0.36107,0.014568,-0.000132,0.618953,0.474065,0.0147,uncalibrated,Faxonius_limosus_alien,combined,3
3,4010,0.361119,0.480821,0.007381,-0.000889,0.530175,0.472569,0.00827,uncalibrated,Faxonius_limosus_alien,combined,3
4,4011,0.480822,0.905759,-0.004231,-0.00391,0.412117,0.422837,-0.000321,uncalibrated,Faxonius_limosus_alien,combined,3
0,4011,0.002334,0.171743,0.031175,-0.001384,0.953378,0.365246,0.032559,uncalibrated,Faxonius_limosus_alien,combined,10
1,4010,0.171777,0.284302,0.041878,-0.000526,0.815711,0.463092,0.042404,uncalibrated,Faxonius_limosus_alien,combined,10
2,4010,0.284308,0.36107,0.034537,-0.00153,0.623192,0.44788,0.036067,uncalibrated,Faxonius_limosus_alien,combined,10
3,4010,0.361119,0.480821,0.017614,-0.004787,0.521945,0.395761,0.022401,uncalibrated,Faxonius_limosus_alien,combined,10
4,4011,0.480822,0.905759,-0.006257,-0.009146,0.368985,0.359511,0.00289,uncalibrated,Faxonius_limosus_alien,combined,10
0,4011,0.002334,0.171743,0.058468,-0.0048,0.958364,0.237347,0.063269,uncalibrated,Faxonius_limosus_alien,combined,20
1,4010,0.171777,0.284302,0.067194,-0.005844,0.818953,0.337905,0.073038,uncalibrated,Faxonius_limosus_alien,combined,20
2,4010,0.284308,0.36107,0.050462,-0.006563,0.602494,0.340648,0.057025,uncalibrated,Faxonius_limosus_alien,combined,20
3,4010,0.361119,0.480821,0.020484,-0.012401,0.454364,0.301746,0.032885,uncalibrated,Faxonius_limosus_alien,combined,20
4,4011,0.480822,0.905759,-0.01609,-0.016851,0.294191,0.279481,0.000761,uncalibrated,Faxonius_limosus_alien,combined,20
0,2913,0.003934,0.056048,0.01464,0.000314,0.97391,0.528321,0.014326,uncalibrated,Astacus_astacus,local_only,3
1,2912,0.056074,0.10246,0.01881,5e-06,0.961538,0.493475,0.018804,uncalibrated,Astacus_astacus,local_only,3
2,2912,0.102498,0.234211,0.023565,-0.000551,0.917239,0.453984,0.024116,uncalibrated,Astacus_astacus,local_only,3
3,2912,0.234212,0.446659,0.020384,-0.0002,0.752747,0.490385,0.020584,uncalibrated,Astacus_astacus,local_only,3
4,2913,0.446669,0.972079,-7.7e-05,-0.002465,0.466529,0.45829,0.002388,uncalibrated,Astacus_astacus,local_only,3
0,2913,0.003934,0.056048,0.044999,0.000492,0.986612,0.547545,0.044506,uncalibrated,Astacus_astacus,local_only,10
1,2912,0.056074,0.10246,0.054008,-0.000985,0.98283,0.382212,0.054993,uncalibrated,Astacus_astacus,local_only,10
2,2912,0.102498,0.234211,0.062565,-0.003216,0.936813,0.287775,0.065781,uncalibrated,Astacus_astacus,local_only,10
3,2912,0.234212,0.446659,0.048256,-0.003404,0.768544,0.404876,0.05166,uncalibrated,Astacus_astacus,local_only,10
4,2913,0.446669,0.972079,-0.0005,-0.003908,0.393409,0.430141,0.003408,uncalibrated,Astacus_astacus,local_only,10
0,2913,0.003934,0.056048,0.082989,0.001046,0.990388,0.610024,0.081942,uncalibrated,Astacus_astacus,local_only,20
1,2912,0.056074,0.10246,0.096738,0.000768,0.984547,0.525069,0.095971,uncalibrated,Astacus_astacus,local_only,20
2,2912,0.102498,0.234211,0.107029,-0.000345,0.955701,0.492102,0.107375,uncalibrated,Astacus_astacus,local_only,20
3,2912,0.234212,0.446659,0.07892,-0.005197,0.779533,0.394231,0.084116,uncalibrated,Astacus_astacus,local_only,20
4,2913,0.446669,0.972079,-0.003731,-0.014177,0.353931,0.301751,0.010446,uncalibrated,Astacus_astacus,local_only,20
0,2913,0.000463,0.085751,0.00725,0.000241,0.901133,0.515276,0.007009,uncalibrated,Astacus_astacus,upstream_only,3
1,2912,0.085783,0.377935,0.008929,-0.001064,0.73283,0.398352,0.009993,uncalibrated,Astacus_astacus,upstream_only,3
2,6236,0.377952,0.38467,0.013278,0.001667,0.994227,0.994067,0.011611,uncalibrated,Astacus_astacus,upstream_only,3
3,2501,0.384721,0.951206,-0.001468,-0.004384,0.427429,0.402239,0.002916,uncalibrated,Astacus_astacus,upstream_only,3
0,2913,0.000463,0.085751,0.02175,-0.000316,0.94988,0.393409,0.022067,uncalibrated,Astacus_astacus,upstream_only,10
1,2912,0.085783,0.377935,0.03055,-0.004004,0.78228,0.268201,0.034554,uncalibrated,Astacus_astacus,upstream_only,10
2,6236,0.377952,0.38467,0.035106,0.00168,0.994387,0.994227,0.033425,uncalibrated,Astacus_astacus,upstream_only,10
3,2501,0.384721,0.951206,-0.001666,-0.007196,0.388645,0.37585,0.00553,uncalibrated,Astacus_astacus,upstream_only,10
0,2913,0.000463,0.085751,0.045287,-0.001305,0.976313,0.301751,0.046592,uncalibrated,Astacus_astacus,upstream_only,20
1,2912,0.085783,0.377935,0.054926,-0.00414,0.801511,0.407967,0.059066,uncalibrated,Astacus_astacus,upstream_only,20
2,6236,0.377952,0.38467,0.059724,0.002665,0.993586,0.992944,0.057059,uncalibrated,Astacus_astacus,upstream_only,20
3,2501,0.384721,0.951206,-0.004196,-0.016401,0.35026,0.27429,0.012206,uncalibrated,Astacus_astacus,upstream_only,20
0,2913,0.002146,0.050537,0.014099,0.000351,0.97494,0.550978,0.013748,uncalibrated,Astacus_astacus,combined,3
1,2912,0.050541,0.096359,0.020248,-6e-05,0.982143,0.498283,0.020309,uncalibrated,Astacus_astacus,combined,3
2,2912,0.096369,0.237051,0.026674,-0.000136,0.944025,0.489354,0.02681,uncalibrated,Astacus_astacus,combined,3
3,2912,0.237167,0.433371,0.019915,0.000361,0.762363,0.530563,0.019554,uncalibrated,Astacus_astacus,combined,3
4,2913,0.433411,0.968455,0.000255,-0.001677,0.467216,0.476141,0.001932,uncalibrated,Astacus_astacus,combined,3
0,2913,0.002146,0.050537,0.043343,0.000429,0.993134,0.559561,0.042914,uncalibrated,Astacus_astacus,combined,10
1,2912,0.050541,0.096359,0.05766,-0.000924,0.996223,0.382898,0.058584,uncalibrated,Astacus_astacus,combined,10
2,2912,0.096369,0.237051,0.070416,-0.002888,0.955701,0.313187,0.073304,uncalibrated,Astacus_astacus,combined,10
3,2912,0.237167,0.433371,0.046659,-0.00319,0.779876,0.398008,0.049849,uncalibrated,Astacus_astacus,combined,10
4,2913,0.433411,0.968455,-0.000113,-0.006428,0.4092,0.391692,0.006315,uncalibrated,Astacus_astacus,combined,10
0,2913,0.002146,0.050537,0.079835,0.000634,0.995537,0.571576,0.0792,uncalibrated,Astacus_astacus,combined,20
1,2912,0.050541,0.096359,0.103797,0.000165,0.995536,0.507212,0.103632,uncalibrated,Astacus_astacus,combined,20
2,2912,0.096369,0.237051,0.118529,-0.001294,0.964629,0.453297,0.119823,uncalibrated,Astacus_astacus,combined,20
3,2912,0.237167,0.433371,0.073395,-0.005573,0.769574,0.402816,0.078968,uncalibrated,Astacus_astacus,combined,20
4,2913,0.433411,0.968455,-0.004475,-0.014328,0.365602,0.3069,0.009853,uncalibrated,Astacus_astacus,combined,20
0,3864,0.000191,0.049188,0.00145,0.000672,0.732143,0.641304,0.000779,uncalibrated,Procambarus_clarkii_native,local_only,3
1,3864,0.049196,0.080558,0.002388,0.000786,0.830745,0.674172,0.001602,uncalibrated,Procambarus_clarkii_native,local_only,3
2,3864,0.080596,0.117278,0.002814,0.000618,0.840839,0.651398,0.002195,uncalibrated,Procambarus_clarkii_native,local_only,3
3,3864,0.11728,0.19349,0.003003,0.000673,0.785973,0.590062,0.002331,uncalibrated,Procambarus_clarkii_native,local_only,3
4,3864,0.193491,0.993781,0.004283,0.000617,0.586439,0.52381,0.003666,uncalibrated,Procambarus_clarkii_native,local_only,3
0,3864,0.000191,0.049188,0.003305,0.00025,0.745859,0.543996,0.003055,uncalibrated,Procambarus_clarkii_native,local_only,10
1,3864,0.049196,0.080558,0.006041,0.000868,0.860766,0.65295,0.005173,uncalibrated,Procambarus_clarkii_native,local_only,10
2,3864,0.080596,0.117278,0.006609,0.000832,0.886128,0.652433,0.005777,uncalibrated,Procambarus_clarkii_native,local_only,10
3,3864,0.11728,0.19349,0.006603,-0.000345,0.826863,0.535714,0.006948,uncalibrated,Procambarus_clarkii_native,local_only,10
4,3864,0.193491,0.993781,0.004934,-0.00688,0.562629,0.390528,0.011815,uncalibrated,Procambarus_clarkii_native,local_only,10
0,3864,0.000191,0.049188,0.005425,0.000565,0.795031,0.526398,0.00486,uncalibrated,Procambarus_clarkii_native,local_only,20
1,3864,0.049196,0.080558,0.009402,-0.000179,0.888975,0.507505,0.009581,uncalibrated,Procambarus_clarkii_native,local_only,20
2,3864,0.080596,0.117278,0.010261,-0.001611,0.908126,0.404244,0.011872,uncalibrated,Procambarus_clarkii_native,local_only,20
3,3864,0.11728,0.19349,0.009145,-0.004658,0.825311,0.269928,0.013803,uncalibrated,Procambarus_clarkii_native,local_only,20
4,3864,0.193491,0.993781,0.00855,-0.015817,0.559524,0.271739,0.024367,uncalibrated,Procambarus_clarkii_native,local_only,20
0,3864,0.000121,0.020959,0.000657,0.000264,0.753106,0.638458,0.000393,uncalibrated,Procambarus_clarkii_native,upstream_only,3
1,3864,0.020959,0.110579,0.001629,0.000654,0.729296,0.630176,0.000975,uncalibrated,Procambarus_clarkii_native,upstream_only,3
2,3864,0.110609,0.285131,0.002816,-0.000401,0.803313,0.375776,0.003217,uncalibrated,Procambarus_clarkii_native,upstream_only,3
3,7187,0.285293,0.582192,-0.000786,-0.001343,0.083901,0.102964,0.000557,uncalibrated,Procambarus_clarkii_native,upstream_only,3
4,541,0.582443,0.992886,-0.000251,-0.003414,0.513863,0.45841,0.003163,uncalibrated,Procambarus_clarkii_native,upstream_only,3
0,3864,0.000121,0.020959,0.000962,0.000735,0.773292,0.728261,0.000228,uncalibrated,Procambarus_clarkii_native,upstream_only,10
1,3864,0.020959,0.110579,0.002197,0.002449,0.718427,0.801242,-0.000252,uncalibrated,Procambarus_clarkii_native,upstream_only,10
2,3864,0.110609,0.285131,0.00571,0.001205,0.824534,0.506729,0.004505,uncalibrated,Procambarus_clarkii_native,upstream_only,10
3,7187,0.285293,0.582192,-0.001228,-0.00292,0.077362,0.075275,0.001691,uncalibrated,Procambarus_clarkii_native,upstream_only,10
4,541,0.582443,0.992886,-0.000348,-0.012039,0.487985,0.321627,0.011691,uncalibrated,Procambarus_clarkii_native,upstream_only,10
0,3864,0.000121,0.020959,0.000958,0.000985,0.744048,0.739389,-2.7e-05,uncalibrated,Procambarus_clarkii_native,upstream_only,20
1,3864,0.020959,0.110579,0.001996,0.003702,0.639234,0.762164,-0.001706,uncalibrated,Procambarus_clarkii_native,upstream_only,20
2,3864,0.110609,0.285131,0.00843,0.002647,0.768892,0.576605,0.005783,uncalibrated,Procambarus_clarkii_native,upstream_only,20
3,7187,0.285293,0.582192,0.001201,-0.007879,0.877696,0.059413,0.00908,uncalibrated,Procambarus_clarkii_native,upstream_only,20
4,541,0.582443,0.992886,0.004576,-0.018607,0.50647,0.269871,0.023183,uncalibrated,Procambarus_clarkii_native,upstream_only,20
0,3864,0.000659,0.05884,0.001185,0.000962,0.682971,0.64441,0.000223,uncalibrated,Procambarus_clarkii_native,combined,3
1,3864,0.058866,0.109032,0.002102,0.001251,0.815735,0.674431,0.000852,uncalibrated,Procambarus_clarkii_native,combined,3
2,3864,0.109038,0.152855,0.001974,0.000541,0.783126,0.574793,0.001433,uncalibrated,Procambarus_clarkii_native,combined,3
3,3864,0.152858,0.21953,0.002181,0.00031,0.714803,0.514493,0.001872,uncalibrated,Procambarus_clarkii_native,combined,3
4,3864,0.219538,0.994187,0.003615,-0.001531,0.583333,0.462474,0.005146,uncalibrated,Procambarus_clarkii_native,combined,3
0,3864,0.000659,0.05884,0.001786,0.000287,0.653468,0.517857,0.001499,uncalibrated,Procambarus_clarkii_native,combined,10
1,3864,0.058866,0.109032,0.004769,0.001242,0.812629,0.629658,0.003527,uncalibrated,Procambarus_clarkii_native,combined,10
2,3864,0.109038,0.152855,0.005056,0.000321,0.840839,0.548395,0.004735,uncalibrated,Procambarus_clarkii_native,combined,10
3,3864,0.152858,0.21953,0.005005,-0.00039,0.812888,0.488613,0.005394,uncalibrated,Procambarus_clarkii_native,combined,10
4,3864,0.219538,0.994187,0.005503,-0.006036,0.570911,0.427019,0.011539,uncalibrated,Procambarus_clarkii_native,combined,10
0,3864,0.000659,0.05884,0.003087,0.001795,0.695652,0.539855,0.001292,uncalibrated,Procambarus_clarkii_native,combined,20
1,3864,0.058866,0.109032,0.007822,0.0018,0.869306,0.560818,0.006022,uncalibrated,Procambarus_clarkii_native,combined,20
2,3864,0.109038,0.152855,0.007986,-0.002272,0.884058,0.354555,0.010258,uncalibrated,Procambarus_clarkii_native,combined,20
3,3864,0.152858,0.21953,0.006153,-0.005839,0.710921,0.198758,0.011991,uncalibrated,Procambarus_clarkii_native,combined,20
4,3864,0.219538,0.994187,0.010973,-0.015894,0.569358,0.249482,0.026867,uncalibrated,Procambarus_clarkii_native,combined,20
0,4589,0.015383,0.177975,0.001481,0.000803,0.568533,0.465025,0.000678,uncalibrated,Pontastacus_leptodactylus_pooled,local_only,3
1,4589,0.177988,0.254674,0.002488,-0.001687,0.58248,0.406625,0.004175,uncalibrated,Pontastacus_leptodactylus_pooled,local_only,3
2,4589,0.254683,0.338785,0.003126,-0.001964,0.580519,0.415341,0.00509,uncalibrated,Pontastacus_leptodactylus_pooled,local_only,3
3,4589,0.338785,0.466391,0.002784,-0.002638,0.545435,0.428634,0.005422,uncalibrated,Pontastacus_leptodactylus_pooled,local_only,3
4,4589,0.466401,0.962651,-0.000155,-0.003345,0.481368,0.448464,0.00319,uncalibrated,Pontastacus_leptodactylus_pooled,local_only,3
0,4589,0.015383,0.177975,0.014724,-0.000654,0.747004,0.411854,0.015378,uncalibrated,Pontastacus_leptodactylus_pooled,local_only,10
1,4589,0.177988,0.254674,0.013883,-0.005117,0.72129,0.317498,0.019001,uncalibrated,Pontastacus_leptodactylus_pooled,local_only,10
2,4589,0.254683,0.338785,0.015066,-0.005844,0.698845,0.335803,0.02091,uncalibrated,Pontastacus_leptodactylus_pooled,local_only,10
3,4589,0.338785,0.466391,0.01319,-0.006447,0.646982,0.381565,0.019637,uncalibrated,Pontastacus_leptodactylus_pooled,local_only,10
4,4589,0.466401,0.962651,0.000153,-0.007353,0.4635,0.40292,0.007505,uncalibrated,Pontastacus_leptodactylus_pooled,local_only,10
0,4589,0.015383,0.177975,0.026293,-0.004246,0.781434,0.365657,0.030538,uncalibrated,Pontastacus_leptodactylus_pooled,local_only,20
1,4589,0.177988,0.254674,0.0271,-0.007094,0.785574,0.295053,0.034194,uncalibrated,Pontastacus_leptodactylus_pooled,local_only,20
2,4589,0.254683,0.338785,0.02888,-0.010922,0.767487,0.247331,0.039802,uncalibrated,Pontastacus_leptodactylus_pooled,local_only,20
3,4589,0.338785,0.466391,0.023133,-0.0151,0.676618,0.276967,0.038233,uncalibrated,Pontastacus_leptodactylus_pooled,local_only,20
4,4589,0.466401,0.962651,0.000745,-0.018508,0.443888,0.291131,0.019253,uncalibrated,Pontastacus_leptodactylus_pooled,local_only,20
0,4589,0.045489,0.212616,0.002272,0.001106,0.587928,0.587928,0.001166,uncalibrated,Pontastacus_leptodactylus_pooled,upstream_only,3
1,4589,0.212633,0.360374,0.001904,-6e-06,0.52713,0.495969,0.001909,uncalibrated,Pontastacus_leptodactylus_pooled,upstream_only,3
2,11155,0.360387,0.480624,0.001532,-0.001568,0.904796,0.084446,0.0031,uncalibrated,Pontastacus_leptodactylus_pooled,upstream_only,3
3,2612,0.480759,0.993389,-0.0026,-0.002199,0.447167,0.480092,-0.000402,uncalibrated,Pontastacus_leptodactylus_pooled,upstream_only,3
0,4589,0.045489,0.212616,0.00235,-0.000786,0.509915,0.526258,0.003136,uncalibrated,Pontastacus_leptodactylus_pooled,upstream_only,10
1,4589,0.212633,0.360374,0.008237,-0.003983,0.59294,0.409893,0.01222,uncalibrated,Pontastacus_leptodactylus_pooled,upstream_only,10
2,11155,0.360387,0.480624,0.008575,-0.003991,0.910802,0.078799,0.012566,uncalibrated,Pontastacus_leptodactylus_pooled,upstream_only,10
3,2612,0.480759,0.993389,0.000879,-0.004929,0.481623,0.450613,0.005808,uncalibrated,Pontastacus_leptodactylus_pooled,upstream_only,10
0,4589,0.045489,0.212616,0.009761,0.001867,0.681412,0.653083,0.007894,uncalibrated,Pontastacus_leptodactylus_pooled,upstream_only,20
1,4589,0.212633,0.360374,0.015532,-0.00534,0.601874,0.391371,0.020871,uncalibrated,Pontastacus_leptodactylus_pooled,upstream_only,20
2,11155,0.360387,0.480624,0.013314,-0.003656,0.908113,0.071268,0.01697,uncalibrated,Pontastacus_leptodactylus_pooled,upstream_only,20
3,2612,0.480759,0.993389,-0.003077,-0.012448,0.421899,0.371363,0.009371,uncalibrated,Pontastacus_leptodactylus_pooled,upstream_only,20
0,4589,0.019883,0.182272,0.001337,-8.2e-05,0.558074,0.490085,0.001419,uncalibrated,Pontastacus_leptodactylus_pooled,combined,3
1,4589,0.182276,0.255356,0.00363,-0.001024,0.62737,0.452168,0.004654,uncalibrated,Pontastacus_leptodactylus_pooled,combined,3
2,4589,0.255368,0.33125,0.004948,-0.000669,0.626716,0.470255,0.005617,uncalibrated,Pontastacus_leptodactylus_pooled,combined,3
3,4589,0.331294,0.458779,0.005354,-0.001371,0.570495,0.466115,0.006725,uncalibrated,Pontastacus_leptodactylus_pooled,combined,3
4,4589,0.458786,0.987206,-0.000992,-0.002736,0.467204,0.459795,0.001744,uncalibrated,Pontastacus_leptodactylus_pooled,combined,3
0,4589,0.019883,0.182272,0.008671,-0.002294,0.601438,0.42275,0.010966,uncalibrated,Pontastacus_leptodactylus_pooled,combined,10
1,4589,0.182276,0.255356,0.014621,-0.0045,0.714535,0.336893,0.01912,uncalibrated,Pontastacus_leptodactylus_pooled,combined,10
2,4589,0.255368,0.33125,0.015824,-0.005721,0.736762,0.345827,0.021545,uncalibrated,Pontastacus_leptodactylus_pooled,combined,10
3,4589,0.331294,0.458779,0.01456,-0.006312,0.658313,0.386795,0.020872,uncalibrated,Pontastacus_leptodactylus_pooled,combined,10
4,4589,0.458786,0.987206,0.001244,-0.006298,0.475921,0.409022,0.007543,uncalibrated,Pontastacus_leptodactylus_pooled,combined,10
0,4589,0.019883,0.182272,0.0202,-0.001865,0.702985,0.463718,0.022065,uncalibrated,Pontastacus_leptodactylus_pooled,combined,20
1,4589,0.182276,0.255356,0.027779,-0.006422,0.775768,0.321421,0.034201,uncalibrated,Pontastacus_leptodactylus_pooled,combined,20
2,4589,0.255368,0.33125,0.029218,-0.010335,0.782088,0.293528,0.039552,uncalibrated,Pontastacus_leptodactylus_pooled,combined,20
3,4589,0.331294,0.458779,0.025587,-0.014501,0.679233,0.306603,0.040087,uncalibrated,Pontastacus_leptodactylus_pooled,combined,20
4,4589,0.458786,0.987206,0.000335,-0.015924,0.444977,0.321639,0.01626,uncalibrated,Pontastacus_leptodactylus_pooled,combined,20
0,2375,0.000993,0.096255,0.011932,0.000312,0.935158,0.523789,0.01162,uncalibrated,Austropotamobius_torrentium_pooled,local_only,3
1,2374,0.096277,0.17994,0.019045,0.000667,0.933446,0.5615,0.018378,uncalibrated,Austropotamobius_torrentium_pooled,local_only,3
2,2374,0.179959,0.269455,0.017496,0.000563,0.861837,0.561078,0.016934,uncalibrated,Austropotamobius_torrentium_pooled,local_only,3
3,2374,0.26948,0.387274,0.01301,0.000169,0.713142,0.499579,0.012841,uncalibrated,Austropotamobius_torrentium_pooled,local_only,3
4,2375,0.387577,0.974562,0.001674,-0.002533,0.477474,0.424842,0.004207,uncalibrated,Austropotamobius_torrentium_pooled,local_only,3
0,2375,0.000993,0.096255,0.027866,-0.000579,0.954105,0.477053,0.028445,uncalibrated,Austropotamobius_torrentium_pooled,local_only,10
1,2374,0.096277,0.17994,0.046269,-0.001305,0.975147,0.446504,0.047573,uncalibrated,Austropotamobius_torrentium_pooled,local_only,10
2,2374,0.179959,0.269455,0.042736,-0.001481,0.92797,0.46588,0.044217,uncalibrated,Austropotamobius_torrentium_pooled,local_only,10
3,2374,0.26948,0.387274,0.033612,-0.003107,0.781382,0.418281,0.036719,uncalibrated,Austropotamobius_torrentium_pooled,local_only,10
4,2375,0.387577,0.974562,0.017642,-0.005785,0.541895,0.385684,0.023427,uncalibrated,Austropotamobius_torrentium_pooled,local_only,10
0,2375,0.000993,0.096255,0.046849,-0.002346,0.957053,0.275368,0.049195,uncalibrated,Austropotamobius_torrentium_pooled,local_only,20
1,2374,0.096277,0.17994,0.083079,-0.001959,0.97936,0.389217,0.085039,uncalibrated,Austropotamobius_torrentium_pooled,local_only,20
2,2374,0.179959,0.269455,0.076837,-0.002234,0.946925,0.471778,0.079071,uncalibrated,Austropotamobius_torrentium_pooled,local_only,20
3,2374,0.26948,0.387274,0.051562,-0.00483,0.754423,0.421651,0.056392,uncalibrated,Austropotamobius_torrentium_pooled,local_only,20
4,2375,0.387577,0.974562,0.020808,-0.013068,0.488421,0.299368,0.033877,uncalibrated,Austropotamobius_torrentium_pooled,local_only,20
0,2375,0.001278,0.176667,0.005893,-0.001727,0.799158,0.270316,0.00762,uncalibrated,Austropotamobius_torrentium_pooled,upstream_only,3
1,2374,0.17688,0.339453,0.007486,-0.001623,0.620051,0.391744,0.009109,uncalibrated,Austropotamobius_torrentium_pooled,upstream_only,3
2,5622,0.339494,0.392361,0.007412,0.002807,0.968694,0.957488,0.004605,uncalibrated,Austropotamobius_torrentium_pooled,upstream_only,3
3,1501,0.39246,0.97988,0.005173,-0.00109,0.516989,0.472352,0.006263,uncalibrated,Austropotamobius_torrentium_pooled,upstream_only,3
0,2375,0.001278,0.176667,0.014827,-0.001397,0.881263,0.404211,0.016224,uncalibrated,Austropotamobius_torrentium_pooled,upstream_only,10
1,2374,0.17688,0.339453,0.019378,-0.002399,0.633951,0.415754,0.021777,uncalibrated,Austropotamobius_torrentium_pooled,upstream_only,10
2,5622,0.339494,0.392361,0.021749,0.002823,0.973853,0.954109,0.018926,uncalibrated,Austropotamobius_torrentium_pooled,upstream_only,10
3,1501,0.39246,0.97988,0.02364,-0.002136,0.610926,0.459694,0.025776,uncalibrated,Austropotamobius_torrentium_pooled,upstream_only,10
0,2375,0.001278,0.176667,0.024389,-0.003712,0.838737,0.322526,0.028102,uncalibrated,Austropotamobius_torrentium_pooled,upstream_only,20
1,2374,0.17688,0.339453,0.026238,-0.00548,0.556445,0.363943,0.031718,uncalibrated,Austropotamobius_torrentium_pooled,upstream_only,20
2,5622,0.339494,0.392361,0.048138,0.005269,0.967094,0.948595,0.042869,uncalibrated,Austropotamobius_torrentium_pooled,upstream_only,20
3,1501,0.39246,0.97988,0.027081,-0.01035,0.566289,0.376416,0.03743,uncalibrated,Austropotamobius_torrentium_pooled,upstream_only,20
0,2375,0.002047,0.097148,0.009271,8.3e-05,0.896842,0.486316,0.009188,uncalibrated,Austropotamobius_torrentium_pooled,combined,3
1,2374,0.097149,0.181649,0.013762,-0.000588,0.941028,0.398062,0.014349,uncalibrated,Austropotamobius_torrentium_pooled,combined,3
2,2374,0.181653,0.257393,0.012463,-0.00108,0.890901,0.415754,0.013542,uncalibrated,Austropotamobius_torrentium_pooled,combined,3
3,2374,0.257394,0.367727,0.012534,-0.001187,0.716933,0.441028,0.013722,uncalibrated,Austropotamobius_torrentium_pooled,combined,3
4,2375,0.367734,0.987237,0.005501,-0.002665,0.526737,0.414737,0.008166,uncalibrated,Austropotamobius_torrentium_pooled,combined,3
0,2375,0.002047,0.097148,0.02284,-0.000186,0.919579,0.508211,0.023026,uncalibrated,Austropotamobius_torrentium_pooled,combined,10
1,2374,0.097149,0.181649,0.036991,0.000177,0.978939,0.489048,0.036814,uncalibrated,Austropotamobius_torrentium_pooled,combined,10
2,2374,0.181653,0.257393,0.038441,-0.001311,0.94861,0.395956,0.039752,uncalibrated,Austropotamobius_torrentium_pooled,combined,10
3,2374,0.257394,0.367727,0.036789,-0.00259,0.796125,0.375316,0.03938,uncalibrated,Austropotamobius_torrentium_pooled,combined,10
4,2375,0.367734,0.987237,0.023266,-0.004211,0.589895,0.405474,0.027477,uncalibrated,Austropotamobius_torrentium_pooled,combined,10
0,2375,0.002047,0.097148,0.037253,-0.002756,0.903579,0.264,0.040008,uncalibrated,Austropotamobius_torrentium_pooled,combined,20
1,2374,0.097149,0.181649,0.066044,-0.002641,0.97599,0.419124,0.068685,uncalibrated,Austropotamobius_torrentium_pooled,combined,20
2,2374,0.181653,0.257393,0.072714,-0.001563,0.968829,0.529907,0.074278,uncalibrated,Austropotamobius_torrentium_pooled,combined,20
3,2374,0.257394,0.367727,0.060431,-0.003716,0.84246,0.447767,0.064146,uncalibrated,Austropotamobius_torrentium_pooled,combined,20
4,2375,0.367734,0.987237,0.030962,-0.011254,0.555789,0.305263,0.042216,uncalibrated,Austropotamobius_torrentium_pooled,combined,20
0,2537,9e-05,0.051855,0.011433,0.001319,0.865195,0.724478,0.010115,uncalibrated,Austropotamobius_fulcisianus_pooled,local_only,3
1,2536,0.051861,0.113058,0.007515,0.001513,0.731861,0.654968,0.006002,uncalibrated,Austropotamobius_fulcisianus_pooled,local_only,3
2,2536,0.113063,0.200701,0.010082,0.000551,0.753943,0.585174,0.009531,uncalibrated,Austropotamobius_fulcisianus_pooled,local_only,3
3,2536,0.200746,0.360612,0.009284,-0.002082,0.677839,0.407729,0.011366,uncalibrated,Austropotamobius_fulcisianus_pooled,local_only,3
4,2536,0.360699,0.972597,0.004764,-0.003615,0.555205,0.42153,0.008379,uncalibrated,Austropotamobius_fulcisianus_pooled,local_only,3
0,2537,9e-05,0.051855,0.020744,0.00207,0.994876,0.777296,0.018674,uncalibrated,Austropotamobius_fulcisianus_pooled,local_only,10
1,2536,0.051861,0.113058,0.02733,0.002784,0.981467,0.734227,0.024546,uncalibrated,Austropotamobius_fulcisianus_pooled,local_only,10
2,2536,0.113063,0.200701,0.029927,0.00196,0.944006,0.633675,0.027967,uncalibrated,Austropotamobius_fulcisianus_pooled,local_only,10
3,2536,0.200746,0.360612,0.018546,-0.001171,0.791009,0.464905,0.019717,uncalibrated,Austropotamobius_fulcisianus_pooled,local_only,10
4,2536,0.360699,0.972597,0.00804,-0.00473,0.541404,0.400631,0.01277,uncalibrated,Austropotamobius_fulcisianus_pooled,local_only,10
0,2537,9e-05,0.051855,0.026427,0.001461,0.99527,0.63106,0.024965,uncalibrated,Austropotamobius_fulcisianus_pooled,local_only,20
1,2536,0.051861,0.113058,0.037026,0.001551,0.983438,0.530757,0.035475,uncalibrated,Austropotamobius_fulcisianus_pooled,local_only,20
2,2536,0.113063,0.200701,0.040556,0.00022,0.948738,0.453076,0.040336,uncalibrated,Austropotamobius_fulcisianus_pooled,local_only,20
3,2536,0.200746,0.360612,0.023974,-0.003786,0.69795,0.365931,0.02776,uncalibrated,Austropotamobius_fulcisianus_pooled,local_only,20
4,2536,0.360699,0.972597,0.008476,-0.012227,0.451104,0.31112,0.020703,uncalibrated,Austropotamobius_fulcisianus_pooled,local_only,20
0,2537,0.00459,0.119196,-0.0033,-0.002711,0.183287,0.213244,-0.00059,uncalibrated,Austropotamobius_fulcisianus_pooled,upstream_only,3
1,2536,0.119202,0.29592,-0.003178,-0.003519,0.301262,0.311514,0.000341,uncalibrated,Austropotamobius_fulcisianus_pooled,upstream_only,3
2,6771,0.295993,0.527157,0.000556,0.000181,0.902378,0.901787,0.000375,uncalibrated,Austropotamobius_fulcisianus_pooled,upstream_only,3
3,837,0.527686,0.930412,0.001518,-0.001838,0.489845,0.442055,0.003356,uncalibrated,Austropotamobius_fulcisianus_pooled,upstream_only,3
0,2537,0.00459,0.119196,0.008607,-0.004312,0.711864,0.201025,0.012919,uncalibrated,Austropotamobius_fulcisianus_pooled,upstream_only,10
1,2536,0.119202,0.29592,0.005543,-0.008277,0.483044,0.304811,0.01382,uncalibrated,Austropotamobius_fulcisianus_pooled,upstream_only,10
2,6771,0.295993,0.527157,0.001244,-0.001395,0.09969,0.092896,0.002639,uncalibrated,Austropotamobius_fulcisianus_pooled,upstream_only,10
3,837,0.527686,0.930412,-0.002147,-0.00791,0.46356,0.432497,0.005763,uncalibrated,Austropotamobius_fulcisianus_pooled,upstream_only,10
0,2537,0.00459,0.119196,0.012522,-0.000957,0.731573,0.452897,0.013479,uncalibrated,Austropotamobius_fulcisianus_pooled,upstream_only,20
1,2536,0.119202,0.29592,0.011578,-0.006292,0.459779,0.466877,0.01787,uncalibrated,Austropotamobius_fulcisianus_pooled,upstream_only,20
2,6771,0.295993,0.527157,0.00115,-0.002435,0.093635,0.070743,0.003586,uncalibrated,Austropotamobius_fulcisianus_pooled,upstream_only,20
3,837,0.527686,0.930412,-0.002244,-0.01999,0.469534,0.310633,0.017745,uncalibrated,Austropotamobius_fulcisianus_pooled,upstream_only,20
0,2537,0.001764,0.034206,0.001393,0.00014,0.696492,0.53646,0.001253,uncalibrated,Austropotamobius_fulcisianus_pooled,combined,3
1,2536,0.034207,0.084796,0.002812,0.000276,0.744874,0.545347,0.002536,uncalibrated,Austropotamobius_fulcisianus_pooled,combined,3
2,2536,0.084863,0.176651,0.004155,0.000336,0.709779,0.535095,0.003819,uncalibrated,Austropotamobius_fulcisianus_pooled,combined,3
3,2536,0.176689,0.359207,0.004194,-1.4e-05,0.5903,0.513013,0.004208,uncalibrated,Austropotamobius_fulcisianus_pooled,combined,3
4,2536,0.359237,0.976745,0.003121,-0.003876,0.522082,0.431782,0.006997,uncalibrated,Austropotamobius_fulcisianus_pooled,combined,3
0,2537,0.001764,0.034206,0.011875,0.000564,0.974773,0.582184,0.011311,uncalibrated,Austropotamobius_fulcisianus_pooled,combined,10
1,2536,0.034207,0.084796,0.021694,0.001045,0.979101,0.570978,0.020649,uncalibrated,Austropotamobius_fulcisianus_pooled,combined,10
2,2536,0.084863,0.176651,0.024438,0.000991,0.882492,0.54653,0.023447,uncalibrated,Austropotamobius_fulcisianus_pooled,combined,10
3,2536,0.176689,0.359207,0.019103,0.000906,0.669558,0.529574,0.018197,uncalibrated,Austropotamobius_fulcisianus_pooled,combined,10
4,2536,0.359237,0.976745,0.010189,-0.005085,0.544953,0.393927,0.015274,uncalibrated,Austropotamobius_fulcisianus_pooled,combined,10
0,2537,0.001764,0.034206,0.014763,-2.8e-05,0.978715,0.474182,0.014792,uncalibrated,Austropotamobius_fulcisianus_pooled,combined,20
1,2536,0.034207,0.084796,0.027779,-0.000441,0.960568,0.452681,0.02822,uncalibrated,Austropotamobius_fulcisianus_pooled,combined,20
2,2536,0.084863,0.176651,0.031216,-0.002496,0.833596,0.380126,0.033711,uncalibrated,Austropotamobius_fulcisianus_pooled,combined,20
3,2536,0.176689,0.359207,0.025569,-0.005501,0.646293,0.352524,0.031069,uncalibrated,Austropotamobius_fulcisianus_pooled,combined,20
4,2536,0.359237,0.976745,0.015425,-0.014466,0.515379,0.270899,0.029891,uncalibrated,Austropotamobius_fulcisianus_pooled,combined,20
0,9654,0.004666,0.039562,0.001657,0.000226,0.803398,0.558111,0.001431,platt,Procambarus_clarkii_alien,local_only,3
1,9653,0.039565,0.095396,0.001374,2.3e-05,0.683725,0.5072,0.001352,platt,Procambarus_clarkii_alien,local_only,3
2,9653,0.095399,0.198327,0.002237,-0.000548,0.652543,0.469077,0.002785,platt,Procambarus_clarkii_alien,local_only,3
3,9653,0.198331,0.391745,0.004915,-0.001166,0.611313,0.447011,0.006081,platt,Procambarus_clarkii_alien,local_only,3
4,9654,0.391752,0.996486,0.005021,-0.002052,0.566915,0.458152,0.007073,platt,Procambarus_clarkii_alien,local_only,3
0,9654,0.004666,0.039562,0.002612,0.000349,0.796147,0.608556,0.002262,platt,Procambarus_clarkii_alien,local_only,10
1,9653,0.039565,0.095396,0.002289,-0.000171,0.676784,0.50347,0.002461,platt,Procambarus_clarkii_alien,local_only,10
2,9653,0.095399,0.198327,0.004808,-0.001839,0.679167,0.382265,0.006647,platt,Procambarus_clarkii_alien,local_only,10
3,9653,0.198331,0.391745,0.013108,-0.00411,0.640008,0.364861,0.017218,platt,Procambarus_clarkii_alien,local_only,10
4,9654,0.391752,0.996486,0.01576,-0.005667,0.631759,0.389269,0.021427,platt,Procambarus_clarkii_alien,local_only,10
0,9654,0.004666,0.039562,0.003931,1.3e-05,0.792936,0.478144,0.003918,platt,Procambarus_clarkii_alien,local_only,20
1,9653,0.039565,0.095396,0.003608,-0.00042,0.645084,0.468248,0.004028,platt,Procambarus_clarkii_alien,local_only,20
2,9653,0.095399,0.198327,0.00827,-0.003573,0.675541,0.308402,0.011842,platt,Procambarus_clarkii_alien,local_only,20
3,9653,0.198331,0.391745,0.022082,-0.006928,0.631928,0.301357,0.02901,platt,Procambarus_clarkii_alien,local_only,20
4,9654,0.391752,0.996486,0.029148,-0.010317,0.667392,0.324114,0.039465,platt,Procambarus_clarkii_alien,local_only,20
0,9654,0.006091,0.092117,0.001679,-9e-05,0.786099,0.442822,0.001769,platt,Procambarus_clarkii_alien,upstream_only,3
1,9653,0.092118,0.226664,0.002721,-0.000147,0.652232,0.464519,0.002868,platt,Procambarus_clarkii_alien,upstream_only,3
2,26368,0.22668,0.549865,0.002032,-0.000213,0.834496,0.806129,0.002245,platt,Procambarus_clarkii_alien,upstream_only,3
3,2592,0.549974,0.979878,0.001497,-0.001386,0.5,0.457176,0.002883,platt,Procambarus_clarkii_alien,upstream_only,3
0,9654,0.006091,0.092117,0.00309,-0.000666,0.860369,0.374974,0.003756,platt,Procambarus_clarkii_alien,upstream_only,10
1,9653,0.092118,0.226664,0.00589,-0.001086,0.715943,0.456128,0.006975,platt,Procambarus_clarkii_alien,upstream_only,10
2,26368,0.22668,0.549865,0.005634,-0.001383,0.841512,0.153178,0.007017,platt,Procambarus_clarkii_alien,upstream_only,10
3,2592,0.549974,0.979878,0.003154,-0.006118,0.508488,0.378472,0.009272,platt,Procambarus_clarkii_alien,upstream_only,10
0,9654,0.006091,0.092117,0.007968,-0.000521,0.952041,0.489849,0.008489,platt,Procambarus_clarkii_alien,upstream_only,20
1,9653,0.092118,0.226664,0.013096,-0.002159,0.79136,0.446908,0.015255,platt,Procambarus_clarkii_alien,upstream_only,20
2,26368,0.22668,0.549865,0.009723,-0.002802,0.836999,0.118742,0.012525,platt,Procambarus_clarkii_alien,upstream_only,20
3,2592,0.549974,0.979878,0.006214,-0.012811,0.528164,0.296296,0.019025,platt,Procambarus_clarkii_alien,upstream_only,20
0,9654,0.004273,0.082288,0.002025,0.000512,0.83209,0.619536,0.001513,platt,Procambarus_clarkii_alien,combined,3
1,9653,0.08229,0.15349,0.003004,0.000588,0.792085,0.597949,0.002416,platt,Procambarus_clarkii_alien,combined,3
2,9653,0.153491,0.255516,0.003449,0.000295,0.701751,0.531337,0.003154,platt,Procambarus_clarkii_alien,combined,3
3,9653,0.255577,0.410369,0.003587,-0.000561,0.589972,0.473117,0.004148,platt,Procambarus_clarkii_alien,combined,3
4,9654,0.410384,0.98932,0.003815,-0.002664,0.547856,0.443961,0.006479,platt,Procambarus_clarkii_alien,combined,3
0,9654,0.004273,0.082288,0.004206,-0.000408,0.857054,0.42542,0.004614,platt,Procambarus_clarkii_alien,combined,10
1,9653,0.08229,0.15349,0.00729,-0.000513,0.857868,0.479644,0.007804,platt,Procambarus_clarkii_alien,combined,10
2,9653,0.153491,0.255516,0.009515,-0.001296,0.797472,0.439656,0.010812,platt,Procambarus_clarkii_alien,combined,10
3,9653,0.255577,0.410369,0.010725,-0.003009,0.658863,0.397389,0.013734,platt,Procambarus_clarkii_alien,combined,10
4,9654,0.410384,0.98932,0.01144,-0.006472,0.597265,0.375596,0.017912,platt,Procambarus_clarkii_alien,combined,10
0,9654,0.004273,0.082288,0.01036,-0.000688,0.961052,0.457323,0.011048,platt,Procambarus_clarkii_alien,combined,20
1,9653,0.08229,0.15349,0.014898,-0.001128,0.940226,0.484513,0.016026,platt,Procambarus_clarkii_alien,combined,20
2,9653,0.153491,0.255516,0.017679,-0.002489,0.866466,0.411064,0.020168,platt,Procambarus_clarkii_alien,combined,20
3,9653,0.255577,0.410369,0.018183,-0.005988,0.674298,0.323941,0.024171,platt,Procambarus_clarkii_alien,combined,20
4,9654,0.410384,0.98932,0.021175,-0.011249,0.610006,0.303087,0.032424,platt,Procambarus_clarkii_alien,combined,20
0,7490,0.001992,0.064511,0.020582,0.000529,0.971963,0.70534,0.020053,platt,Pacifastacus_leniusculus_alien,local_only,3
1,7490,0.064522,0.130291,0.013018,0.000631,0.891188,0.566756,0.012387,platt,Pacifastacus_leniusculus_alien,local_only,3
2,7489,0.130293,0.274439,0.013431,0.000618,0.630792,0.47029,0.012813,platt,Pacifastacus_leniusculus_alien,local_only,3
3,7490,0.274461,0.421739,0.011993,-0.000351,0.560614,0.476368,0.012345,platt,Pacifastacus_leniusculus_alien,local_only,3
4,7490,0.421743,0.940002,0.003143,-0.003825,0.488518,0.42964,0.006967,platt,Pacifastacus_leniusculus_alien,local_only,3
0,7490,0.001992,0.064511,0.050857,-0.00013,0.967824,0.568491,0.050988,platt,Pacifastacus_leniusculus_alien,local_only,10
1,7490,0.064522,0.130291,0.035173,-0.00091,0.919092,0.35514,0.036083,platt,Pacifastacus_leniusculus_alien,local_only,10
2,7489,0.130293,0.274439,0.036592,-0.001429,0.650154,0.380959,0.038021,platt,Pacifastacus_leniusculus_alien,local_only,10
3,7490,0.274461,0.421739,0.029468,-0.002737,0.540854,0.398932,0.032205,platt,Pacifastacus_leniusculus_alien,local_only,10
4,7490,0.421743,0.940002,0.004941,-0.007272,0.451268,0.385047,0.012213,platt,Pacifastacus_leniusculus_alien,local_only,10
0,7490,0.001992,0.064511,0.072294,-0.000311,0.973431,0.41976,0.072605,platt,Pacifastacus_leniusculus_alien,local_only,20
1,7490,0.064522,0.130291,0.054724,-0.000449,0.940053,0.434446,0.055172,platt,Pacifastacus_leniusculus_alien,local_only,20
2,7489,0.130293,0.274439,0.058499,-0.001784,0.669649,0.380291,0.060283,platt,Pacifastacus_leniusculus_alien,local_only,20
3,7490,0.274461,0.421739,0.045754,-0.005028,0.523765,0.365154,0.050781,platt,Pacifastacus_leniusculus_alien,local_only,20
4,7490,0.421743,0.940002,0.003903,-0.013047,0.427236,0.306809,0.01695,platt,Pacifastacus_leniusculus_alien,local_only,20
0,7490,0.004204,0.17415,0.000684,0.000497,0.583845,0.697196,0.000187,platt,Pacifastacus_leniusculus_alien,upstream_only,3
1,7490,0.174153,0.270988,0.003041,0.000408,0.555007,0.569826,0.002633,platt,Pacifastacus_leniusculus_alien,upstream_only,3
2,18246,0.27099,0.416112,0.008879,-9.7e-05,0.873068,0.852351,0.008976,platt,Pacifastacus_leniusculus_alien,upstream_only,3
3,4223,0.416147,0.901382,-0.001722,-0.003639,0.451338,0.437367,0.001917,platt,Pacifastacus_leniusculus_alien,upstream_only,3
0,7490,0.004204,0.17415,0.004671,0.000889,0.504673,0.780107,0.003782,platt,Pacifastacus_leniusculus_alien,upstream_only,10
1,7490,0.174153,0.270988,0.010679,0.000213,0.55247,0.562083,0.010466,platt,Pacifastacus_leniusculus_alien,upstream_only,10
2,18246,0.27099,0.416112,0.025241,-0.000105,0.880851,0.825058,0.025346,platt,Pacifastacus_leniusculus_alien,upstream_only,10
3,4223,0.416147,0.901382,-0.000795,-0.006076,0.404215,0.397348,0.005281,platt,Pacifastacus_leniusculus_alien,upstream_only,10
0,7490,0.004204,0.17415,0.006285,0.000437,0.451535,0.569426,0.005847,platt,Pacifastacus_leniusculus_alien,upstream_only,20
1,7490,0.174153,0.270988,0.01765,0.00026,0.562617,0.546462,0.017389,platt,Pacifastacus_leniusculus_alien,upstream_only,20
2,18246,0.27099,0.416112,0.042526,-0.00277,0.871917,0.102324,0.045296,platt,Pacifastacus_leniusculus_alien,upstream_only,20
3,4223,0.416147,0.901382,-0.004878,-0.009776,0.339569,0.351172,0.004898,platt,Pacifastacus_leniusculus_alien,upstream_only,20
0,7490,0.001395,0.101988,0.002793,-0.00028,0.857543,0.28972,0.003073,platt,Pacifastacus_leniusculus_alien,combined,3
1,7490,0.101989,0.162723,0.007076,-0.000242,0.862083,0.353538,0.007318,platt,Pacifastacus_leniusculus_alien,combined,3
2,7489,0.162732,0.23742,0.020341,0.000352,0.734811,0.46802,0.019989,platt,Pacifastacus_leniusculus_alien,combined,3
3,7490,0.23742,0.379795,0.014367,-0.000146,0.640721,0.464486,0.014513,platt,Pacifastacus_leniusculus_alien,combined,3
4,7490,0.379805,0.935202,0.004548,-0.003584,0.498398,0.432443,0.008132,platt,Pacifastacus_leniusculus_alien,combined,3
0,7490,0.001395,0.101988,0.010297,0.00011,0.902003,0.271162,0.010187,platt,Pacifastacus_leniusculus_alien,combined,10
1,7490,0.101989,0.162723,0.020375,-0.000944,0.888251,0.266355,0.021319,platt,Pacifastacus_leniusculus_alien,combined,10
2,7489,0.162732,0.23742,0.055986,-0.001476,0.783015,0.351449,0.057462,platt,Pacifastacus_leniusculus_alien,combined,10
3,7490,0.23742,0.379795,0.035692,-0.002506,0.682109,0.379306,0.038198,platt,Pacifastacus_leniusculus_alien,combined,10
4,7490,0.379805,0.935202,0.009112,-0.007129,0.473031,0.371562,0.016241,platt,Pacifastacus_leniusculus_alien,combined,10
0,7490,0.001395,0.101988,0.018601,0.00116,0.910147,0.487183,0.01744,platt,Pacifastacus_leniusculus_alien,combined,20
1,7490,0.101989,0.162723,0.033377,-1e-06,0.908411,0.446462,0.033378,platt,Pacifastacus_leniusculus_alien,combined,20
2,7489,0.162732,0.23742,0.090669,-0.002208,0.79984,0.39124,0.092877,platt,Pacifastacus_leniusculus_alien,combined,20
3,7490,0.23742,0.379795,0.053348,-0.005268,0.683178,0.329506,0.058617,platt,Pacifastacus_leniusculus_alien,combined,20
4,7490,0.379805,0.935202,0.00989,-0.013248,0.44219,0.298264,0.023138,platt,Pacifastacus_leniusculus_alien,combined,20
0,4011,0.017127,0.224764,0.012161,-0.001428,0.828222,0.379207,0.013589,platt,Faxonius_limosus_alien,local_only,3
1,4010,0.224785,0.304394,0.01532,-0.001,0.69601,0.454115,0.01632,platt,Faxonius_limosus_alien,local_only,3
2,4010,0.304405,0.376674,0.013376,-0.001417,0.637905,0.453865,0.014793,platt,Faxonius_limosus_alien,local_only,3
3,4010,0.376681,0.489871,0.007857,-0.002778,0.561596,0.430175,0.010635,platt,Faxonius_limosus_alien,local_only,3
4,4011,0.48989,0.896643,-0.001236,-0.003124,0.442284,0.428571,0.001888,platt,Faxonius_limosus_alien,local_only,3
0,4011,0.017127,0.224764,0.026108,-0.002197,0.884318,0.34904,0.028305,platt,Faxonius_limosus_alien,local_only,10
1,4010,0.224785,0.304394,0.034495,-0.002445,0.71596,0.412718,0.03694,platt,Faxonius_limosus_alien,local_only,10
2,4010,0.304405,0.376674,0.030023,-0.004153,0.607232,0.3798,0.034176,platt,Faxonius_limosus_alien,local_only,10
3,4010,0.376681,0.489871,0.016301,-0.006608,0.499252,0.354613,0.022909,platt,Faxonius_limosus_alien,local_only,10
4,4011,0.48989,0.896643,-0.003151,-0.007482,0.363002,0.344802,0.004331,platt,Faxonius_limosus_alien,local_only,10
0,4011,0.017127,0.224764,0.045081,-0.008474,0.901272,0.209673,0.053555,platt,Faxonius_limosus_alien,local_only,20
1,4010,0.224785,0.304394,0.053853,-0.006972,0.742643,0.309975,0.060825,platt,Faxonius_limosus_alien,local_only,20
2,4010,0.304405,0.376674,0.044368,-0.008064,0.588279,0.30798,0.052432,platt,Faxonius_limosus_alien,local_only,20
3,4010,0.376681,0.489871,0.021189,-0.012359,0.452868,0.269327,0.033548,platt,Faxonius_limosus_alien,local_only,20
4,4011,0.48989,0.896643,-0.009395,-0.015413,0.299676,0.249813,0.006018,platt,Faxonius_limosus_alien,local_only,20
0,4011,0.108733,0.31219,0.001853,-0.001583,0.504862,0.427076,0.003436,platt,Faxonius_limosus_alien,upstream_only,3
1,4010,0.312229,0.435781,0.003833,-0.002891,0.496259,0.419451,0.006724,platt,Faxonius_limosus_alien,upstream_only,3
2,8744,0.43586,0.448263,0.005394,-0.000189,0.985133,0.014524,0.005582,platt,Faxonius_limosus_alien,upstream_only,3
3,3287,0.448281,0.90673,-0.001705,-0.003746,0.470033,0.455735,0.002042,platt,Faxonius_limosus_alien,upstream_only,3
0,4011,0.108733,0.31219,0.003734,-0.002134,0.495886,0.393169,0.005868,platt,Faxonius_limosus_alien,upstream_only,10
1,4010,0.312229,0.435781,0.007729,-0.005069,0.45586,0.368828,0.012798,platt,Faxonius_limosus_alien,upstream_only,10
2,8744,0.43586,0.448263,0.01747,-0.001538,0.98193,0.010865,0.019009,platt,Faxonius_limosus_alien,upstream_only,10
3,3287,0.448281,0.90673,-0.005633,-0.007916,0.387283,0.400365,0.002283,platt,Faxonius_limosus_alien,upstream_only,10
0,4011,0.108733,0.31219,0.007704,-0.006,0.519073,0.349289,0.013704,platt,Faxonius_limosus_alien,upstream_only,20
1,4010,0.312229,0.435781,0.011322,-0.010511,0.435411,0.301496,0.021832,platt,Faxonius_limosus_alien,upstream_only,20
2,8744,0.43586,0.448263,0.032108,-0.003249,0.980444,0.009721,0.035357,platt,Faxonius_limosus_alien,upstream_only,20
3,3287,0.448281,0.90673,-0.0119,-0.014024,0.326742,0.325221,0.002124,platt,Faxonius_limosus_alien,upstream_only,20
0,4011,0.043808,0.252663,0.024203,0.000563,0.931439,0.546746,0.02364,platt,Faxonius_limosus_alien,combined,3
1,4010,0.252739,0.321669,0.018909,0.00044,0.753367,0.505736,0.018469,platt,Faxonius_limosus_alien,combined,3
2,4010,0.321678,0.382222,0.013585,0.000189,0.622444,0.497257,0.013396,platt,Faxonius_limosus_alien,combined,3
3,4010,0.382233,0.485649,0.00596,-0.001726,0.535661,0.444888,0.007686,platt,Faxonius_limosus_alien,combined,3
4,4011,0.485677,0.810857,-0.003101,-0.003391,0.413363,0.423585,0.00029,platt,Faxonius_limosus_alien,combined,3
0,4011,0.043808,0.252663,0.042455,-0.001005,0.944902,0.408876,0.04346,platt,Faxonius_limosus_alien,combined,10
1,4010,0.252739,0.321669,0.037906,-0.000229,0.766833,0.488778,0.038135,platt,Faxonius_limosus_alien,combined,10
2,4010,0.321678,0.382222,0.0283,-0.001744,0.617456,0.4399,0.030044,platt,Faxonius_limosus_alien,combined,10
3,4010,0.382233,0.485649,0.014625,-0.005559,0.519701,0.369077,0.020185,platt,Faxonius_limosus_alien,combined,10
4,4011,0.485677,0.810857,-0.005092,-0.008387,0.354774,0.334829,0.003295,platt,Faxonius_limosus_alien,combined,10
0,4011,0.043808,0.252663,0.069294,-0.004449,0.957617,0.24358,0.073743,platt,Faxonius_limosus_alien,combined,20
1,4010,0.252739,0.321669,0.057958,-0.004515,0.776808,0.348878,0.062473,platt,Faxonius_limosus_alien,combined,20
2,4010,0.321678,0.382222,0.039706,-0.0068,0.572818,0.324688,0.046505,platt,Faxonius_limosus_alien,combined,20
3,4010,0.382233,0.485649,0.017791,-0.012691,0.450623,0.26384,0.030482,platt,Faxonius_limosus_alien,combined,20
4,4011,0.485677,0.810857,-0.013024,-0.015728,0.263525,0.243082,0.002704,platt,Faxonius_limosus_alien,combined,20
0,2913,0.025237,0.104126,0.022819,0.000897,0.965328,0.572606,0.021923,platt,Astacus_astacus,local_only,3
1,2912,0.104126,0.159984,0.025416,-0.000283,0.957761,0.473558,0.025699,platt,Astacus_astacus,local_only,3
2,2912,0.159989,0.288686,0.027044,-0.001077,0.880838,0.4375,0.028121,platt,Astacus_astacus,local_only,3
3,2912,0.288706,0.483582,0.022372,-0.000709,0.777816,0.486607,0.023081,platt,Astacus_astacus,local_only,3
4,2913,0.483708,0.95346,-1e-06,-0.001695,0.465499,0.456917,0.001694,platt,Astacus_astacus,local_only,3
0,2913,0.025237,0.104126,0.062073,0.000823,0.982149,0.544799,0.06125,platt,Astacus_astacus,local_only,10
1,2912,0.104126,0.159984,0.066363,-0.001179,0.98489,0.40522,0.067542,platt,Astacus_astacus,local_only,10
2,2912,0.159989,0.288686,0.067607,-0.003769,0.941277,0.308379,0.071376,platt,Astacus_astacus,local_only,10
3,2912,0.288706,0.483582,0.047822,-0.003805,0.800824,0.394231,0.051628,platt,Astacus_astacus,local_only,10
4,2913,0.483708,0.95346,-0.001234,-0.003498,0.387573,0.416066,0.002264,platt,Astacus_astacus,local_only,10
0,2913,0.025237,0.104126,0.102261,0.000317,0.987985,0.504291,0.101944,platt,Astacus_astacus,local_only,20
1,2912,0.104126,0.159984,0.107886,-0.000635,0.984203,0.450549,0.10852,platt,Astacus_astacus,local_only,20
2,2912,0.159989,0.288686,0.107171,-0.001285,0.950893,0.462569,0.108457,platt,Astacus_astacus,local_only,20
3,2912,0.288706,0.483582,0.073123,-0.005787,0.806319,0.344437,0.07891,platt,Astacus_astacus,local_only,20
4,2913,0.483708,0.95346,-0.004788,-0.011252,0.348438,0.277377,0.006464,platt,Astacus_astacus,local_only,20
0,2913,0.023596,0.162311,0.01023,5e-05,0.857535,0.493992,0.01018,platt,Astacus_astacus,upstream_only,3
1,2912,0.162331,0.424424,0.010008,-0.001736,0.70364,0.413118,0.011743,platt,Astacus_astacus,upstream_only,3
2,6322,0.424484,0.43712,0.009715,0.001297,0.987978,0.985289,0.008417,platt,Astacus_astacus,upstream_only,3
3,2415,0.437162,0.892452,-0.00103,-0.003301,0.424431,0.39793,0.00227,platt,Astacus_astacus,upstream_only,3
0,2913,0.023596,0.162311,0.028042,-0.001709,0.931686,0.347065,0.02975,platt,Astacus_astacus,upstream_only,10
1,2912,0.162331,0.424424,0.032316,-0.004498,0.774382,0.298764,0.036814,platt,Astacus_astacus,upstream_only,10
2,6322,0.424484,0.43712,0.025295,0.001254,0.990351,0.985131,0.024041,platt,Astacus_astacus,upstream_only,10
3,2415,0.437162,0.892452,-0.002428,-0.005149,0.3706,0.372671,0.002721,platt,Astacus_astacus,upstream_only,10
0,2913,0.023596,0.162311,0.052871,-0.003506,0.961208,0.291452,0.056378,platt,Astacus_astacus,upstream_only,20
1,2912,0.162331,0.424424,0.052822,-0.005396,0.793269,0.36092,0.058218,platt,Astacus_astacus,upstream_only,20
2,6322,0.424484,0.43712,0.042854,0.001876,0.989086,0.982759,0.040978,platt,Astacus_astacus,upstream_only,20
3,2415,0.437162,0.892452,-0.005539,-0.011984,0.32588,0.262526,0.006444,platt,Astacus_astacus,upstream_only,20
0,2913,0.021168,0.09324,0.020493,0.000847,0.961208,0.561964,0.019646,platt,Astacus_astacus,combined,3
1,2912,0.093277,0.148274,0.027801,0.000245,0.970467,0.513736,0.027556,platt,Astacus_astacus,combined,3
2,2912,0.148336,0.288051,0.031447,9.2e-05,0.940591,0.518887,0.031355,platt,Astacus_astacus,combined,3
3,2912,0.288064,0.473896,0.021884,-1.5e-05,0.791209,0.519231,0.0219,platt,Astacus_astacus,combined,3
4,2913,0.473954,0.939303,0.000354,-0.001494,0.470649,0.466186,0.001848,platt,Astacus_astacus,combined,3
0,2913,0.021168,0.09324,0.057356,0.000513,0.991761,0.536217,0.056842,platt,Astacus_astacus,combined,10
1,2912,0.093277,0.148274,0.071314,-0.000958,0.993132,0.428915,0.072272,platt,Astacus_astacus,combined,10
2,2912,0.148336,0.288051,0.075808,-0.002728,0.960165,0.36092,0.078536,platt,Astacus_astacus,combined,10
3,2912,0.288064,0.473896,0.046478,-0.00384,0.805632,0.399382,0.050318,platt,Astacus_astacus,combined,10
4,2913,0.473954,0.939303,-0.000803,-0.005114,0.396842,0.384483,0.004311,platt,Astacus_astacus,combined,10
0,2913,0.021168,0.09324,0.09637,-9.8e-05,0.996224,0.476141,0.096468,platt,Astacus_astacus,combined,20
1,2912,0.093277,0.148274,0.116795,-0.000848,0.994849,0.432349,0.117642,platt,Astacus_astacus,combined,20
2,2912,0.148336,0.288051,0.119306,-0.001618,0.961195,0.463942,0.120925,platt,Astacus_astacus,combined,20
3,2912,0.288064,0.473896,0.069244,-0.005606,0.790865,0.393544,0.074851,platt,Astacus_astacus,combined,20
4,2913,0.473954,0.939303,-0.004762,-0.011567,0.360453,0.278407,0.006805,platt,Astacus_astacus,combined,20
0,3864,0.001643,0.058322,0.001633,0.000788,0.781056,0.690217,0.000845,platt,Procambarus_clarkii_native,local_only,3
1,3864,0.058323,0.091244,0.002666,0.000928,0.867236,0.759576,0.001738,platt,Procambarus_clarkii_native,local_only,3
2,3864,0.09125,0.126453,0.00284,0.000698,0.871377,0.700569,0.002142,platt,Procambarus_clarkii_native,local_only,3
3,3864,0.126453,0.193061,0.002845,0.000735,0.817805,0.61206,0.00211,platt,Procambarus_clarkii_native,local_only,3
4,3864,0.193067,0.990699,0.00408,0.000455,0.589027,0.510352,0.003625,platt,Procambarus_clarkii_native,local_only,3
0,3864,0.001643,0.058322,0.003784,2.3e-05,0.781832,0.503623,0.003761,platt,Procambarus_clarkii_native,local_only,10
1,3864,0.058323,0.091244,0.006304,0.000849,0.877847,0.667961,0.005455,platt,Procambarus_clarkii_native,local_only,10
2,3864,0.09125,0.126453,0.006576,0.000766,0.903986,0.66589,0.00581,platt,Procambarus_clarkii_native,local_only,10
3,3864,0.126453,0.193061,0.005946,-0.000116,0.843944,0.5647,0.006062,platt,Procambarus_clarkii_native,local_only,10
4,3864,0.193067,0.990699,0.004982,-0.006627,0.560041,0.380435,0.011609,platt,Procambarus_clarkii_native,local_only,10
0,3864,0.001643,0.058322,0.006362,0.000599,0.866201,0.526398,0.005763,platt,Procambarus_clarkii_native,local_only,20
1,3864,0.058323,0.091244,0.009873,1e-06,0.913043,0.536749,0.009872,platt,Procambarus_clarkii_native,local_only,20
2,3864,0.09125,0.126453,0.009871,-0.001614,0.919772,0.408644,0.011485,platt,Procambarus_clarkii_native,local_only,20
3,3864,0.126453,0.193061,0.007924,-0.004067,0.842133,0.268634,0.011991,platt,Procambarus_clarkii_native,local_only,20
4,3864,0.193067,0.990699,0.008926,-0.015144,0.552536,0.26087,0.024071,platt,Procambarus_clarkii_native,local_only,20
0,3864,0.007774,0.056469,0.001454,0.000883,0.853261,0.783126,0.00057,platt,Procambarus_clarkii_native,upstream_only,3
1,3864,0.056489,0.146829,0.002128,0.001093,0.783126,0.671325,0.001034,platt,Procambarus_clarkii_native,upstream_only,3
2,3864,0.14684,0.289436,0.001844,-0.000564,0.694617,0.367495,0.002407,platt,Procambarus_clarkii_native,upstream_only,3
3,7196,0.289462,0.561714,-0.000513,-0.001095,0.089911,0.090884,0.000582,platt,Procambarus_clarkii_native,upstream_only,3
4,532,0.562887,0.943744,0.001223,-0.00269,0.548872,0.413534,0.003913,platt,Procambarus_clarkii_native,upstream_only,3
0,3864,0.007774,0.056469,0.000541,0.001045,0.694876,0.822723,-0.000504,platt,Procambarus_clarkii_native,upstream_only,10
1,3864,0.056489,0.146829,0.002517,0.002825,0.744824,0.833592,-0.000308,platt,Procambarus_clarkii_native,upstream_only,10
2,3864,0.14684,0.289436,0.004323,0.0004,0.73706,0.475414,0.003922,platt,Procambarus_clarkii_native,upstream_only,10
3,7196,0.289462,0.561714,-0.000836,-0.002527,0.085881,0.06726,0.001692,platt,Procambarus_clarkii_native,upstream_only,10
4,532,0.562887,0.943744,0.00091,-0.010515,0.509398,0.31391,0.011425,platt,Procambarus_clarkii_native,upstream_only,10
0,3864,0.007774,0.056469,0.00052,0.000689,0.689441,0.738872,-0.00017,platt,Procambarus_clarkii_native,upstream_only,20
1,3864,0.056489,0.146829,0.002261,0.003848,0.667961,0.791925,-0.001588,platt,Procambarus_clarkii_native,upstream_only,20
2,3864,0.14684,0.289436,0.006226,0.001349,0.719462,0.475673,0.004877,platt,Procambarus_clarkii_native,upstream_only,20
3,7196,0.289462,0.561714,0.001394,-0.006948,0.881879,0.058505,0.008341,platt,Procambarus_clarkii_native,upstream_only,20
4,532,0.562887,0.943744,0.005395,-0.016047,0.509398,0.274436,0.021441,platt,Procambarus_clarkii_native,upstream_only,20
0,3864,0.002563,0.073995,0.001449,0.001059,0.778468,0.696687,0.000391,platt,Procambarus_clarkii_native,combined,3
1,3864,0.074003,0.1167,0.001963,0.001024,0.865942,0.684006,0.000939,platt,Procambarus_clarkii_native,combined,3
2,3864,0.116701,0.150653,0.001677,0.000402,0.803054,0.570911,0.001274,platt,Procambarus_clarkii_native,combined,3
3,3864,0.150659,0.204541,0.001743,0.000125,0.686853,0.472826,0.001617,platt,Procambarus_clarkii_native,combined,3
4,3864,0.204641,0.987633,0.003655,-0.001331,0.575311,0.460663,0.004986,platt,Procambarus_clarkii_native,combined,3
0,3864,0.002563,0.073995,0.00193,-3e-05,0.707816,0.481884,0.00196,platt,Procambarus_clarkii_native,combined,10
1,3864,0.074003,0.1167,0.004426,0.00086,0.838509,0.626294,0.003566,platt,Procambarus_clarkii_native,combined,10
2,3864,0.116701,0.150653,0.004103,0.000172,0.866977,0.550725,0.003931,platt,Procambarus_clarkii_native,combined,10
3,3864,0.150659,0.204541,0.00405,-0.000494,0.799431,0.461698,0.004544,platt,Procambarus_clarkii_native,combined,10
4,3864,0.204641,0.987633,0.005617,-0.005606,0.564182,0.409938,0.011222,platt,Procambarus_clarkii_native,combined,10
0,3864,0.002563,0.073995,0.003509,0.001565,0.73266,0.524327,0.001944,platt,Procambarus_clarkii_native,combined,20
1,3864,0.074003,0.1167,0.006768,0.001046,0.884317,0.559524,0.005723,platt,Procambarus_clarkii_native,combined,20
2,3864,0.116701,0.150653,0.005944,-0.002255,0.876035,0.340321,0.008199,platt,Procambarus_clarkii_native,combined,20
3,3864,0.150659,0.204541,0.004704,-0.00515,0.657609,0.19177,0.009854,platt,Procambarus_clarkii_native,combined,20
4,3864,0.204641,0.987633,0.010853,-0.015424,0.564441,0.249741,0.026277,platt,Procambarus_clarkii_native,combined,20
0,4589,0.021916,0.214539,0.001571,0.001744,0.580301,0.489649,-0.000173,platt,Pontastacus_leptodactylus_pooled,local_only,3
1,4589,0.214554,0.279073,0.002781,-0.001443,0.588581,0.430813,0.004224,platt,Pontastacus_leptodactylus_pooled,local_only,3
2,4589,0.279073,0.349413,0.002947,-0.002186,0.566136,0.418392,0.005133,platt,Pontastacus_leptodactylus_pooled,local_only,3
3,4589,0.349423,0.461406,0.002419,-0.002714,0.541948,0.428852,0.005134,platt,Pontastacus_leptodactylus_pooled,local_only,3
4,4589,0.461429,0.92991,0.00012,-0.002768,0.488124,0.447374,0.002888,platt,Pontastacus_leptodactylus_pooled,local_only,3
0,4589,0.021916,0.214539,0.016023,0.00012,0.76618,0.431249,0.015903,platt,Pontastacus_leptodactylus_pooled,local_only,10
1,4589,0.214554,0.279073,0.014213,-0.004728,0.728699,0.346917,0.018941,platt,Pontastacus_leptodactylus_pooled,local_only,10
2,4589,0.279073,0.349413,0.01493,-0.005992,0.706472,0.346917,0.020922,platt,Pontastacus_leptodactylus_pooled,local_only,10
3,4589,0.349423,0.461406,0.012119,-0.006536,0.645892,0.367182,0.018655,platt,Pontastacus_leptodactylus_pooled,local_only,10
4,4589,0.461429,0.92991,0.00096,-0.006141,0.472434,0.400741,0.007101,platt,Pontastacus_leptodactylus_pooled,local_only,10
0,4589,0.021916,0.214539,0.026294,-0.004505,0.791676,0.356505,0.0308,platt,Pontastacus_leptodactylus_pooled,local_only,20
1,4589,0.214554,0.279073,0.026185,-0.00777,0.792329,0.275005,0.033955,platt,Pontastacus_leptodactylus_pooled,local_only,20
2,4589,0.279073,0.349413,0.027623,-0.011354,0.761168,0.235127,0.038977,platt,Pontastacus_leptodactylus_pooled,local_only,20
3,4589,0.349423,0.461406,0.02099,-0.01525,0.679887,0.267379,0.036239,platt,Pontastacus_leptodactylus_pooled,local_only,20
4,4589,0.461429,0.92991,0.000825,-0.01661,0.447156,0.280889,0.017435,platt,Pontastacus_leptodactylus_pooled,local_only,20
0,4589,0.081013,0.24171,0.002291,0.001249,0.580519,0.572238,0.001042,platt,Pontastacus_leptodactylus_pooled,upstream_only,3
1,4589,0.241719,0.372267,0.001645,-0.0003,0.520811,0.490957,0.001944,platt,Pontastacus_leptodactylus_pooled,upstream_only,3
2,11259,0.37234,0.485367,0.001197,-0.001401,0.897771,0.086864,0.002598,platt,Pontastacus_leptodactylus_pooled,upstream_only,3
3,2508,0.485378,0.98332,-0.002147,-0.001071,0.458134,0.488437,-0.001076,platt,Pontastacus_leptodactylus_pooled,upstream_only,3
0,4589,0.081013,0.24171,0.002337,-0.001106,0.499455,0.488778,0.003443,platt,Pontastacus_leptodactylus_pooled,upstream_only,10
1,4589,0.241719,0.372267,0.008103,-0.004761,0.591632,0.40183,0.012865,platt,Pontastacus_leptodactylus_pooled,upstream_only,10
2,11259,0.37234,0.485367,0.007404,-0.00366,0.906741,0.079581,0.011064,platt,Pontastacus_leptodactylus_pooled,upstream_only,10
3,2508,0.485378,0.98332,0.000183,-0.004159,0.488437,0.450957,0.004342,platt,Pontastacus_leptodactylus_pooled,upstream_only,10
0,4589,0.081013,0.24171,0.009463,0.000345,0.65657,0.570059,0.009118,platt,Pontastacus_leptodactylus_pooled,upstream_only,20
1,4589,0.241719,0.372267,0.014602,-0.007106,0.611244,0.353672,0.021708,platt,Pontastacus_leptodactylus_pooled,upstream_only,20
2,11259,0.37234,0.485367,0.011449,-0.003581,0.901945,0.072387,0.01503,platt,Pontastacus_leptodactylus_pooled,upstream_only,20
3,2508,0.485378,0.98332,-0.003197,-0.011137,0.431021,0.35925,0.007939,platt,Pontastacus_leptodactylus_pooled,upstream_only,20
0,4589,0.031463,0.206003,0.001263,2.3e-05,0.535411,0.500763,0.001241,platt,Pontastacus_leptodactylus_pooled,combined,3
1,4589,0.206053,0.270714,0.003596,-0.001051,0.609283,0.455219,0.004646,platt,Pontastacus_leptodactylus_pooled,combined,3
2,4589,0.270724,0.339032,0.004387,-0.000965,0.608411,0.470037,0.005352,platt,Pontastacus_leptodactylus_pooled,combined,3
3,4589,0.339037,0.453014,0.00467,-0.001645,0.565265,0.456962,0.006315,platt,Pontastacus_leptodactylus_pooled,combined,3
4,4589,0.453015,0.973164,-0.000454,-0.002205,0.477446,0.459141,0.00175,platt,Pontastacus_leptodactylus_pooled,combined,3
0,4589,0.031463,0.206003,0.008902,-0.002451,0.604489,0.419046,0.011353,platt,Pontastacus_leptodactylus_pooled,combined,10
1,4589,0.206053,0.270714,0.014797,-0.004536,0.730442,0.346045,0.019333,platt,Pontastacus_leptodactylus_pooled,combined,10
2,4589,0.270724,0.339032,0.015565,-0.006053,0.739813,0.3528,0.021618,platt,Pontastacus_leptodactylus_pooled,combined,10
3,4589,0.339037,0.453014,0.013696,-0.006433,0.66703,0.369362,0.020129,platt,Pontastacus_leptodactylus_pooled,combined,10
4,4589,0.453015,0.973164,0.001245,-0.005954,0.487252,0.392678,0.007199,platt,Pontastacus_leptodactylus_pooled,combined,10
0,4589,0.031463,0.206003,0.019639,-0.002594,0.691654,0.435171,0.022234,platt,Pontastacus_leptodactylus_pooled,combined,20
1,4589,0.206053,0.270714,0.027042,-0.007195,0.782306,0.303552,0.034237,platt,Pontastacus_leptodactylus_pooled,combined,20
2,4589,0.270724,0.339032,0.027961,-0.010904,0.775768,0.272826,0.038865,platt,Pontastacus_leptodactylus_pooled,combined,20
3,4589,0.339037,0.453014,0.023581,-0.014457,0.685117,0.292438,0.038038,platt,Pontastacus_leptodactylus_pooled,combined,20
4,4589,0.453015,0.973164,3.9e-05,-0.014798,0.437786,0.300501,0.014837,platt,Pontastacus_leptodactylus_pooled,combined,20
0,2375,0.025532,0.178752,0.015907,0.000988,0.941895,0.613474,0.014919,platt,Austropotamobius_torrentium_pooled,local_only,3
1,2374,0.17876,0.247587,0.019551,0.000877,0.928812,0.596462,0.018673,platt,Austropotamobius_torrentium_pooled,local_only,3
2,2374,0.247588,0.316285,0.016436,0.000805,0.844987,0.562342,0.015631,platt,Austropotamobius_torrentium_pooled,local_only,3
3,2374,0.316305,0.415361,0.013037,-2.5e-05,0.721146,0.496209,0.013062,platt,Austropotamobius_torrentium_pooled,local_only,3
4,2375,0.415366,0.936928,0.00357,-0.002014,0.534316,0.449263,0.005584,platt,Austropotamobius_torrentium_pooled,local_only,3
0,2375,0.025532,0.178752,0.034057,-0.001499,0.961684,0.420632,0.035556,platt,Austropotamobius_torrentium_pooled,local_only,10
1,2374,0.17876,0.247587,0.044463,-0.002146,0.97262,0.402696,0.04661,platt,Austropotamobius_torrentium_pooled,local_only,10
2,2374,0.247588,0.316285,0.03839,-0.002103,0.917018,0.427548,0.040493,platt,Austropotamobius_torrentium_pooled,local_only,10
3,2374,0.316305,0.415361,0.033025,-0.003662,0.797388,0.382898,0.036686,platt,Austropotamobius_torrentium_pooled,local_only,10
4,2375,0.415366,0.936928,0.018269,-0.005142,0.613053,0.384842,0.023411,platt,Austropotamobius_torrentium_pooled,local_only,10
0,2375,0.025532,0.178752,0.05286,-0.003941,0.965474,0.251368,0.056801,platt,Austropotamobius_torrentium_pooled,local_only,20
1,2374,0.17876,0.247587,0.074809,-0.003059,0.980623,0.35973,0.077869,platt,Austropotamobius_torrentium_pooled,local_only,20
2,2374,0.247588,0.316285,0.062655,-0.003888,0.933446,0.39722,0.066543,platt,Austropotamobius_torrentium_pooled,local_only,20
3,2374,0.316305,0.415361,0.047616,-0.007925,0.762848,0.303286,0.055541,platt,Austropotamobius_torrentium_pooled,local_only,20
4,2375,0.415366,0.936928,0.022782,-0.012816,0.559579,0.272421,0.035598,platt,Austropotamobius_torrentium_pooled,local_only,20
0,2375,0.263201,0.302105,0.005017,5.4e-05,0.636211,0.503158,0.004962,platt,Austropotamobius_torrentium_pooled,upstream_only,3
1,2374,0.302107,0.400668,0.010832,-0.000472,0.675653,0.471778,0.011305,platt,Austropotamobius_torrentium_pooled,upstream_only,3
2,5961,0.400671,0.478286,0.00431,0.001423,0.952189,0.935414,0.002887,platt,Austropotamobius_torrentium_pooled,upstream_only,3
3,1162,0.478439,0.730477,0.001212,-0.001401,0.492255,0.45611,0.002613,platt,Austropotamobius_torrentium_pooled,upstream_only,3
0,2375,0.263201,0.302105,0.009935,-0.004462,0.742737,0.245053,0.014397,platt,Austropotamobius_torrentium_pooled,upstream_only,10
1,2374,0.302107,0.400668,0.023231,-0.003839,0.767481,0.366049,0.02707,platt,Austropotamobius_torrentium_pooled,upstream_only,10
2,5961,0.400671,0.478286,0.013272,0.001254,0.972823,0.9282,0.012018,platt,Austropotamobius_torrentium_pooled,upstream_only,10
3,1162,0.478439,0.730477,0.010655,-0.002699,0.586919,0.456971,0.013354,platt,Austropotamobius_torrentium_pooled,upstream_only,10
0,2375,0.263201,0.302105,0.012721,-0.005122,0.737263,0.211789,0.017843,platt,Austropotamobius_torrentium_pooled,upstream_only,20
1,2374,0.302107,0.400668,0.031025,-0.005488,0.748104,0.331929,0.036513,platt,Austropotamobius_torrentium_pooled,upstream_only,20
2,5961,0.400671,0.478286,0.025705,0.001668,0.976011,0.924342,0.024038,platt,Austropotamobius_torrentium_pooled,upstream_only,20
3,1162,0.478439,0.730477,0.013752,-0.007049,0.572289,0.350258,0.0208,platt,Austropotamobius_torrentium_pooled,upstream_only,20
0,2375,0.014446,0.197513,0.012781,0.00032,0.907789,0.520421,0.012461,platt,Austropotamobius_torrentium_pooled,combined,3
1,2374,0.197528,0.25602,0.014879,-0.000212,0.88711,0.471356,0.015091,platt,Austropotamobius_torrentium_pooled,combined,3
2,2374,0.256022,0.307488,0.014038,-0.000463,0.81171,0.453243,0.014501,platt,Austropotamobius_torrentium_pooled,combined,3
3,2374,0.307539,0.400455,0.013578,-0.001498,0.711457,0.430076,0.015076,platt,Austropotamobius_torrentium_pooled,combined,3
4,2375,0.400485,0.966458,0.006842,-0.001905,0.564632,0.436211,0.008746,platt,Austropotamobius_torrentium_pooled,combined,3
0,2375,0.014446,0.197513,0.026943,-0.000579,0.938105,0.485474,0.027522,platt,Austropotamobius_torrentium_pooled,combined,10
1,2374,0.197528,0.25602,0.035666,-0.001288,0.960826,0.425021,0.036954,platt,Austropotamobius_torrentium_pooled,combined,10
2,2374,0.256022,0.307488,0.036593,-0.0022,0.887532,0.367313,0.038794,platt,Austropotamobius_torrentium_pooled,combined,10
3,2374,0.307539,0.400455,0.038974,-0.003131,0.815501,0.378686,0.042105,platt,Austropotamobius_torrentium_pooled,combined,10
4,2375,0.400485,0.966458,0.023578,-0.004,0.641684,0.397053,0.027578,platt,Austropotamobius_torrentium_pooled,combined,10
0,2375,0.014446,0.197513,0.041766,-0.004547,0.928421,0.236632,0.046313,platt,Austropotamobius_torrentium_pooled,combined,20
1,2374,0.197528,0.25602,0.060238,-0.003151,0.985257,0.365628,0.063389,platt,Austropotamobius_torrentium_pooled,combined,20
2,2374,0.256022,0.307488,0.061781,-0.003562,0.9246,0.356782,0.065343,platt,Austropotamobius_torrentium_pooled,combined,20
3,2374,0.307539,0.400455,0.056786,-0.007241,0.811289,0.283067,0.064027,platt,Austropotamobius_torrentium_pooled,combined,20
4,2375,0.400485,0.966458,0.031146,-0.01153,0.614737,0.274526,0.042676,platt,Austropotamobius_torrentium_pooled,combined,20
0,2537,0.004722,0.124104,0.012934,0.001544,0.899488,0.913283,0.011391,platt,Austropotamobius_fulcisianus_pooled,local_only,3
1,2536,0.124169,0.157394,0.006959,0.000904,0.712145,0.753549,0.006055,platt,Austropotamobius_fulcisianus_pooled,local_only,3
2,2536,0.157399,0.202059,0.007884,0.000179,0.68612,0.496451,0.007705,platt,Austropotamobius_fulcisianus_pooled,local_only,3
3,2536,0.202101,0.289478,0.00469,-0.001268,0.646293,0.399842,0.005958,platt,Austropotamobius_fulcisianus_pooled,local_only,3
4,2536,0.289595,0.877403,0.004055,-0.00387,0.536672,0.411278,0.007925,platt,Austropotamobius_fulcisianus_pooled,local_only,3
0,2537,0.004722,0.124104,0.02399,0.002895,0.988569,0.918802,0.021096,platt,Austropotamobius_fulcisianus_pooled,local_only,10
1,2536,0.124169,0.157394,0.018765,0.002239,0.97082,0.841877,0.016526,platt,Austropotamobius_fulcisianus_pooled,local_only,10
2,2536,0.157399,0.202059,0.017411,0.001222,0.906546,0.662461,0.016189,platt,Austropotamobius_fulcisianus_pooled,local_only,10
3,2536,0.202101,0.289478,0.010291,-0.000562,0.769716,0.477524,0.010853,platt,Austropotamobius_fulcisianus_pooled,local_only,10
4,2536,0.289595,0.877403,0.008387,-0.005433,0.563091,0.381309,0.013821,platt,Austropotamobius_fulcisianus_pooled,local_only,10
0,2537,0.004722,0.124104,0.029215,0.002095,0.993299,0.774537,0.02712,platt,Austropotamobius_fulcisianus_pooled,local_only,20
1,2536,0.124169,0.157394,0.024356,0.001561,0.979495,0.551262,0.022795,platt,Austropotamobius_fulcisianus_pooled,local_only,20
2,2536,0.157399,0.202059,0.023834,-1.6e-05,0.93612,0.432571,0.02385,platt,Austropotamobius_fulcisianus_pooled,local_only,20
3,2536,0.202101,0.289478,0.014621,-0.002702,0.68888,0.356467,0.017323,platt,Austropotamobius_fulcisianus_pooled,local_only,20
4,2536,0.289595,0.877403,0.011643,-0.012986,0.492114,0.287855,0.02463,platt,Austropotamobius_fulcisianus_pooled,local_only,20
0,2537,0.108318,0.260649,-0.001119,-0.000801,0.301143,0.380765,-0.000317,platt,Austropotamobius_fulcisianus_pooled,upstream_only,3
1,2536,0.260652,0.332012,0.000394,-0.001531,0.480284,0.375,0.001925,platt,Austropotamobius_fulcisianus_pooled,upstream_only,3
2,6783,0.332052,0.488522,0.000292,-0.000349,0.896948,0.889429,0.000642,platt,Austropotamobius_fulcisianus_pooled,upstream_only,3
3,825,0.488555,0.752706,-0.000238,-0.003243,0.487273,0.403636,0.003005,platt,Austropotamobius_fulcisianus_pooled,upstream_only,3
0,2537,0.108318,0.260649,0.004162,-0.002034,0.652345,0.225857,0.006196,platt,Austropotamobius_fulcisianus_pooled,upstream_only,10
1,2536,0.260652,0.332012,0.007589,-0.003079,0.632492,0.350158,0.010668,platt,Austropotamobius_fulcisianus_pooled,upstream_only,10
2,6783,0.332052,0.488522,0.002109,-0.001506,0.919652,0.071797,0.003614,platt,Austropotamobius_fulcisianus_pooled,upstream_only,10
3,825,0.488555,0.752706,0.001046,-0.007622,0.501818,0.378182,0.008668,platt,Austropotamobius_fulcisianus_pooled,upstream_only,10
0,2537,0.108318,0.260649,0.004615,-0.001282,0.635396,0.327552,0.005897,platt,Austropotamobius_fulcisianus_pooled,upstream_only,20
1,2536,0.260652,0.332012,0.011336,-0.005526,0.623423,0.266562,0.016862,platt,Austropotamobius_fulcisianus_pooled,upstream_only,20
2,6783,0.332052,0.488522,0.00336,-0.002108,0.915672,0.860681,0.005468,platt,Austropotamobius_fulcisianus_pooled,upstream_only,20
3,825,0.488555,0.752706,0.003093,-0.016621,0.513939,0.261818,0.019714,platt,Austropotamobius_fulcisianus_pooled,upstream_only,20
0,2537,0.001158,0.047188,0.002233,6.3e-05,0.905006,0.53449,0.002169,platt,Austropotamobius_fulcisianus_pooled,combined,3
1,2536,0.0472,0.101325,0.002967,0.000286,0.82295,0.569795,0.002681,platt,Austropotamobius_fulcisianus_pooled,combined,3
2,2536,0.101333,0.182316,0.003543,0.000329,0.740931,0.557571,0.003213,platt,Austropotamobius_fulcisianus_pooled,combined,3
3,2536,0.182321,0.326312,0.002911,-7.5e-05,0.586356,0.52011,0.002986,platt,Austropotamobius_fulcisianus_pooled,combined,3
4,2536,0.326365,0.969204,0.003399,-0.002878,0.516956,0.433754,0.006277,platt,Austropotamobius_fulcisianus_pooled,combined,3
0,2537,0.001158,0.047188,0.013563,0.001361,0.975168,0.697674,0.012202,platt,Austropotamobius_fulcisianus_pooled,combined,10
1,2536,0.0472,0.101325,0.021605,0.001681,0.976735,0.633281,0.019924,platt,Austropotamobius_fulcisianus_pooled,combined,10
2,2536,0.101333,0.182316,0.020643,0.001164,0.880126,0.577287,0.01948,platt,Austropotamobius_fulcisianus_pooled,combined,10
3,2536,0.182321,0.326312,0.014736,0.000937,0.652997,0.559148,0.013799,platt,Austropotamobius_fulcisianus_pooled,combined,10
4,2536,0.326365,0.969204,0.009969,-0.005143,0.529574,0.385647,0.015111,platt,Austropotamobius_fulcisianus_pooled,combined,10
0,2537,0.001158,0.047188,0.016755,0.000569,0.970832,0.514387,0.016186,platt,Austropotamobius_fulcisianus_pooled,combined,20
1,2536,0.0472,0.101325,0.027863,0.00043,0.955047,0.516167,0.027432,platt,Austropotamobius_fulcisianus_pooled,combined,20
2,2536,0.101333,0.182316,0.026679,-0.001366,0.824921,0.419558,0.028045,platt,Austropotamobius_fulcisianus_pooled,combined,20
3,2536,0.182321,0.326312,0.019999,-0.003917,0.626183,0.353707,0.023916,platt,Austropotamobius_fulcisianus_pooled,combined,20
4,2536,0.326365,0.969204,0.015905,-0.014067,0.499211,0.266956,0.029972,platt,Austropotamobius_fulcisianus_pooled,combined,20
