method,entity,entity_dir,algorithm,track,level,n_replicates,n_pixels,coverage,median_width,mean_width,median_signed_diff,mean_abs_diff,frac_diff_gt_0p1,n_pixels_total,n_basins,coverage_uncorrected,coverage_conformal,median_width_uncorrected,median_width_conformal,median_q_hat,coverage_gap_pre,coverage_gap_post,width_inflation_factor
uncalibrated,Procambarus clarkii (alien),Procambarus_clarkii_alien,consensus,local_only,3,4,48267,0.992459,0.167951,0.215229,-0.001493,0.008276,0.001844,48267,405,0.992459,0.992459,0.196003,0.196003,0.0,0.042459,0.042459,1.0
platt,Procambarus clarkii (alien),Procambarus_clarkii_alien,consensus,local_only,3,4,48267,0.993018,0.183552,0.222069,-0.001555,0.008188,0.001885,48267,405,0.993018,0.993018,0.203334,0.203334,0.0,0.043018,0.043018,1.0
uncalibrated,Procambarus clarkii (alien),Procambarus_clarkii_alien,consensus,local_only,10,4,48267,0.9775,0.166303,0.212734,-0.002591,0.013244,0.011416,48267,405,0.9775,0.9775,0.193174,0.193174,0.0,0.0275,0.0275,1.0
platt,Procambarus clarkii (alien),Procambarus_clarkii_alien,consensus,local_only,10,4,48267,0.975926,0.181118,0.220249,-0.002548,0.013277,0.011747,48267,405,0.975926,0.975926,0.201125,0.201125,0.0,0.025926,0.025926,1.0
uncalibrated,Procambarus clarkii (alien),Procambarus_clarkii_alien,consensus,local_only,20,4,48267,0.95094,0.165362,0.212233,-0.003955,0.020392,0.036008,48267,405,0.95094,0.955125,0.192281,0.200122,0.0,0.00094,0.005125,1.040781
platt,Procambarus clarkii (alien),Procambarus_clarkii_alien,consensus,local_only,20,4,48267,0.950898,0.18049,0.220111,-0.003769,0.020479,0.037189,48267,405,0.950898,0.955518,0.200759,0.207855,0.0,0.000898,0.005518,1.035346
uncalibrated,Procambarus clarkii (alien),Procambarus_clarkii_alien,consensus,upstream_only,3,4,48267,0.996436,0.113547,0.199545,-0.001257,0.005274,0.001823,48267,405,0.996436,0.996436,0.137443,0.137443,0.0,0.046436,0.046436,1.0
platt,Procambarus clarkii (alien),Procambarus_clarkii_alien,consensus,upstream_only,3,4,48267,0.996685,0.126721,0.199648,-0.001337,0.005224,0.001761,48267,405,0.996685,0.996685,0.146382,0.146382,0.0,0.046685,0.046685,1.0
uncalibrated,Procambarus clarkii (alien),Procambarus_clarkii_alien,consensus,upstream_only,10,4,48267,0.992148,0.116853,0.199423,-0.004531,0.009031,0.006837,48267,405,0.992148,0.992148,0.139326,0.139326,0.0,0.042148,0.042148,1.0
platt,Procambarus clarkii (alien),Procambarus_clarkii_alien,consensus,upstream_only,10,4,48267,0.992355,0.130193,0.198966,-0.004643,0.009026,0.006692,48267,405,0.992355,0.992355,0.1483,0.1483,0.0,0.042355,0.042355,1.0
uncalibrated,Procambarus clarkii (alien),Procambarus_clarkii_alien,consensus,upstream_only,20,4,48267,0.984482,0.12197,0.201436,-0.008617,0.014585,0.016077,48267,405,0.984482,0.984482,0.143147,0.143147,0.0,0.034482,0.034482,1.0
platt,Procambarus clarkii (alien),Procambarus_clarkii_alien,consensus,upstream_only,20,4,48267,0.984565,0.135689,0.201024,-0.008851,0.014686,0.015829,48267,405,0.984565,0.984565,0.15355,0.15355,0.0,0.034565,0.034565,1.0
uncalibrated,Procambarus clarkii (alien),Procambarus_clarkii_alien,consensus,combined,3,4,48267,0.993785,0.259185,0.296137,-0.002035,0.008289,0.001844,48267,405,0.993785,0.993785,0.275952,0.275952,0.0,0.043785,0.043785,1.0
platt,Procambarus clarkii (alien),Procambarus_clarkii_alien,consensus,combined,3,4,48267,0.99451,0.268739,0.300408,-0.002041,0.008207,0.001968,48267,405,0.99451,0.99451,0.284387,0.284387,0.0,0.04451,0.04451,1.0
uncalibrated,Procambarus clarkii (alien),Procambarus_clarkii_alien,consensus,combined,10,4,48267,0.981913,0.25986,0.296389,-0.005281,0.013687,0.010131,48267,405,0.981913,0.981913,0.277152,0.277152,0.0,0.031913,0.031913,1.0
platt,Procambarus clarkii (alien),Procambarus_clarkii_alien,consensus,combined,10,4,48267,0.982597,0.270101,0.301191,-0.00524,0.013762,0.010981,48267,405,0.982597,0.982597,0.285215,0.285215,0.0,0.032597,0.032597,1.0
uncalibrated,Procambarus clarkii (alien),Procambarus_clarkii_alien,consensus,combined,20,4,48267,0.961257,0.265541,0.301142,-0.010498,0.021602,0.031201,48267,405,0.961257,0.962127,0.283301,0.284435,0.0,0.011257,0.012127,1.004005
platt,Procambarus clarkii (alien),Procambarus_clarkii_alien,consensus,combined,20,4,48267,0.963764,0.277078,0.306821,-0.01041,0.021776,0.032134,48267,405,0.963764,0.963764,0.292336,0.292425,0.0,0.013764,0.013764,1.000304
uncalibrated,Pacifastacus leniusculus (alien),Pacifastacus_leniusculus_alien,consensus,local_only,3,4,37449,0.973751,0.243267,0.292834,-0.004627,0.017709,0.017597,37449,121,0.973751,0.973751,0.278294,0.278294,0.0,0.023751,0.023751,1.0
platt,Pacifastacus leniusculus (alien),Pacifastacus_leniusculus_alien,consensus,local_only,3,4,37449,0.96817,0.275753,0.313117,-0.005646,0.019164,0.019306,37449,121,0.96817,0.96817,0.310136,0.310136,0.0,0.01817,0.01817,1.0
uncalibrated,Pacifastacus leniusculus (alien),Pacifastacus_leniusculus_alien,consensus,local_only,10,4,37449,0.908542,0.257887,0.300418,-0.01421,0.041175,0.099682,37449,121,0.908542,0.926861,0.285342,0.39984,0.050699,0.041458,0.023139,1.401263
platt,Pacifastacus leniusculus (alien),Pacifastacus_leniusculus_alien,consensus,local_only,10,4,37449,0.908729,0.286051,0.321538,-0.015016,0.042684,0.091965,37449,121,0.908729,0.936287,0.314364,0.417929,0.040602,0.041271,0.013713,1.329446
uncalibrated,Pacifastacus leniusculus (alien),Pacifastacus_leniusculus_alien,consensus,local_only,20,4,37449,0.863815,0.273317,0.310909,-0.023865,0.062856,0.156506,37449,121,0.863815,0.923496,0.297882,0.565966,0.127471,0.086185,0.026504,1.899969
platt,Pacifastacus leniusculus (alien),Pacifastacus_leniusculus_alien,consensus,local_only,20,4,37449,0.859569,0.296865,0.327106,-0.024937,0.063508,0.148682,37449,121,0.859569,0.925525,0.320152,0.578826,0.123029,0.090431,0.024475,1.807975
uncalibrated,Pacifastacus leniusculus (alien),Pacifastacus_leniusculus_alien,consensus,upstream_only,3,4,37449,0.994259,0.17745,0.247076,-0.005135,0.010032,0.00243,37449,121,0.994259,0.994259,0.18448,0.18448,0.0,0.044259,0.044259,1.0
platt,Pacifastacus leniusculus (alien),Pacifastacus_leniusculus_alien,consensus,upstream_only,3,4,37449,0.994553,0.262069,0.269533,-0.00449,0.00874,0.002056,37449,121,0.994553,0.994553,0.249115,0.249115,0.0,0.044553,0.044553,1.0
uncalibrated,Pacifastacus leniusculus (alien),Pacifastacus_leniusculus_alien,consensus,upstream_only,10,4,37449,0.627921,0.17807,0.238001,-0.013578,0.023949,0.023071,37449,121,0.627921,0.979839,0.18283,0.195264,0.006217,0.322079,0.029839,1.068006
platt,Pacifastacus leniusculus (alien),Pacifastacus_leniusculus_alien,consensus,upstream_only,10,4,37449,0.977837,0.257347,0.2549,-0.011111,0.020575,0.021015,37449,121,0.977837,0.977837,0.24205,0.24205,0.0,0.027837,0.027837,1.0
uncalibrated,Pacifastacus leniusculus (alien),Pacifastacus_leniusculus_alien,consensus,upstream_only,20,4,37449,0.611872,0.178666,0.230955,-0.020392,0.039728,0.043232,37449,121,0.611872,0.973965,0.180579,0.250508,0.034965,0.338128,0.023965,1.387254
platt,Pacifastacus leniusculus (alien),Pacifastacus_leniusculus_alien,consensus,upstream_only,20,4,37449,0.611071,0.253024,0.241288,-0.014884,0.033706,0.039494,37449,121,0.611071,0.969452,0.233819,0.28513,0.024033,0.338929,0.019452,1.219449
uncalibrated,Pacifastacus leniusculus (alien),Pacifastacus_leniusculus_alien,consensus,combined,3,4,37449,0.969665,0.200941,0.255163,-0.003077,0.016849,0.020081,37449,121,0.969665,0.969665,0.217705,0.217814,0.0,0.019665,0.019665,1.000499
platt,Pacifastacus leniusculus (alien),Pacifastacus_leniusculus_alien,consensus,combined,3,4,37449,0.977169,0.288083,0.308824,-0.003346,0.01581,0.018692,37449,121,0.977169,0.977169,0.299989,0.299989,0.0,0.027169,0.027169,1.0
uncalibrated,Pacifastacus leniusculus (alien),Pacifastacus_leniusculus_alien,consensus,combined,10,4,37449,0.904297,0.21152,0.261588,-0.009822,0.038337,0.103207,37449,121,0.904297,0.930999,0.230257,0.36986,0.061421,0.045703,0.019001,1.606289
platt,Pacifastacus leniusculus (alien),Pacifastacus_leniusculus_alien,consensus,combined,10,4,37449,0.922428,0.294649,0.310875,-0.010046,0.034376,0.087372,37449,121,0.922428,0.937675,0.305417,0.443295,0.050253,0.027572,0.012325,1.451439
uncalibrated,Pacifastacus leniusculus (alien),Pacifastacus_leniusculus_alien,consensus,combined,20,4,37449,0.858795,0.22797,0.27416,-0.017459,0.060354,0.163956,37449,121,0.858795,0.925285,0.248451,0.542407,0.139129,0.091205,0.024715,2.183153
platt,Pacifastacus leniusculus (alien),Pacifastacus_leniusculus_alien,consensus,combined,20,4,37449,0.877941,0.309027,0.319781,-0.017172,0.053031,0.138028,37449,121,0.877941,0.924858,0.317373,0.636654,0.157469,0.072059,0.025142,2.006015
uncalibrated,Faxonius limosus (alien),Faxonius_limosus_alien,consensus,local_only,3,4,20052,0.974067,0.294445,0.307995,-0.004429,0.019058,0.014961,20052,84,0.974067,0.974067,0.301521,0.301521,0.0,0.024067,0.024067,1.0
platt,Faxonius limosus (alien),Faxonius_limosus_alien,consensus,local_only,3,4,20052,0.969928,0.271768,0.28282,-0.005101,0.01834,0.01521,20052,84,0.969928,0.969928,0.276482,0.276482,0.0,0.019928,0.019928,1.0
uncalibrated,Faxonius limosus (alien),Faxonius_limosus_alien,consensus,local_only,10,4,20052,0.90754,0.279244,0.295906,-0.006849,0.036021,0.079144,20052,84,0.90754,0.94619,0.290129,0.394221,0.049176,0.04246,0.00381,1.358781
platt,Faxonius limosus (alien),Faxonius_limosus_alien,consensus,local_only,10,4,20052,0.906393,0.260948,0.274619,-0.007269,0.034052,0.07301,20052,84,0.906393,0.947536,0.268658,0.369033,0.047083,0.043607,0.002464,1.373619
uncalibrated,Faxonius limosus (alien),Faxonius_limosus_alien,consensus,local_only,20,4,20052,0.842061,0.275128,0.292602,-0.010169,0.055179,0.137991,20052,84,0.842061,0.946589,0.286443,0.538824,0.122455,0.107939,0.003411,1.881089
platt,Faxonius limosus (alien),Faxonius_limosus_alien,consensus,local_only,20,4,20052,0.833333,0.257092,0.271327,-0.010132,0.052015,0.131009,20052,84,0.833333,0.945542,0.265264,0.498465,0.113269,0.116667,0.004458,1.879132
uncalibrated,Faxonius limosus (alien),Faxonius_limosus_alien,consensus,upstream_only,3,4,20052,0.982545,0.169711,0.224894,-0.007372,0.01571,0.017155,20052,84,0.982545,0.982545,0.174402,0.174402,0.0,0.032545,0.032545,1.0
platt,Faxonius limosus (alien),Faxonius_limosus_alien,consensus,upstream_only,3,4,20052,0.982745,0.143209,0.209249,-0.00548,0.0118,0.010872,20052,84,0.982745,0.982745,0.172809,0.172809,0.0,0.032745,0.032745,1.0
uncalibrated,Faxonius limosus (alien),Faxonius_limosus_alien,consensus,upstream_only,10,4,20052,0.545831,0.168371,0.218418,-0.024227,0.026801,0.031269,20052,84,0.545831,0.969429,0.171582,0.177552,0.002985,0.404169,0.019429,1.034793
platt,Faxonius limosus (alien),Faxonius_limosus_alien,consensus,upstream_only,10,4,20052,0.96913,0.14284,0.201622,-0.017961,0.020625,0.022541,20052,84,0.96913,0.96913,0.168594,0.168594,0.0,0.01913,0.01913,1.0
uncalibrated,Faxonius limosus (alien),Faxonius_limosus_alien,consensus,upstream_only,20,4,20052,0.513964,0.15831,0.206535,-0.044076,0.044735,0.060044,20052,84,0.513964,0.957261,0.1614,0.217692,0.028146,0.436036,0.007261,1.348773
platt,Faxonius limosus (alien),Faxonius_limosus_alien,consensus,upstream_only,20,4,20052,0.516756,0.136492,0.189586,-0.033053,0.034842,0.046529,20052,84,0.516756,0.953271,0.1577,0.189656,0.015043,0.433244,0.003271,1.202636
uncalibrated,Faxonius limosus (alien),Faxonius_limosus_alien,consensus,combined,3,4,20052,0.974317,0.2949,0.312446,-0.006465,0.020633,0.015111,20052,84,0.974317,0.974317,0.306373,0.306373,0.0,0.024317,0.024317,1.0
platt,Faxonius limosus (alien),Faxonius_limosus_alien,consensus,combined,3,4,20052,0.976112,0.327532,0.318129,-0.006821,0.020406,0.012966,20052,84,0.976112,0.976112,0.326811,0.326811,0.0,0.026112,0.026112,1.0
uncalibrated,Faxonius limosus (alien),Faxonius_limosus_alien,consensus,combined,10,4,20052,0.909037,0.291189,0.308383,-0.01156,0.037857,0.08084,20052,84,0.909037,0.943198,0.30256,0.38833,0.041932,0.040963,0.006802,1.283483
platt,Faxonius limosus (alien),Faxonius_limosus_alien,consensus,combined,10,4,20052,0.919858,0.324762,0.314052,-0.009131,0.035158,0.078247,20052,84,0.919858,0.946639,0.320498,0.398764,0.037189,0.030142,0.003361,1.244203
uncalibrated,Faxonius limosus (alien),Faxonius_limosus_alien,consensus,combined,20,4,20052,0.83463,0.297777,0.311057,-0.015764,0.05983,0.167514,20052,84,0.83463,0.938909,0.308267,0.528953,0.110995,0.11537,0.011091,1.71589
platt,Faxonius limosus (alien),Faxonius_limosus_alien,consensus,combined,20,4,20052,0.851337,0.323754,0.312956,-0.010599,0.053198,0.156742,20052,84,0.851337,0.941901,0.318312,0.512885,0.097342,0.098663,0.008099,1.611266
uncalibrated,Astacus astacus,Astacus_astacus,consensus,local_only,3,4,14562,0.974797,0.232284,0.285094,-0.011894,0.021101,0.008447,14562,81,0.974797,0.974797,0.261806,0.261806,0.0,0.024797,0.024797,1.0
platt,Astacus astacus,Astacus_astacus,consensus,local_only,3,4,14562,0.968617,0.227871,0.264019,-0.015096,0.023826,0.007623,14562,81,0.968617,0.968617,0.244139,0.244139,0.0,0.018617,0.018617,1.0
uncalibrated,Astacus astacus,Astacus_astacus,consensus,local_only,10,4,14562,0.838072,0.233984,0.280371,-0.031496,0.050142,0.118253,14562,81,0.838072,0.907911,0.260667,0.34608,0.051944,0.111928,0.042089,1.327671
platt,Astacus astacus,Astacus_astacus,consensus,local_only,10,4,14562,0.818432,0.229799,0.259021,-0.038427,0.055007,0.160898,14562,81,0.818432,0.900082,0.244155,0.352406,0.065814,0.131568,0.049918,1.443374
uncalibrated,Astacus astacus,Astacus_astacus,consensus,local_only,20,4,14562,0.717072,0.246329,0.284592,-0.054011,0.085204,0.295976,14562,81,0.717072,0.927345,0.265946,0.537083,0.145431,0.232928,0.022655,2.019516
platt,Astacus astacus,Astacus_astacus,consensus,local_only,20,4,14562,0.686375,0.231588,0.257637,-0.060993,0.087496,0.328046,14562,81,0.686375,0.911619,0.242536,0.515961,0.148286,0.263625,0.038381,2.127362
uncalibrated,Astacus astacus,Astacus_astacus,consensus,upstream_only,3,4,14562,0.996292,0.087266,0.195709,-0.013381,0.013195,0.002404,14562,81,0.996292,0.996292,0.125283,0.125283,0.0,0.046292,0.046292,1.0
platt,Astacus astacus,Astacus_astacus,consensus,upstream_only,3,4,14562,0.997116,0.126771,0.180958,-0.009833,0.011541,0.001511,14562,81,0.997116,0.997116,0.126513,0.126513,0.0,0.047116,0.047116,1.0
uncalibrated,Astacus astacus,Astacus_astacus,consensus,upstream_only,10,4,14562,0.547384,0.09851,0.191926,-0.035369,0.032229,0.024791,14562,81,0.547384,0.98654,0.124159,0.165137,0.020489,0.402616,0.03654,1.330052
platt,Astacus astacus,Astacus_astacus,consensus,upstream_only,10,4,14562,0.540379,0.123919,0.170757,-0.025531,0.027987,0.024653,14562,81,0.540379,0.968068,0.120097,0.127232,0.003567,0.409621,0.018068,1.05941
uncalibrated,Astacus astacus,Astacus_astacus,consensus,upstream_only,20,4,14562,0.495262,0.116699,0.191749,-0.060085,0.056058,0.073822,14562,81,0.495262,0.968068,0.129742,0.222192,0.046225,0.454738,0.018068,1.712563
platt,Astacus astacus,Astacus_astacus,consensus,upstream_only,20,4,14562,0.481939,0.123754,0.164371,-0.043204,0.047204,0.069839,14562,81,0.481939,0.946299,0.116443,0.178151,0.032252,0.468061,0.003701,1.529943
uncalibrated,Astacus astacus,Astacus_astacus,consensus,combined,3,4,14562,0.966969,0.219778,0.276817,-0.012469,0.021788,0.010575,14562,81,0.966969,0.966969,0.252062,0.252062,0.0,0.016969,0.016969,1.0
platt,Astacus astacus,Astacus_astacus,consensus,combined,3,4,14562,0.964771,0.21392,0.256457,-0.016266,0.024513,0.009408,14562,81,0.964771,0.964771,0.234671,0.234671,0.0,0.014771,0.014771,1.0
uncalibrated,Astacus astacus,Astacus_astacus,consensus,combined,10,4,14562,0.820972,0.224924,0.275286,-0.031624,0.051894,0.134116,14562,81,0.820972,0.907156,0.253347,0.35522,0.061747,0.129028,0.042844,1.402113
platt,Astacus astacus,Astacus_astacus,consensus,combined,10,4,14562,0.797899,0.21835,0.252855,-0.03849,0.056544,0.174976,14562,81,0.797899,0.897542,0.23478,0.35685,0.07396,0.152101,0.052458,1.519934
uncalibrated,Astacus astacus,Astacus_astacus,consensus,combined,20,4,14562,0.693449,0.237249,0.280067,-0.054694,0.087811,0.312182,14562,81,0.693449,0.922675,0.257611,0.546846,0.156287,0.256551,0.027325,2.122761
platt,Astacus astacus,Astacus_astacus,consensus,combined,20,4,14562,0.666255,0.222873,0.254101,-0.062387,0.090387,0.33917,14562,81,0.666255,0.907568,0.235552,0.521123,0.155011,0.283745,0.042432,2.212345
uncalibrated,Procambarus clarkii (native),Procambarus_clarkii_native,consensus,local_only,3,4,19320,0.998602,0.234236,0.265871,-0.002153,0.005607,0.001139,19320,49,0.998602,0.998602,0.239142,0.239142,0.0,0.048602,0.048602,1.0
platt,Procambarus clarkii (native),Procambarus_clarkii_native,consensus,local_only,3,4,19320,0.998499,0.254003,0.275656,-0.002145,0.00522,0.000932,19320,49,0.998499,0.998499,0.258981,0.258981,0.0,0.048499,0.048499,1.0
uncalibrated,Procambarus clarkii (native),Procambarus_clarkii_native,consensus,local_only,10,4,19320,0.995238,0.242852,0.271702,-0.004446,0.009718,0.005228,19320,49,0.995238,0.995238,0.247663,0.247663,0.0,0.045238,0.045238,1.0
platt,Procambarus clarkii (native),Procambarus_clarkii_native,consensus,local_only,10,4,19320,0.993634,0.261375,0.281269,-0.004418,0.009185,0.003882,19320,49,0.993634,0.993634,0.265989,0.265989,0.0,0.043634,0.043634,1.0
uncalibrated,Procambarus clarkii (native),Procambarus_clarkii_native,consensus,local_only,20,4,19320,0.991046,0.256502,0.281351,-0.006417,0.013776,0.012836,19320,49,0.991046,0.991046,0.261112,0.261112,0.0,0.041046,0.041046,1.0
platt,Procambarus clarkii (native),Procambarus_clarkii_native,consensus,local_only,20,4,19320,0.988095,0.27513,0.291434,-0.006398,0.013087,0.010818,19320,49,0.988095,0.988095,0.278788,0.278788,0.0,0.038095,0.038095,1.0
uncalibrated,Procambarus clarkii (native),Procambarus_clarkii_native,consensus,upstream_only,3,4,19320,0.998965,0.057816,0.165898,-2.6e-05,0.003434,0.00088,19320,49,0.998965,0.998965,0.062594,0.062594,0.0,0.048965,0.048965,1.0
platt,Procambarus clarkii (native),Procambarus_clarkii_native,consensus,upstream_only,3,4,19320,0.999586,0.137141,0.226313,-0.000148,0.003274,0.000673,19320,49,0.999586,0.999586,0.147114,0.147114,0.0,0.049586,0.049586,1.0
uncalibrated,Procambarus clarkii (native),Procambarus_clarkii_native,consensus,upstream_only,10,4,19320,0.996118,0.059277,0.166733,-8.8e-05,0.005736,0.004244,19320,49,0.996118,0.996118,0.063876,0.063876,0.0,0.046118,0.046118,1.0
platt,Procambarus clarkii (native),Procambarus_clarkii_native,consensus,upstream_only,10,4,19320,0.997878,0.135668,0.226172,0.000313,0.005491,0.003002,19320,49,0.997878,0.997878,0.14613,0.14613,0.0,0.047878,0.047878,1.0
uncalibrated,Procambarus clarkii (native),Procambarus_clarkii_native,consensus,upstream_only,20,4,19320,0.994876,0.05879,0.167268,-0.000162,0.006972,0.007143,19320,49,0.994876,0.994876,0.063043,0.063043,0.0,0.044876,0.044876,1.0
platt,Procambarus clarkii (native),Procambarus_clarkii_native,consensus,upstream_only,20,4,19320,0.996584,0.136192,0.2282,-0.000523,0.006568,0.005383,19320,49,0.996584,0.996584,0.147571,0.147571,0.0,0.046584,0.046584,1.0
uncalibrated,Procambarus clarkii (native),Procambarus_clarkii_native,consensus,combined,3,4,19320,0.998758,0.33445,0.333599,-0.001332,0.005096,0.001087,19320,49,0.998758,0.998758,0.338999,0.338999,0.0,0.048758,0.048758,1.0
platt,Procambarus clarkii (native),Procambarus_clarkii_native,consensus,combined,3,4,19320,0.998706,0.347187,0.333915,-0.001168,0.004594,0.000776,19320,49,0.998706,0.998706,0.348947,0.348947,0.0,0.048706,0.048706,1.0
uncalibrated,Procambarus clarkii (native),Procambarus_clarkii_native,consensus,combined,10,4,19320,0.995342,0.340021,0.336563,-0.00305,0.008991,0.005176,19320,49,0.995342,0.995342,0.343704,0.343704,0.0,0.045342,0.045342,1.0
platt,Procambarus clarkii (native),Procambarus_clarkii_native,consensus,combined,10,4,19320,0.995807,0.351689,0.336199,-0.002669,0.008104,0.00352,19320,49,0.995807,0.995807,0.352718,0.352718,0.0,0.045807,0.045807,1.0
uncalibrated,Procambarus clarkii (native),Procambarus_clarkii_native,consensus,combined,20,4,19320,0.991615,0.352154,0.342816,-0.004198,0.012599,0.012319,19320,49,0.991615,0.991615,0.354623,0.354623,0.0,0.041615,0.041615,1.0
platt,Procambarus clarkii (native),Procambarus_clarkii_native,consensus,combined,20,4,19320,0.990424,0.36023,0.342317,-0.003672,0.011293,0.009886,19320,49,0.990424,0.990424,0.361188,0.361188,0.0,0.040424,0.040424,1.0
uncalibrated,Pontastacus leptodactylus (pooled),Pontastacus_leptodactylus_pooled,consensus,local_only,3,4,22945,0.989104,0.29717,0.312203,-0.001389,0.01319,0.001874,22945,112,0.989104,0.989104,0.302906,0.302906,0.0,0.039104,0.039104,1.0
platt,Pontastacus leptodactylus (pooled),Pontastacus_leptodactylus_pooled,consensus,local_only,3,4,22945,0.992199,0.282339,0.285898,-0.001487,0.011957,0.000959,22945,112,0.992199,0.992199,0.284507,0.284507,0.0,0.042199,0.042199,1.0
uncalibrated,Pontastacus leptodactylus (pooled),Pontastacus_leptodactylus_pooled,consensus,local_only,10,4,22945,0.961299,0.286522,0.302032,-0.007478,0.023429,0.015603,22945,112,0.961299,0.961299,0.290168,0.290168,0.0,0.011299,0.011299,1.0
platt,Pontastacus leptodactylus (pooled),Pontastacus_leptodactylus_pooled,consensus,local_only,10,4,22945,0.963434,0.272016,0.27611,-0.007959,0.021859,0.009675,22945,112,0.963434,0.963434,0.273488,0.273488,0.0,0.013434,0.013434,1.0
uncalibrated,Pontastacus leptodactylus (pooled),Pontastacus_leptodactylus_pooled,consensus,local_only,20,4,22945,0.923382,0.279557,0.296516,-0.014392,0.034958,0.056265,22945,112,0.923382,0.944389,0.284778,0.31591,0.017573,0.026618,0.005611,1.10932
platt,Pontastacus leptodactylus (pooled),Pontastacus_leptodactylus_pooled,consensus,local_only,20,4,22945,0.917498,0.263032,0.269034,-0.013644,0.032244,0.044236,22945,112,0.917498,0.944607,0.264508,0.298466,0.018976,0.032502,0.005393,1.128382
uncalibrated,Pontastacus leptodactylus (pooled),Pontastacus_leptodactylus_pooled,consensus,upstream_only,3,4,22945,0.994901,0.190166,0.205713,-0.001579,0.008206,0.000959,22945,112,0.994901,0.994901,0.17925,0.17925,0.0,0.044901,0.044901,1.0
platt,Pontastacus leptodactylus (pooled),Pontastacus_leptodactylus_pooled,consensus,upstream_only,3,4,22945,0.994116,0.177171,0.186915,-0.001401,0.00753,0.000567,22945,112,0.994116,0.994116,0.1641,0.1641,0.0,0.044116,0.044116,1.0
uncalibrated,Pontastacus leptodactylus (pooled),Pontastacus_leptodactylus_pooled,consensus,upstream_only,10,4,22945,0.984397,0.184154,0.200157,-0.009097,0.015733,0.010285,22945,112,0.984397,0.984397,0.173993,0.173993,0.0,0.034397,0.034397,1.0
platt,Pontastacus leptodactylus (pooled),Pontastacus_leptodactylus_pooled,consensus,upstream_only,10,4,22945,0.982044,0.170196,0.182613,-0.007985,0.014322,0.006232,22945,112,0.982044,0.982044,0.159792,0.159792,0.0,0.032044,0.032044,1.0
uncalibrated,Pontastacus leptodactylus (pooled),Pontastacus_leptodactylus_pooled,consensus,upstream_only,20,4,22945,0.579778,0.186051,0.200239,-0.014059,0.022578,0.027588,22945,112,0.579778,0.971933,0.176685,0.185222,0.004268,0.370222,0.021933,1.048317
platt,Pontastacus leptodactylus (pooled),Pontastacus_leptodactylus_pooled,consensus,upstream_only,20,4,22945,0.576117,0.169273,0.181167,-0.012276,0.020558,0.021312,22945,112,0.576117,0.966267,0.160773,0.162131,0.000679,0.373883,0.016267,1.008452
uncalibrated,Pontastacus leptodactylus (pooled),Pontastacus_leptodactylus_pooled,consensus,combined,3,4,22945,0.988233,0.296953,0.312113,-0.001897,0.013605,0.001874,22945,112,0.988233,0.988233,0.299639,0.299639,0.0,0.038233,0.038233,1.0
platt,Pontastacus leptodactylus (pooled),Pontastacus_leptodactylus_pooled,consensus,combined,3,4,22945,0.990107,0.279728,0.286176,-0.001802,0.012322,0.001002,22945,112,0.990107,0.990107,0.281218,0.281218,0.0,0.040107,0.040107,1.0
uncalibrated,Pontastacus leptodactylus (pooled),Pontastacus_leptodactylus_pooled,consensus,combined,10,4,22945,0.963086,0.286375,0.302825,-0.007213,0.023601,0.014208,22945,112,0.963086,0.963086,0.289656,0.289656,0.0,0.013086,0.013086,1.0
platt,Pontastacus leptodactylus (pooled),Pontastacus_leptodactylus_pooled,consensus,combined,10,4,22945,0.960514,0.268042,0.275636,-0.00744,0.021921,0.008891,22945,112,0.960514,0.960514,0.26871,0.26871,0.0,0.010514,0.010514,1.0
uncalibrated,Pontastacus leptodactylus (pooled),Pontastacus_leptodactylus_pooled,consensus,combined,20,4,22945,0.917324,0.277811,0.296777,-0.012608,0.035351,0.059229,22945,112,0.917324,0.944476,0.283234,0.323834,0.022535,0.032676,0.005524,1.143345
platt,Pontastacus leptodactylus (pooled),Pontastacus_leptodactylus_pooled,consensus,combined,20,4,22945,0.91436,0.258004,0.269017,-0.012444,0.032825,0.045021,22945,112,0.91436,0.944258,0.260389,0.298842,0.020982,0.03564,0.005742,1.147674
uncalibrated,Austropotamobius torrentium (pooled),Austropotamobius_torrentium_pooled,consensus,local_only,3,4,11872,0.983996,0.339562,0.358925,-0.010402,0.018246,0.009265,11872,29,0.983996,0.983996,0.342812,0.342812,0.0,0.033996,0.033996,1.0
platt,Austropotamobius torrentium (pooled),Austropotamobius_torrentium_pooled,consensus,local_only,3,4,11872,0.984333,0.336006,0.338385,-0.010483,0.01757,0.005391,11872,29,0.984333,0.984333,0.332511,0.332511,0.0,0.034333,0.034333,1.0
uncalibrated,Austropotamobius torrentium (pooled),Austropotamobius_torrentium_pooled,consensus,local_only,10,4,11872,0.922675,0.33286,0.353135,-0.022773,0.039111,0.080694,11872,29,0.922675,0.934552,0.337301,0.383974,0.030397,0.027325,0.015448,1.138372
platt,Austropotamobius torrentium (pooled),Austropotamobius_torrentium_pooled,consensus,local_only,10,4,11872,0.906503,0.31979,0.323578,-0.023177,0.037759,0.074545,11872,29,0.906503,0.938258,0.3167,0.374801,0.034235,0.043497,0.011742,1.183458
uncalibrated,Austropotamobius torrentium (pooled),Austropotamobius_torrentium_pooled,consensus,local_only,20,4,11872,0.850489,0.341248,0.35775,-0.037178,0.064648,0.187837,11872,29,0.850489,0.933204,0.345089,0.559229,0.117681,0.099511,0.016796,1.620536
platt,Austropotamobius torrentium (pooled),Austropotamobius_torrentium_pooled,consensus,local_only,20,4,11872,0.814606,0.319053,0.319028,-0.034823,0.058719,0.185057,11872,29,0.814606,0.936321,0.314318,0.505728,0.106432,0.135394,0.013679,1.608972
uncalibrated,Austropotamobius torrentium (pooled),Austropotamobius_torrentium_pooled,consensus,upstream_only,3,4,11872,0.994441,0.163971,0.279739,-0.007408,0.009904,0.004127,11872,29,0.994441,0.994441,0.188632,0.188632,0.0,0.044441,0.044441,1.0
platt,Austropotamobius torrentium (pooled),Austropotamobius_torrentium_pooled,consensus,upstream_only,3,4,11872,0.993093,0.167369,0.213773,-0.003685,0.008547,0.00219,11872,29,0.993093,0.993093,0.153899,0.153899,0.0,0.043093,0.043093,1.0
uncalibrated,Austropotamobius torrentium (pooled),Austropotamobius_torrentium_pooled,consensus,upstream_only,10,4,11872,0.975825,0.163964,0.267625,-0.021185,0.02364,0.03066,11872,29,0.975825,0.975825,0.180025,0.180025,0.0,0.025825,0.025825,1.0
platt,Austropotamobius torrentium (pooled),Austropotamobius_torrentium_pooled,consensus,upstream_only,10,4,11872,0.970856,0.156967,0.201385,-0.010975,0.016742,0.014488,11872,29,0.970856,0.970856,0.13746,0.13746,0.0,0.020856,0.020856,1.0
uncalibrated,Austropotamobius torrentium (pooled),Austropotamobius_torrentium_pooled,consensus,upstream_only,20,4,11872,0.520047,0.171884,0.25278,-0.049338,0.043081,0.051803,11872,29,0.520047,0.961675,0.166512,0.18143,0.007459,0.429953,0.011675,1.089591
platt,Austropotamobius torrentium (pooled),Austropotamobius_torrentium_pooled,consensus,upstream_only,20,4,11872,0.517352,0.154485,0.197551,-0.023616,0.026129,0.032261,11872,29,0.517352,0.962938,0.139857,0.164718,0.01243,0.432648,0.012938,1.177759
uncalibrated,Austropotamobius torrentium (pooled),Austropotamobius_torrentium_pooled,consensus,combined,3,4,11872,0.98408,0.333976,0.349014,-0.00671,0.014944,0.009097,11872,29,0.98408,0.98408,0.342572,0.342572,0.0,0.03408,0.03408,1.0
platt,Austropotamobius torrentium (pooled),Austropotamobius_torrentium_pooled,consensus,combined,3,4,11872,0.981553,0.334217,0.331318,-0.008162,0.016226,0.005728,11872,29,0.981553,0.981553,0.33183,0.33183,0.0,0.031553,0.031553,1.0
uncalibrated,Austropotamobius torrentium (pooled),Austropotamobius_torrentium_pooled,consensus,combined,10,4,11872,0.926213,0.321995,0.341932,-0.018094,0.035708,0.074124,11872,29,0.926213,0.938427,0.329915,0.376009,0.029048,0.023787,0.011573,1.139715
platt,Austropotamobius torrentium (pooled),Austropotamobius_torrentium_pooled,consensus,combined,10,4,11872,0.903555,0.317821,0.315091,-0.020054,0.035787,0.072271,11872,29,0.903555,0.935226,0.316252,0.377982,0.037962,0.046445,0.014774,1.195193
uncalibrated,Austropotamobius torrentium (pooled),Austropotamobius_torrentium_pooled,consensus,combined,20,4,11872,0.851836,0.326809,0.343231,-0.032221,0.059393,0.175118,11872,29,0.851836,0.934383,0.334981,0.535549,0.109788,0.098164,0.015617,1.598744
platt,Austropotamobius torrentium (pooled),Austropotamobius_torrentium_pooled,consensus,combined,20,4,11872,0.816122,0.311152,0.307192,-0.030327,0.055373,0.17874,11872,29,0.816122,0.934973,0.309511,0.506268,0.109508,0.133878,0.015027,1.6357
uncalibrated,Austropotamobius fulcisianus (pooled),Austropotamobius_fulcisianus_pooled,consensus,local_only,3,4,12681,0.995584,0.262276,0.318886,-0.004977,0.014375,0.01451,12681,55,0.995584,0.995584,0.285639,0.285639,0.0,0.045584,0.045584,1.0
platt,Austropotamobius fulcisianus (pooled),Austropotamobius_fulcisianus_pooled,consensus,local_only,3,4,12681,0.995899,0.363429,0.37231,-0.004334,0.011945,0.012223,12681,55,0.995899,0.995899,0.373742,0.373742,0.0,0.045899,0.045899,1.0
uncalibrated,Austropotamobius fulcisianus (pooled),Austropotamobius_fulcisianus_pooled,consensus,local_only,10,4,12681,0.987856,0.274013,0.329586,-0.019848,0.027077,0.019557,12681,55,0.987856,0.987856,0.301509,0.301509,0.0,0.037856,0.037856,1.0
platt,Austropotamobius fulcisianus (pooled),Austropotamobius_fulcisianus_pooled,consensus,local_only,10,4,12681,0.98754,0.371837,0.37886,-0.015274,0.021071,0.016324,12681,55,0.98754,0.98754,0.382152,0.382152,0.0,0.03754,0.03754,1.0
uncalibrated,Austropotamobius fulcisianus (pooled),Austropotamobius_fulcisianus_pooled,consensus,local_only,20,4,12681,0.970586,0.283431,0.332412,-0.023966,0.037082,0.053545,12681,55,0.970586,0.970586,0.308487,0.308487,0.0,0.020586,0.020586,1.0
platt,Austropotamobius fulcisianus (pooled),Austropotamobius_fulcisianus_pooled,consensus,local_only,20,4,12681,0.975239,0.375967,0.379939,-0.018712,0.027961,0.028389,12681,55,0.975239,0.975239,0.385552,0.385552,0.0,0.025239,0.025239,1.0
uncalibrated,Austropotamobius fulcisianus (pooled),Austropotamobius_fulcisianus_pooled,consensus,upstream_only,3,4,12681,0.997161,0.111439,0.200457,-0.000688,0.005867,0.002445,12681,55,0.997161,0.997161,0.138929,0.138929,0.0,0.047161,0.047161,1.0
platt,Austropotamobius fulcisianus (pooled),Austropotamobius_fulcisianus_pooled,consensus,upstream_only,3,4,12681,0.997555,0.216328,0.249164,-0.000658,0.004094,0.000315,12681,55,0.997555,0.997555,0.241084,0.241084,0.0,0.047555,0.047555,1.0
uncalibrated,Austropotamobius fulcisianus (pooled),Austropotamobius_fulcisianus_pooled,consensus,upstream_only,10,4,12681,0.984623,0.121686,0.199594,0.000415,0.011468,0.017901,12681,55,0.984623,0.984623,0.140803,0.140803,0.0,0.034623,0.034623,1.0
platt,Austropotamobius fulcisianus (pooled),Austropotamobius_fulcisianus_pooled,consensus,upstream_only,10,4,12681,0.987146,0.208925,0.245403,-0.00051,0.007373,0.007334,12681,55,0.987146,0.987146,0.22878,0.22878,0.0,0.037146,0.037146,1.0
uncalibrated,Austropotamobius fulcisianus (pooled),Austropotamobius_fulcisianus_pooled,consensus,upstream_only,20,4,12681,0.975791,0.125388,0.198771,0.00058,0.016494,0.030045,12681,55,0.975791,0.975791,0.138032,0.138032,0.0,0.025791,0.025791,1.0
platt,Austropotamobius fulcisianus (pooled),Austropotamobius_fulcisianus_pooled,consensus,upstream_only,20,4,12681,0.978156,0.199015,0.242391,-0.001175,0.010324,0.014746,12681,55,0.978156,0.978156,0.206665,0.206665,0.0,0.028156,0.028156,1.0
uncalibrated,Austropotamobius fulcisianus (pooled),Austropotamobius_fulcisianus_pooled,consensus,combined,3,4,12681,0.997477,0.202889,0.255021,-0.001871,0.008491,0.002287,12681,55,0.997477,0.997477,0.203812,0.203812,0.0,0.047477,0.047477,1.0
platt,Austropotamobius fulcisianus (pooled),Austropotamobius_fulcisianus_pooled,consensus,combined,3,4,12681,0.996294,0.23256,0.276349,-0.00187,0.007106,0.001577,12681,55,0.996294,0.996294,0.23873,0.23873,0.0,0.046294,0.046294,1.0
uncalibrated,Austropotamobius fulcisianus (pooled),Austropotamobius_fulcisianus_pooled,consensus,combined,10,4,12681,0.988723,0.221219,0.268241,-0.013385,0.023185,0.017743,12681,55,0.988723,0.988723,0.224761,0.224761,0.0,0.038723,0.038723,1.0
platt,Austropotamobius fulcisianus (pooled),Austropotamobius_fulcisianus_pooled,consensus,combined,10,4,12681,0.983519,0.25544,0.291062,-0.013106,0.021221,0.012775,12681,55,0.983519,0.983519,0.259926,0.259926,0.0,0.033519,0.033519,1.0
uncalibrated,Austropotamobius fulcisianus (pooled),Austropotamobius_fulcisianus_pooled,consensus,combined,20,4,12681,0.971769,0.223959,0.269331,-0.015533,0.031928,0.04834,12681,55,0.971769,0.971769,0.226907,0.226907,0.0,0.021769,0.021769,1.0
platt,Austropotamobius fulcisianus (pooled),Austropotamobius_fulcisianus_pooled,consensus,combined,20,4,12681,0.968457,0.262438,0.294079,-0.015515,0.029545,0.036511,12681,55,0.968457,0.968457,0.264984,0.264984,0.0,0.018457,0.018457,1.0
