entity_dir,track,level,coverage_uncorrected,n_presences,clean_cv_auc
Astacus_astacus,combined,3,0.965,2058,0.827
Austropotamobius_fulcisianus_pooled,combined,3,0.996,744,0.846
Austropotamobius_torrentium_pooled,combined,3,0.982,1032,0.868
Faxonius_limosus_alien,combined,3,0.976,3811,0.794
Pacifastacus_leniusculus_alien,combined,3,0.977,4171,0.882
Pontastacus_leptodactylus_pooled,combined,3,0.99,1496,0.808
Procambarus_clarkii_alien,combined,3,0.995,7711,0.894
Procambarus_clarkii_native,combined,3,0.999,1915,0.809
Astacus_astacus,local_only,3,0.969,2058,0.824
Austropotamobius_fulcisianus_pooled,local_only,3,0.996,744,0.821
Austropotamobius_torrentium_pooled,local_only,3,0.984,1032,0.855
Faxonius_limosus_alien,local_only,3,0.97,3811,0.796
Pacifastacus_leniusculus_alien,local_only,3,0.968,4171,0.881
Pontastacus_leptodactylus_pooled,local_only,3,0.992,1496,0.8
Procambarus_clarkii_alien,local_only,3,0.993,7711,0.899
Procambarus_clarkii_native,local_only,3,0.998,1915,0.809
Astacus_astacus,upstream_only,3,0.997,2058,0.757
Austropotamobius_fulcisianus_pooled,upstream_only,3,0.998,744,0.71
Austropotamobius_torrentium_pooled,upstream_only,3,0.993,1032,0.739
Faxonius_limosus_alien,upstream_only,3,0.983,3811,0.735
Pacifastacus_leniusculus_alien,upstream_only,3,0.995,4171,0.818
Pontastacus_leptodactylus_pooled,upstream_only,3,0.994,1496,0.736
Procambarus_clarkii_alien,upstream_only,3,0.997,7711,0.816
Procambarus_clarkii_native,upstream_only,3,1.0,1915,0.783
Austropotamobius_fulcisianus_pooled,combined,10,0.984,744,0.846
Pontastacus_leptodactylus_pooled,combined,10,0.961,1496,0.808
Procambarus_clarkii_alien,combined,10,0.983,7711,0.894
Procambarus_clarkii_native,combined,10,0.996,1915,0.809
Austropotamobius_fulcisianus_pooled,local_only,10,0.988,744,0.821
Pontastacus_leptodactylus_pooled,local_only,10,0.963,1496,0.8
Procambarus_clarkii_alien,local_only,10,0.976,7711,0.899
Procambarus_clarkii_native,local_only,10,0.994,1915,0.809
Austropotamobius_fulcisianus_pooled,upstream_only,10,0.987,744,0.71
Austropotamobius_torrentium_pooled,upstream_only,10,0.971,1032,0.739
Faxonius_limosus_alien,upstream_only,10,0.969,3811,0.735
Pacifastacus_leniusculus_alien,upstream_only,10,0.978,4171,0.818
Pontastacus_leptodactylus_pooled,upstream_only,10,0.982,1496,0.736
Procambarus_clarkii_alien,upstream_only,10,0.992,7711,0.816
Procambarus_clarkii_native,upstream_only,10,0.998,1915,0.783
Austropotamobius_fulcisianus_pooled,combined,20,0.968,744,0.846
Procambarus_clarkii_native,combined,20,0.99,1915,0.809
Austropotamobius_fulcisianus_pooled,local_only,20,0.975,744,0.821
Procambarus_clarkii_native,local_only,20,0.988,1915,0.809
Austropotamobius_fulcisianus_pooled,upstream_only,20,0.978,744,0.71
Procambarus_clarkii_alien,upstream_only,20,0.985,7711,0.816
Procambarus_clarkii_native,upstream_only,20,0.997,1915,0.783
