method,entity_dir,track,level,rho_signed,rho_abs
uncalibrated,Procambarus_clarkii_alien,local_only,3,,
uncalibrated,Procambarus_clarkii_alien,local_only,10,,
uncalibrated,Procambarus_clarkii_alien,local_only,20,-0.2301,-0.5372
uncalibrated,Procambarus_clarkii_alien,upstream_only,3,,
uncalibrated,Procambarus_clarkii_alien,upstream_only,10,,
uncalibrated,Procambarus_clarkii_alien,upstream_only,20,,
uncalibrated,Procambarus_clarkii_alien,combined,3,,
uncalibrated,Procambarus_clarkii_alien,combined,10,,
uncalibrated,Procambarus_clarkii_alien,combined,20,-0.022,-0.1977
uncalibrated,Pacifastacus_leniusculus_alien,local_only,3,,
uncalibrated,Pacifastacus_leniusculus_alien,local_only,10,-0.1105,-0.315
uncalibrated,Pacifastacus_leniusculus_alien,local_only,20,0.0505,-0.1675
uncalibrated,Pacifastacus_leniusculus_alien,upstream_only,3,,
uncalibrated,Pacifastacus_leniusculus_alien,upstream_only,10,0.4969,0.3381
uncalibrated,Pacifastacus_leniusculus_alien,upstream_only,20,0.5214,0.3844
uncalibrated,Pacifastacus_leniusculus_alien,combined,3,-0.2126,-0.6034
uncalibrated,Pacifastacus_leniusculus_alien,combined,10,-0.3006,-0.533
uncalibrated,Pacifastacus_leniusculus_alien,combined,20,-0.2148,-0.4453
uncalibrated,Faxonius_limosus_alien,local_only,3,,
uncalibrated,Faxonius_limosus_alien,local_only,10,-0.0561,0.0195
uncalibrated,Faxonius_limosus_alien,local_only,20,0.0269,0.1178
uncalibrated,Faxonius_limosus_alien,upstream_only,3,,
uncalibrated,Faxonius_limosus_alien,upstream_only,10,0.5592,0.3122
uncalibrated,Faxonius_limosus_alien,upstream_only,20,0.5611,0.3773
uncalibrated,Faxonius_limosus_alien,combined,3,,
uncalibrated,Faxonius_limosus_alien,combined,10,0.0131,0.0361
uncalibrated,Faxonius_limosus_alien,combined,20,0.1003,0.142
uncalibrated,Astacus_astacus,local_only,3,,
uncalibrated,Astacus_astacus,local_only,10,-0.1012,-0.1247
uncalibrated,Astacus_astacus,local_only,20,0.1771,0.1449
uncalibrated,Astacus_astacus,upstream_only,3,,
uncalibrated,Astacus_astacus,upstream_only,10,0.4589,0.3042
uncalibrated,Astacus_astacus,upstream_only,20,0.4751,0.3575
uncalibrated,Astacus_astacus,combined,3,,
uncalibrated,Astacus_astacus,combined,10,-0.0673,-0.0966
uncalibrated,Astacus_astacus,combined,20,0.1634,0.1183
uncalibrated,Procambarus_clarkii_native,local_only,3,,
uncalibrated,Procambarus_clarkii_native,local_only,10,,
uncalibrated,Procambarus_clarkii_native,local_only,20,,
uncalibrated,Procambarus_clarkii_native,upstream_only,3,,
uncalibrated,Procambarus_clarkii_native,upstream_only,10,,
uncalibrated,Procambarus_clarkii_native,upstream_only,20,,
uncalibrated,Procambarus_clarkii_native,combined,3,,
uncalibrated,Procambarus_clarkii_native,combined,10,,
uncalibrated,Procambarus_clarkii_native,combined,20,,
uncalibrated,Pontastacus_leptodactylus_pooled,local_only,3,,
uncalibrated,Pontastacus_leptodactylus_pooled,local_only,10,,
uncalibrated,Pontastacus_leptodactylus_pooled,local_only,20,-0.0905,-0.0668
uncalibrated,Pontastacus_leptodactylus_pooled,upstream_only,3,,
uncalibrated,Pontastacus_leptodactylus_pooled,upstream_only,10,,
uncalibrated,Pontastacus_leptodactylus_pooled,upstream_only,20,0.3117,-0.0031
uncalibrated,Pontastacus_leptodactylus_pooled,combined,3,,
uncalibrated,Pontastacus_leptodactylus_pooled,combined,10,,
uncalibrated,Pontastacus_leptodactylus_pooled,combined,20,-0.0482,-0.0171
uncalibrated,Austropotamobius_torrentium_pooled,local_only,3,,
uncalibrated,Austropotamobius_torrentium_pooled,local_only,10,-0.0667,-0.1333
uncalibrated,Austropotamobius_torrentium_pooled,local_only,20,0.191,0.1573
uncalibrated,Austropotamobius_torrentium_pooled,upstream_only,3,,
uncalibrated,Austropotamobius_torrentium_pooled,upstream_only,10,,
uncalibrated,Austropotamobius_torrentium_pooled,upstream_only,20,0.5548,0.4848
uncalibrated,Austropotamobius_torrentium_pooled,combined,3,,
uncalibrated,Austropotamobius_torrentium_pooled,combined,10,-0.0053,-0.0569
uncalibrated,Austropotamobius_torrentium_pooled,combined,20,0.1679,0.1833
uncalibrated,Austropotamobius_fulcisianus_pooled,local_only,3,,
uncalibrated,Austropotamobius_fulcisianus_pooled,local_only,10,,
uncalibrated,Austropotamobius_fulcisianus_pooled,local_only,20,,
uncalibrated,Austropotamobius_fulcisianus_pooled,upstream_only,3,,
uncalibrated,Austropotamobius_fulcisianus_pooled,upstream_only,10,,
uncalibrated,Austropotamobius_fulcisianus_pooled,upstream_only,20,,
uncalibrated,Austropotamobius_fulcisianus_pooled,combined,3,,
uncalibrated,Austropotamobius_fulcisianus_pooled,combined,10,,
uncalibrated,Austropotamobius_fulcisianus_pooled,combined,20,,
platt,Procambarus_clarkii_alien,local_only,3,,
platt,Procambarus_clarkii_alien,local_only,10,,
platt,Procambarus_clarkii_alien,local_only,20,-0.215,-0.5388
platt,Procambarus_clarkii_alien,upstream_only,3,,
platt,Procambarus_clarkii_alien,upstream_only,10,,
platt,Procambarus_clarkii_alien,upstream_only,20,,
platt,Procambarus_clarkii_alien,combined,3,,
platt,Procambarus_clarkii_alien,combined,10,,
platt,Procambarus_clarkii_alien,combined,20,-0.0123,-0.1869
platt,Pacifastacus_leniusculus_alien,local_only,3,,
platt,Pacifastacus_leniusculus_alien,local_only,10,-0.0557,-0.1638
platt,Pacifastacus_leniusculus_alien,local_only,20,0.0432,-0.0481
platt,Pacifastacus_leniusculus_alien,upstream_only,3,,
platt,Pacifastacus_leniusculus_alien,upstream_only,10,,
platt,Pacifastacus_leniusculus_alien,upstream_only,20,0.5765,0.5387
platt,Pacifastacus_leniusculus_alien,combined,3,,
platt,Pacifastacus_leniusculus_alien,combined,10,-0.2564,-0.3662
platt,Pacifastacus_leniusculus_alien,combined,20,-0.1648,-0.1779
platt,Faxonius_limosus_alien,local_only,3,,
platt,Faxonius_limosus_alien,local_only,10,-0.077,0.0494
platt,Faxonius_limosus_alien,local_only,20,-0.0069,0.1552
platt,Faxonius_limosus_alien,upstream_only,3,,
platt,Faxonius_limosus_alien,upstream_only,10,,
platt,Faxonius_limosus_alien,upstream_only,20,0.5475,0.4001
platt,Faxonius_limosus_alien,combined,3,,
platt,Faxonius_limosus_alien,combined,10,-0.1149,0.0686
platt,Faxonius_limosus_alien,combined,20,-0.0363,0.2174
platt,Astacus_astacus,local_only,3,,
platt,Astacus_astacus,local_only,10,-0.2015,-0.1933
platt,Astacus_astacus,local_only,20,0.1281,0.1462
platt,Astacus_astacus,upstream_only,3,,
platt,Astacus_astacus,upstream_only,10,0.3516,0.2524
platt,Astacus_astacus,upstream_only,20,0.293,0.2288
platt,Astacus_astacus,combined,3,,
platt,Astacus_astacus,combined,10,-0.181,-0.1728
platt,Astacus_astacus,combined,20,0.1025,0.1102
platt,Procambarus_clarkii_native,local_only,3,,
platt,Procambarus_clarkii_native,local_only,10,,
platt,Procambarus_clarkii_native,local_only,20,,
platt,Procambarus_clarkii_native,upstream_only,3,,
platt,Procambarus_clarkii_native,upstream_only,10,,
platt,Procambarus_clarkii_native,upstream_only,20,,
platt,Procambarus_clarkii_native,combined,3,,
platt,Procambarus_clarkii_native,combined,10,,
platt,Procambarus_clarkii_native,combined,20,,
platt,Pontastacus_leptodactylus_pooled,local_only,3,,
platt,Pontastacus_leptodactylus_pooled,local_only,10,,
platt,Pontastacus_leptodactylus_pooled,local_only,20,-0.048,0.0284
platt,Pontastacus_leptodactylus_pooled,upstream_only,3,,
platt,Pontastacus_leptodactylus_pooled,upstream_only,10,,
platt,Pontastacus_leptodactylus_pooled,upstream_only,20,0.3045,-0.0139
platt,Pontastacus_leptodactylus_pooled,combined,3,,
platt,Pontastacus_leptodactylus_pooled,combined,10,,
platt,Pontastacus_leptodactylus_pooled,combined,20,-0.0347,0.0415
platt,Austropotamobius_torrentium_pooled,local_only,3,,
platt,Austropotamobius_torrentium_pooled,local_only,10,0.2103,0.228
platt,Austropotamobius_torrentium_pooled,local_only,20,0.325,0.3797
platt,Austropotamobius_torrentium_pooled,upstream_only,3,,
platt,Austropotamobius_torrentium_pooled,upstream_only,10,,
platt,Austropotamobius_torrentium_pooled,upstream_only,20,0.5008,0.4864
platt,Austropotamobius_torrentium_pooled,combined,3,,
platt,Austropotamobius_torrentium_pooled,combined,10,0.2152,0.2234
platt,Austropotamobius_torrentium_pooled,combined,20,0.3002,0.3864
platt,Austropotamobius_fulcisianus_pooled,local_only,3,,
platt,Austropotamobius_fulcisianus_pooled,local_only,10,,
platt,Austropotamobius_fulcisianus_pooled,local_only,20,,
platt,Austropotamobius_fulcisianus_pooled,upstream_only,3,,
platt,Austropotamobius_fulcisianus_pooled,upstream_only,10,,
platt,Austropotamobius_fulcisianus_pooled,upstream_only,20,,
platt,Austropotamobius_fulcisianus_pooled,combined,3,,
platt,Austropotamobius_fulcisianus_pooled,combined,10,,
platt,Austropotamobius_fulcisianus_pooled,combined,20,,
