entity_dir,track,member_file,first_order_share,modal_value_share,n_distinct
Astacus_astacus,upstream_only,rep_00,0.4238,0.4238,8367
Astacus_astacus,upstream_only,rep_01,0.4238,0.4238,8195
Astacus_astacus,upstream_only,rep_02,0.4238,0.4238,1739
Astacus_astacus,upstream_only,rep_03,0.4238,0.4238,8152
Astacus_astacus,local_only,rep_00,0.4238,0.0005,14526
Astacus_astacus,local_only,rep_01,0.4238,0.0104,14410
Astacus_astacus,local_only,rep_02,0.4238,0.0151,494
Astacus_astacus,local_only,rep_03,0.4238,0.0001,14553
Austropotamobius_fulcisianus_pooled,upstream_only,rep_00,0.4337,0.4337,7169
Austropotamobius_fulcisianus_pooled,upstream_only,rep_01,0.4337,0.4337,7151
Austropotamobius_fulcisianus_pooled,upstream_only,rep_02,0.4337,0.4337,2692
Austropotamobius_fulcisianus_pooled,upstream_only,rep_03,0.4337,0.4337,6876
Austropotamobius_fulcisianus_pooled,local_only,rep_00,0.4337,0.0008,12653
Austropotamobius_fulcisianus_pooled,local_only,rep_01,0.4337,0.0085,12553
Austropotamobius_fulcisianus_pooled,local_only,rep_02,0.4337,0.0309,494
Austropotamobius_fulcisianus_pooled,local_only,rep_03,0.4337,0.0002,12676
Austropotamobius_torrentium_pooled,upstream_only,rep_00,0.4381,0.4381,6642
Austropotamobius_torrentium_pooled,upstream_only,rep_01,0.4381,0.4381,6611
Austropotamobius_torrentium_pooled,upstream_only,rep_02,0.4381,0.4381,2057
Austropotamobius_torrentium_pooled,upstream_only,rep_03,0.4381,0.4381,6442
Austropotamobius_torrentium_pooled,local_only,rep_00,0.4381,0.0008,11842
Austropotamobius_torrentium_pooled,local_only,rep_01,0.4381,0.002,11817
Austropotamobius_torrentium_pooled,local_only,rep_02,0.4381,0.0179,487
Austropotamobius_torrentium_pooled,local_only,rep_03,0.4381,0.0002,11864
Faxonius_limosus_alien,upstream_only,rep_00,0.422,0.4221,11590
Faxonius_limosus_alien,upstream_only,rep_01,0.422,0.4221,11322
Faxonius_limosus_alien,upstream_only,rep_02,0.422,0.4221,1539
Faxonius_limosus_alien,upstream_only,rep_03,0.422,0.4221,11481
Faxonius_limosus_alien,local_only,rep_00,0.422,0.0001,20038
Faxonius_limosus_alien,local_only,rep_01,0.422,0.0003,20032
Faxonius_limosus_alien,local_only,rep_02,0.422,0.0068,489
Faxonius_limosus_alien,local_only,rep_03,0.422,0.0001,20046
Pacifastacus_leniusculus_alien,upstream_only,rep_00,0.3496,0.3496,24349
Pacifastacus_leniusculus_alien,upstream_only,rep_01,0.3496,0.3496,24321
Pacifastacus_leniusculus_alien,upstream_only,rep_02,0.3496,0.3496,2222
Pacifastacus_leniusculus_alien,upstream_only,rep_03,0.3496,0.3496,23845
Pacifastacus_leniusculus_alien,local_only,rep_00,0.3496,0.0,37449
Pacifastacus_leniusculus_alien,local_only,rep_01,0.3496,0.0026,37348
Pacifastacus_leniusculus_alien,local_only,rep_02,0.3496,0.0695,501
Pacifastacus_leniusculus_alien,local_only,rep_03,0.3496,0.0001,37416
Pontastacus_leptodactylus_pooled,upstream_only,rep_00,0.3894,0.3895,14010
Pontastacus_leptodactylus_pooled,upstream_only,rep_01,0.3894,0.3895,14002
Pontastacus_leptodactylus_pooled,upstream_only,rep_02,0.3894,0.3895,4035
Pontastacus_leptodactylus_pooled,upstream_only,rep_03,0.3894,0.3895,13766
Pontastacus_leptodactylus_pooled,local_only,rep_00,0.3894,0.0,22945
Pontastacus_leptodactylus_pooled,local_only,rep_01,0.3894,0.0019,22902
Pontastacus_leptodactylus_pooled,local_only,rep_02,0.3894,0.0066,485
Pontastacus_leptodactylus_pooled,local_only,rep_03,0.3894,0.0001,22936
Procambarus_clarkii_alien,upstream_only,rep_00,0.3478,0.3478,31479
Procambarus_clarkii_alien,upstream_only,rep_01,0.3478,0.3478,31477
Procambarus_clarkii_alien,upstream_only,rep_02,0.3478,0.3478,1383
Procambarus_clarkii_alien,upstream_only,rep_03,0.3478,0.3478,30774
Procambarus_clarkii_alien,local_only,rep_00,0.3478,0.0001,48213
Procambarus_clarkii_alien,local_only,rep_01,0.3478,0.0001,48213
Procambarus_clarkii_alien,local_only,rep_02,0.3478,0.029,500
Procambarus_clarkii_alien,local_only,rep_03,0.3478,0.0,48183
Procambarus_clarkii_native,upstream_only,rep_00,0.2951,0.2951,13619
Procambarus_clarkii_native,upstream_only,rep_01,0.2951,0.2951,13618
Procambarus_clarkii_native,upstream_only,rep_02,0.2951,0.2951,1166
Procambarus_clarkii_native,upstream_only,rep_03,0.2951,0.2951,13264
Procambarus_clarkii_native,local_only,rep_00,0.2951,0.0002,19158
Procambarus_clarkii_native,local_only,rep_01,0.2951,0.0008,19144
Procambarus_clarkii_native,local_only,rep_02,0.2951,0.1038,494
Procambarus_clarkii_native,local_only,rep_03,0.2951,0.0001,19308
