level,band_index,band,n_subc,n_reps,sub_mean,sub_lo,sub_hi,local_mean,local_lo,local_hi,null_mean,null_lo,null_hi,excess_mean,excess_lo,excess_hi
3,0,"[0.0, 0.1)",20383,30,0.01616,0.01401,0.01864,0.01619,0.01442,0.01859,0.00573,0.00499,0.00663,0.01046,0.00851,0.0128
3,1,"[0.1, 0.3)",8587,30,0.05113,0.04387,0.05705,0.05107,0.04404,0.05676,0.02118,0.01444,0.02629,0.02989,0.02686,0.03354
3,2,"[0.3, 0.5)",3975,30,-0.00136,-0.00916,0.00606,-0.00133,-0.00858,0.00646,-0.01885,-0.0263,-0.01055,0.01752,0.01539,0.0196
3,3,"[0.5, 0.7)",2663,30,-0.04742,-0.05802,-0.03787,-0.04728,-0.0576,-0.03711,-0.05641,-0.06732,-0.04562,0.00913,0.00681,0.01145
3,4,"[0.7, 1.0)",1841,30,-0.07891,-0.09144,-0.06615,-0.07878,-0.09103,-0.06604,-0.08124,-0.0941,-0.06891,0.00246,0.0008,0.00402
10,0,"[0.0, 0.1)",20383,30,0.03142,0.0283,0.0335,0.03139,0.02827,0.03359,0.00504,0.00401,0.00595,0.02635,0.02312,0.02847
10,1,"[0.1, 0.3)",8587,30,0.08812,0.08403,0.09468,0.08811,0.08377,0.09456,0.01563,0.013,0.01957,0.07248,0.07001,0.07554
10,2,"[0.3, 0.5)",3975,30,0.01749,0.01088,0.02854,0.01726,0.01139,0.0277,-0.02678,-0.03298,-0.01898,0.04404,0.03911,0.04827
10,3,"[0.5, 0.7)",2663,30,-0.04355,-0.05119,-0.03292,-0.04346,-0.05127,-0.03275,-0.06677,-0.0759,-0.05853,0.02331,0.02067,0.02655
10,4,"[0.7, 1.0)",1841,30,-0.08137,-0.09291,-0.06274,-0.08126,-0.09241,-0.0628,-0.08745,-0.09856,-0.069,0.00619,0.00456,0.00763
20,0,"[0.0, 0.1)",20383,30,0.04436,0.04286,0.0457,0.04441,0.04286,0.0458,0.00396,0.00307,0.00512,0.04046,0.03928,0.04251
20,1,"[0.1, 0.3)",8587,30,0.11687,0.11116,0.12391,0.11696,0.11099,0.12397,0.00761,0.00269,0.01328,0.10935,0.10619,0.11263
20,2,"[0.3, 0.5)",3975,30,0.02809,0.02029,0.03785,0.02802,0.02009,0.03755,-0.04047,-0.04792,-0.03137,0.06848,0.0656,0.07168
20,3,"[0.5, 0.7)",2663,30,-0.04297,-0.0516,-0.02676,-0.04289,-0.05211,-0.02624,-0.0815,-0.08969,-0.06649,0.03861,0.03433,0.04304
20,4,"[0.7, 1.0)",1841,30,-0.089,-0.10031,-0.07433,-0.08907,-0.10047,-0.07452,-0.09802,-0.1086,-0.08348,0.00895,0.00649,0.01144
