tau,level,submitted_false_suitable,submitted_false_unsuitable,submitted_net,local_false_suitable,local_false_unsuitable,local_net,null_false_suitable,null_false_unsuitable,null_net,excess_net,excess_net_pct
0.4,3,1140,629,511,1144,628,516,854,817,37,479,1.279
0.4,10,2523,649,1874,2513,658,1855,792,960,-168,2023,5.402
0.4,20,3729,787,2942,3740,798,2942,692,1202,-510,3452,9.218
0.5,3,675,743,-68,682,748,-66,561,869,-308,242,0.646
0.5,10,1584,782,802,1590,781,809,512,1040,-528,1337,3.57
0.5,20,2579,854,1725,2576,853,1723,442,1253,-811,2534,6.767
0.6,3,380,744,-364,383,742,-359,346,806,-460,101,0.27
0.6,10,797,734,63,798,735,63,294,867,-573,636,1.698
0.6,20,1668,848,820,1668,848,820,270,1031,-761,1581,4.222
